path,night,target,time_ut,mjd_header,exptime_s,filter,altitude_deg,weather,sky_median,max_pixel,n_saturated,mjd,minutes_since_previous,official_name,flag_low_altitude,flag_poor_weather,flag_saturated,flag_bright_sky
observations/2026-08-09/CoRoT-2/session_01/CoRoT-2260809051853.fits,2026-08-09,CoRoT-2,2026-08-09T05:18:53.898,61261.221,60.0,Clear,59.306,100,410.0,4095,1,61261.22145715278,,CoRoT-2,False,False,True,False
observations/2026-08-09/CoRoT-2/session_01/CoRoT-2260809052256.fits,2026-08-09,CoRoT-2,2026-08-09T05:22:56.649,61261.224,60.0,Clear,59.451,100,412.0,4095,2,61261.224266770834,4.04584999778308,CoRoT-2,False,False,True,False
observations/2026-08-09/CoRoT-2/session_01/CoRoT-2260809052658.fits,2026-08-09,CoRoT-2,2026-08-09T05:26:58.583,61261.227,60.0,Clear,59.571,100,413.0,3810,0,61261.22706693287,4.03223333414644,CoRoT-2,False,False,False,False
observations/2026-08-09/CoRoT-2/session_01/CoRoT-2260809052844.fits,2026-08-09,CoRoT-2,2026-08-09T05:28:44.793,61261.228,60.0,Clear,59.617,100,412.0,3281,0,61261.228296215275,1.7701666604261845,CoRoT-2,False,False,False,False
observations/2026-08-09/CoRoT-2/session_01/CoRoT-2260809053031.fits,2026-08-09,CoRoT-2,2026-08-09T05:30:31.115,61261.23,60.0,Clear,59.655,100,412.0,4095,1,61261.229526793984,1.7720333416946232,CoRoT-2,False,False,True,False
observations/2026-08-09/CoRoT-2/session_01/CoRoT-2260809053315.fits,2026-08-09,CoRoT-2,2026-08-09T05:33:15.944,61261.231,60.0,Clear,59.701,100,412.0,3803,0,61261.23143453704,2.7471499994862825,CoRoT-2,False,False,False,False
observations/2026-08-09/CoRoT-2/session_01/CoRoT-2260809053616.fits,2026-08-09,CoRoT-2,2026-08-09T05:36:16.472,61261.234,60.0,Clear,59.736,100,413.0,4095,1,61261.23352398148,3.0087999918032438,CoRoT-2,False,False,True,False
observations/2026-08-09/CoRoT-2/session_01/CoRoT-2260809053915.fits,2026-08-09,CoRoT-2,2026-08-09T05:39:15.174,61261.236,60.0,Clear,59.754,100,412.0,4095,3,61261.23559229167,2.978366673924029,CoRoT-2,False,False,True,False
observations/2026-08-09/CoRoT-2/session_01/CoRoT-2260809054215.fits,2026-08-09,CoRoT-2,2026-08-09T05:42:15.728,61261.238,60.0,Clear,59.756,100,414.0,3980,0,61261.237682037034,3.0092333257198334,CoRoT-2,False,False,False,False
observations/2026-08-09/CoRoT-2/session_01/CoRoT-2260809054516.fits,2026-08-09,CoRoT-2,2026-08-09T05:45:16.056,61261.24,60.0,Clear,59.741,100,414.0,3358,0,61261.23976916667,3.005466676549986,CoRoT-2,False,False,False,False
observations/2026-08-09/CoRoT-2/session_01/CoRoT-2260809054815.fits,2026-08-09,CoRoT-2,2026-08-09T05:48:15.794,61261.242,60.0,Clear,59.709,100,412.0,4095,1,61261.241849467595,2.995633331593126,CoRoT-2,False,False,True,False
observations/2026-08-09/CoRoT-2/session_01/CoRoT-2260809055115.fits,2026-08-09,CoRoT-2,2026-08-09T05:51:15.404,61261.244,60.0,Clear,59.66,100,412.0,4060,0,61261.24392828704,2.9935000010300428,CoRoT-2,False,False,False,False
observations/2026-08-09/CoRoT-2/session_01/CoRoT-2260809055417.fits,2026-08-09,CoRoT-2,2026-08-09T05:54:17.035,61261.246,60.0,Clear,59.595,100,411.0,3963,0,61261.246030497685,3.0271833285223693,CoRoT-2,False,False,False,False
observations/2026-08-09/CoRoT-2/session_01/CoRoT-2260809055716.fits,2026-08-09,CoRoT-2,2026-08-09T05:57:16.611,61261.248,60.0,Clear,59.514,100,417.0,3284,0,61261.24810892361,2.992933331988752,CoRoT-2,False,False,False,False
observations/2026-08-09/CoRoT-2/session_01/CoRoT-2260809060015.fits,2026-08-09,CoRoT-2,2026-08-09T06:00:15.288,61261.25,60.0,Clear,59.417,100,411.0,3549,0,61261.25017694444,2.9779499990399927,CoRoT-2,False,False,False,False
observations/2026-08-09/CoRoT-2/session_01/CoRoT-2260809060316.fits,2026-08-09,CoRoT-2,2026-08-09T06:03:16.965,61261.252,60.0,Clear,59.302,100,411.0,4095,2,61261.2522796875,3.027950000250712,CoRoT-2,False,False,True,False
observations/2026-08-09/CoRoT-2/session_01/CoRoT-2260809060615.fits,2026-08-09,CoRoT-2,2026-08-09T06:06:15.478,61261.254,60.0,Clear,59.173,100,412.0,3819,0,61261.254345810186,2.9752166708931327,CoRoT-2,False,False,False,False
observations/2026-08-09/CoRoT-2/session_01/CoRoT-2260809060916.fits,2026-08-09,CoRoT-2,2026-08-09T06:09:16.052,61261.256,60.0,Clear,59.028,100,412.0,4095,2,61261.256435787036,3.0095666635315865,CoRoT-2,False,False,True,False
observations/2026-08-09/CoRoT-2/session_01/CoRoT-2260809061215.fits,2026-08-09,CoRoT-2,2026-08-09T06:12:15.646,61261.259,60.0,Clear,58.867,100,413.0,4095,2,61261.25851442129,2.9932333307806402,CoRoT-2,False,False,True,False
observations/2026-08-09/CoRoT-2/session_01/CoRoT-2260809061515.fits,2026-08-09,CoRoT-2,2026-08-09T06:15:15.175,61261.261,60.0,Clear,58.692,100,413.0,4095,2,61261.26059230324,2.9921500012278557,CoRoT-2,False,False,True,False
observations/2026-08-09/CoRoT-2/session_01/CoRoT-2260809061815.fits,2026-08-09,CoRoT-2,2026-08-09T06:18:15.828,61261.263,60.0,Clear,58.5,100,412.0,4095,4,61261.26268319444,3.010883334791288,CoRoT-2,False,False,True,False
observations/2026-08-09/CoRoT-2/session_01/CoRoT-2260809062115.fits,2026-08-09,CoRoT-2,2026-08-09T06:21:15.416,61261.265,60.0,Clear,58.294,100,412.0,3813,0,61261.26476175926,2.993133334675804,CoRoT-2,False,False,False,False
observations/2026-08-09/CoRoT-2/session_01/CoRoT-2260809062415.fits,2026-08-09,CoRoT-2,2026-08-09T06:24:15.222,61261.267,60.0,Clear,58.073,100,412.0,3874,0,61261.266842847224,2.996766669675708,CoRoT-2,False,False,False,False
observations/2026-08-09/CoRoT-2/session_01/CoRoT-2260809062715.fits,2026-08-09,CoRoT-2,2026-08-09T06:27:15.847,61261.269,60.0,Clear,57.839,100,412.0,4095,1,61261.26893341435,3.0104166618548334,CoRoT-2,False,False,True,False
observations/2026-08-09/CoRoT-2/session_01/CoRoT-2260809063016.fits,2026-08-09,CoRoT-2,2026-08-09T06:30:16.413,61261.271,60.0,Clear,57.591,100,413.0,4095,1,61261.271023298614,3.0094333388842642,CoRoT-2,False,False,True,False
observations/2026-08-09/CoRoT-2/session_01/CoRoT-2260809063316.fits,2026-08-09,CoRoT-2,2026-08-09T06:33:16.067,61261.273,60.0,Clear,57.329,100,412.0,4093,0,61261.27310262732,2.9942333337385207,CoRoT-2,False,False,False,False
observations/2026-08-09/CoRoT-2/session_01/CoRoT-2260809063615.fits,2026-08-09,CoRoT-2,2026-08-09T06:36:15.647,61261.275,60.0,Clear,57.054,100,416.0,3281,0,61261.27518109954,2.9929999995511025,CoRoT-2,False,False,False,False
observations/2026-08-09/CoRoT-2/session_01/CoRoT-2260809063915.fits,2026-08-09,CoRoT-2,2026-08-09T06:39:15.309,61261.277,60.0,Clear,56.766,100,413.0,3284,0,61261.27726052083,2.994366658385843,CoRoT-2,False,False,False,False
observations/2026-08-09/CoRoT-2/session_01/CoRoT-2260809064216.fits,2026-08-09,CoRoT-2,2026-08-09T06:42:16.827,61261.279,60.0,Clear,56.464,100,412.0,4095,1,61261.279361423614,3.025300009176135,CoRoT-2,False,False,True,False
observations/2026-08-09/CoRoT-2/session_01/CoRoT-2260809064515.fits,2026-08-09,CoRoT-2,2026-08-09T06:45:15.449,61261.281,60.0,Clear,56.153,100,413.0,4095,1,61261.28142880787,2.9770333331543952,CoRoT-2,False,False,True,False
observations/2026-08-09/CoRoT-2/session_01/CoRoT-2260809064815.fits,2026-08-09,CoRoT-2,2026-08-09T06:48:15.947,61261.284,60.0,Clear,55.828,100,413.0,4009,0,61261.28351790509,3.0082999903243035,CoRoT-2,False,False,False,False
observations/2026-08-09/CoRoT-2/session_01/CoRoT-2260809065116.fits,2026-08-09,CoRoT-2,2026-08-09T06:51:16.668,61261.286,60.0,Clear,55.492,100,412.0,4095,3,61261.285609583334,3.0120166728738695,CoRoT-2,False,False,True,False
observations/2026-08-09/CoRoT-2/session_01/CoRoT-2260809065416.fits,2026-08-09,CoRoT-2,2026-08-09T06:54:16.435,61261.288,60.0,Clear,55.145,100,411.0,4095,4,61261.287690219906,2.996116663562134,CoRoT-2,False,False,True,False
observations/2026-08-09/CoRoT-2/session_01/CoRoT-2260809065716.fits,2026-08-09,CoRoT-2,2026-08-09T06:57:16.086,61261.29,60.0,Clear,54.787,100,413.0,3848,0,61261.28976951389,2.9941833356861025,CoRoT-2,False,False,False,False
observations/2026-08-09/CoRoT-2/session_01/CoRoT-2260809070015.fits,2026-08-09,CoRoT-2,2026-08-09T07:00:15.500,61261.292,60.0,Clear,54.419,100,410.0,4095,3,61261.291846064814,2.9902333323843777,CoRoT-2,False,False,True,False
observations/2026-08-09/CoRoT-2/session_01/CoRoT-2260809070315.fits,2026-08-09,CoRoT-2,2026-08-09T07:03:15.907,61261.294,60.0,Clear,54.04,100,409.0,4095,4,61261.2939341088,3.0067833373323083,CoRoT-2,False,False,True,False
observations/2026-08-09/CoRoT-2/session_01/CoRoT-2260809070616.fits,2026-08-09,CoRoT-2,2026-08-09T07:06:16.481,61261.296,60.0,Clear,53.652,100,409.0,4095,2,61261.29602408565,3.0095666635315865,CoRoT-2,False,False,True,False
observations/2026-08-09/CoRoT-2/session_01/CoRoT-2260809070916.fits,2026-08-09,CoRoT-2,2026-08-09T07:09:16.062,61261.298,60.0,Clear,53.252,100,409.0,4095,1,61261.298102569446,2.993016669061035,CoRoT-2,False,False,True,False
observations/2026-08-09/CoRoT-2/session_01/CoRoT-2260809071215.fits,2026-08-09,CoRoT-2,2026-08-09T07:12:15.723,61261.3,60.0,Clear,52.847,100,408.0,4095,4,61261.30018197917,2.9943499993532896,CoRoT-2,False,False,True,False
observations/2026-08-09/CoRoT-2/session_01/CoRoT-2260809071516.fits,2026-08-09,CoRoT-2,2026-08-09T07:15:16.340,61261.302,60.0,Clear,52.431,100,407.0,4095,4,61261.3022724537,3.010283326730132,CoRoT-2,False,False,True,False
observations/2026-08-09/CoRoT-2/session_01/CoRoT-2260809071816.fits,2026-08-09,CoRoT-2,2026-08-09T07:18:17.017,61261.304,60.0,Clear,52.004,100,406.0,3825,0,61261.30436362269,3.0112833401653916,CoRoT-2,False,False,False,False
observations/2026-08-09/CoRoT-2/session_01/CoRoT-2260809072115.fits,2026-08-09,CoRoT-2,2026-08-09T07:21:15.544,61261.306,60.0,Clear,51.573,100,406.0,4080,0,61261.30642990741,2.9754500021226704,CoRoT-2,False,False,False,False
observations/2026-08-09/CoRoT-2/session_01/CoRoT-2260809072417.fits,2026-08-09,CoRoT-2,2026-08-09T07:24:17.105,61261.309,60.0,Clear,51.129,100,405.0,4095,3,61261.30853130787,3.0260166618973017,CoRoT-2,False,False,True,False
observations/2026-08-09/CoRoT-2/session_01/CoRoT-2260809072715.fits,2026-08-09,CoRoT-2,2026-08-09T07:27:15.858,61261.311,60.0,Clear,50.683,100,406.0,4095,3,61261.31060020834,2.9792166722472757,CoRoT-2,False,False,True,False
observations/2026-08-09/CoRoT-2/session_01/CoRoT-2260809073016.fits,2026-08-09,CoRoT-2,2026-08-09T07:30:16.412,61261.313,60.0,Clear,50.227,100,406.0,4095,3,61261.3126899537,3.0092333257198334,CoRoT-2,False,False,True,False
observations/2026-08-09/CoRoT-2/session_01/CoRoT-2260809073316.fits,2026-08-09,CoRoT-2,2026-08-09T07:33:16.870,61261.315,60.0,Clear,49.763,100,406.0,4095,4,61261.31477858796,3.007633335655555,CoRoT-2,False,False,True,False
observations/2026-08-09/CoRoT-2/session_01/CoRoT-2260809073616.fits,2026-08-09,CoRoT-2,2026-08-09T07:36:16.378,61261.317,60.0,Clear,49.293,100,406.0,3841,0,61261.316856226855,2.991800004383549,CoRoT-2,False,False,False,False
observations/2026-08-09/CoRoT-2/session_01/CoRoT-2260809073916.fits,2026-08-09,CoRoT-2,2026-08-09T07:39:16.063,61261.319,60.0,Clear,48.815,100,406.0,4095,2,61261.31893591435,2.9947499942500144,CoRoT-2,False,False,True,False
observations/2026-08-09/CoRoT-2/session_01/CoRoT-2260809074215.fits,2026-08-09,CoRoT-2,2026-08-09T07:42:15.677,61261.321,60.0,Clear,48.332,100,405.0,4095,3,61261.32101478009,2.9935666685923934,CoRoT-2,False,False,True,False
observations/2026-08-09/CoRoT-2/session_01/CoRoT-2260809074515.fits,2026-08-09,CoRoT-2,2026-08-09T07:45:15.398,61261.323,60.0,Clear,47.842,100,406.0,4095,3,61261.32309488426,2.99535000231117,CoRoT-2,False,False,True,False
observations/2026-08-09/CoRoT-2/session_01/CoRoT-2260809074817.fits,2026-08-09,CoRoT-2,2026-08-09T07:48:17.139,61261.325,60.0,Clear,47.343,100,406.0,3983,0,61261.32519836805,3.029016660293564,CoRoT-2,False,False,False,False
observations/2026-08-09/CoRoT-2/session_01/CoRoT-2260809075115.fits,2026-08-09,CoRoT-2,2026-08-09T07:51:15.728,61261.327,60.0,Clear,46.844,100,405.0,4095,4,61261.32726537037,2.9764833336230367,CoRoT-2,False,False,True,False
observations/2026-08-09/CoRoT-2/session_01/CoRoT-2260809075415.fits,2026-08-09,CoRoT-2,2026-08-09T07:54:15.413,61261.329,60.0,Clear,46.337,100,405.0,4095,3,61261.32934505787,2.9947500047273934,CoRoT-2,False,False,True,False
observations/2026-08-09/CoRoT-2/session_01/CoRoT-2260809075716.fits,2026-08-09,CoRoT-2,2026-08-09T07:57:16.997,61261.331,60.0,Clear,45.821,100,405.0,4095,3,61261.33144672454,3.026399997761473,CoRoT-2,False,False,True,False
observations/2026-08-09/CoRoT-2/session_01/CoRoT-2260809080015.fits,2026-08-09,CoRoT-2,2026-08-09T08:00:15.527,61261.334,60.0,Clear,45.306,100,406.0,4095,2,61261.33351304398,2.9755000001750886,CoRoT-2,False,False,True,False
observations/2026-08-09/CoRoT-2/session_01/CoRoT-2260809080316.fits,2026-08-09,CoRoT-2,2026-08-09T08:03:16.131,61261.336,60.0,Clear,44.783,100,406.0,4095,4,61261.335603368054,3.0100666650105268,CoRoT-2,False,False,True,False
observations/2026-08-09/CoRoT-2/session_01/CoRoT-2260809080616.fits,2026-08-09,CoRoT-2,2026-08-09T08:06:16.686,61261.338,60.0,Clear,44.255,100,406.0,4095,4,61261.337693125,3.0092500057071447,CoRoT-2,False,False,True,False
observations/2026-08-09/CoRoT-2/session_01/CoRoT-2260809080916.fits,2026-08-09,CoRoT-2,2026-08-09T08:09:16.262,61261.34,60.0,Clear,43.723,100,406.0,4095,4,61261.33977155093,2.992933331988752,CoRoT-2,False,False,True,False
observations/2026-08-09/CoRoT-2/session_01/CoRoT-2260809081215.fits,2026-08-09,CoRoT-2,2026-08-09T08:12:15.775,61261.342,60.0,Clear,43.186,100,406.0,4095,2,61261.341849247685,2.991883330978453,CoRoT-2,False,False,True,False
observations/2026-08-09/CoRoT-2/session_01/CoRoT-2260809081515.fits,2026-08-09,CoRoT-2,2026-08-09T08:15:15.203,61261.344,60.0,Clear,42.645,100,405.0,4095,4,61261.343925960646,2.9904666636139154,CoRoT-2,False,False,True,False
observations/2026-08-09/CoRoT-2/session_01/CoRoT-2260809081815.fits,2026-08-09,CoRoT-2,2026-08-09T08:18:15.809,61261.346,60.0,Clear,42.099,100,405.0,4095,2,61261.34601630787,3.0101000040303916,CoRoT-2,False,False,True,False
observations/2026-08-09/CoRoT-2/session_01/CoRoT-2260809082115.fits,2026-08-09,CoRoT-2,2026-08-09T08:21:15.345,61261.348,60.0,Clear,41.55,100,405.0,4095,1,61261.348094270834,2.9922666668426245,CoRoT-2,False,False,True,False
observations/2026-08-09/CoRoT-2/session_01/CoRoT-2260809082416.fits,2026-08-09,CoRoT-2,2026-08-09T08:24:16.967,61261.35,60.0,Clear,40.993,100,405.0,4095,2,61261.350196377316,3.0270333343651146,CoRoT-2,False,False,True,False
observations/2026-08-09/CoRoT-2/session_01/CoRoT-2260809082715.fits,2026-08-09,CoRoT-2,2026-08-09T08:27:15.473,61261.352,60.0,Clear,40.439,100,405.0,4095,4,61261.35226241898,2.975099994800985,CoRoT-2,False,False,True,False
observations/2026-08-09/CoRoT-2/session_01/CoRoT-2260809083016.fits,2026-08-09,CoRoT-2,2026-08-09T08:30:16.104,61261.354,60.0,Clear,39.879,100,406.0,4095,3,61261.354353055554,3.010516668437049,CoRoT-2,False,False,True,False
observations/2026-08-09/CoRoT-2/session_01/CoRoT-2260809083315.fits,2026-08-09,CoRoT-2,2026-08-09T08:33:15.670,61261.356,60.0,Clear,39.314,100,406.0,4095,3,61261.35643136574,2.992766668321565,CoRoT-2,False,False,True,False
observations/2026-08-09/CoRoT-2/session_01/CoRoT-2260809083617.fits,2026-08-09,CoRoT-2,2026-08-09T08:36:17.181,61261.359,60.0,Clear,38.744,100,406.0,4095,3,61261.3585321875,3.0251833330839872,CoRoT-2,False,False,True,False
observations/2026-08-09/CoRoT-2/session_01/CoRoT-2260809083916.fits,2026-08-09,CoRoT-2,2026-08-09T08:39:16.732,61261.361,60.0,Clear,38.176,100,407.0,4095,2,61261.360610324075,2.9925166675820947,CoRoT-2,False,False,True,False
observations/2026-08-09/CoRoT-2/session_01/CoRoT-2260809084216.fits,2026-08-09,CoRoT-2,2026-08-09T08:42:16.571,61261.363,60.0,Clear,37.602,100,407.0,4095,2,61261.362691793984,2.9973166692070663,CoRoT-2,False,False,True,False
observations/2026-08-09/CoRoT-2/session_01/CoRoT-2260809084516.fits,2026-08-09,CoRoT-2,2026-08-09T08:45:16.175,61261.365,60.0,Clear,37.026,100,407.0,4095,4,61261.36477054398,2.9933999944478273,CoRoT-2,False,False,True,False
observations/2026-08-09/CoRoT-2/session_01/CoRoT-2260809084815.fits,2026-08-09,CoRoT-2,2026-08-09T08:48:15.706,61261.367,60.0,Clear,36.446,100,408.0,4095,1,61261.36684844908,2.9921833402477205,CoRoT-2,False,False,True,False
observations/2026-08-09/CoRoT-2/session_01/CoRoT-2260809085116.fits,2026-08-09,CoRoT-2,2026-08-09T08:51:16.434,61261.369,60.0,Clear,35.864,100,408.0,4095,3,61261.36894020833,3.0121333280112594,CoRoT-2,False,False,True,False
observations/2026-08-09/CoRoT-2/session_01/CoRoT-2260809085417.fits,2026-08-09,CoRoT-2,2026-08-09T08:54:17.087,61261.371,60.0,Clear,35.275,100,409.0,4095,4,61261.37103109954,3.010883334791288,CoRoT-2,False,False,True,False
observations/2026-08-09/CoRoT-2/session_01/CoRoT-2260809085715.fits,2026-08-09,CoRoT-2,2026-08-09T08:57:15.534,61261.373,60.0,Clear,34.691,100,410.0,4095,2,61261.37309645833,2.9741166613530368,CoRoT-2,False,False,True,False
observations/2026-08-09/CoRoT-2/session_01/CoRoT-2260809090016.fits,2026-08-09,CoRoT-2,2026-08-09T09:00:16.098,61261.375,60.0,Clear,34.097,100,410.0,4095,2,61261.37518631944,3.0093999998643994,CoRoT-2,False,False,True,False
observations/2026-08-09/CoRoT-2/session_01/CoRoT-2260809090315.fits,2026-08-09,CoRoT-2,2026-08-09T09:03:15.600,61261.377,60.0,Clear,33.508,100,411.0,4095,3,61261.37726388889,2.9917000082787126,CoRoT-2,False,False,True,False
observations/2026-08-09/CoRoT-2/session_01/CoRoT-2260809090615.fits,2026-08-09,CoRoT-2,2026-08-09T09:06:15.219,61261.379,60.0,Clear,32.913,100,411.0,4095,2,61261.3793428125,2.9936499951872975,CoRoT-2,False,False,True,False
observations/2026-08-09/CoRoT-2/session_01/CoRoT-2260809090915.fits,2026-08-09,CoRoT-2,2026-08-09T09:09:15.827,61261.381,60.0,Clear,32.316,100,411.0,4095,2,61261.38143318287,3.0101333325728774,CoRoT-2,False,False,True,False
observations/2026-08-09/CoRoT-2/session_01/CoRoT-2260809091216.fits,2026-08-09,CoRoT-2,2026-08-09T09:12:16.358,61261.384,60.0,Clear,31.717,100,412.0,4095,1,61261.383522662036,3.008850000333041,CoRoT-2,False,False,True,False
observations/2026-08-09/CoRoT-2/session_01/CoRoT-2260809091515.fits,2026-08-09,CoRoT-2,2026-08-09T09:15:15.871,61261.386,60.0,Clear,31.115,100,412.0,4095,4,61261.38560035879,2.991883330978453,CoRoT-2,False,False,True,False
observations/2026-08-09/CoRoT-2/session_01/CoRoT-2260809091815.fits,2026-08-09,CoRoT-2,2026-08-09T09:18:15.489,61261.388,60.0,Clear,30.512,100,413.0,4095,4,61261.38767927083,2.993633336154744,CoRoT-2,False,False,True,False
observations/2026-08-09/CoRoT-2/session_01/CoRoT-2260809092116.fits,2026-08-09,CoRoT-2,2026-08-09T09:21:16.196,61261.39,60.0,Clear,29.907,100,414.0,4055,0,61261.389770787035,3.011783331166953,CoRoT-2,True,False,False,False
observations/2026-08-09/CoRoT-2/session_01/CoRoT-2260809092415.fits,2026-08-09,CoRoT-2,2026-08-09T09:24:15.903,61261.392,60.0,Clear,29.3,100,414.0,4095,2,61261.39185072917,2.9951166710816324,CoRoT-2,True,False,True,False
observations/2026-08-09/CoRoT-2/session_01/CoRoT-2260809092715.fits,2026-08-09,CoRoT-2,2026-08-09T09:27:15.451,61261.394,60.0,Clear,28.695,100,415.0,4095,4,61261.39392883102,2.9924666695296764,CoRoT-2,True,False,True,False
observations/2026-08-09/CoRoT-2/session_01/CoRoT-2260809093016.fits,2026-08-09,CoRoT-2,2026-08-09T09:30:16.061,61261.396,60.0,Clear,28.081,100,417.0,4095,4,61261.396019224536,3.0101666611153632,CoRoT-2,True,False,True,False
observations/2026-08-09/CoRoT-2/session_01/CoRoT-2260809093315.fits,2026-08-09,CoRoT-2,2026-08-09T09:33:15.674,61261.398,60.0,Clear,27.468,100,418.0,3766,0,61261.3980980787,2.993549999082461,CoRoT-2,True,False,False,False
observations/2026-08-09/CoRoT-2/session_01/CoRoT-2260809093615.fits,2026-08-09,CoRoT-2,2026-08-09T09:36:15.210,61261.4,60.0,Clear,26.855,100,419.0,4095,2,61261.400176041665,2.9922666668426245,CoRoT-2,True,False,True,False
observations/2026-08-16/CoRoT-2/session_01/CoRoT-2260816044002.fits,2026-08-16,CoRoT-2,2026-08-16T04:40:02.011,61268.194,60.0,Clear,58.736,86,401.0,4095,2,61268.194467719906,,CoRoT-2,False,False,True,False
observations/2026-08-16/CoRoT-2/session_01/CoRoT-2260816044215.fits,2026-08-16,CoRoT-2,2026-08-16T04:42:15.468,61268.196,60.0,Clear,58.866,86,401.0,4095,4,61268.19601236111,2.2242833382915705,CoRoT-2,False,False,True,False
observations/2026-08-16/CoRoT-2/session_01/CoRoT-2260816044515.fits,2026-08-16,CoRoT-2,2026-08-16T04:45:15.775,61268.198,60.0,Clear,59.027,86,403.0,4095,1,61268.19809924768,3.0051166587509215,CoRoT-2,False,False,True,False
observations/2026-08-16/CoRoT-2/session_01/CoRoT-2260816044815.fits,2026-08-16,CoRoT-2,2026-08-16T04:48:15.283,61268.2,60.0,Clear,59.172,86,404.0,3906,0,61268.200176886574,2.991800004383549,CoRoT-2,False,False,False,False
observations/2026-08-16/CoRoT-2/session_01/CoRoT-2260816045115.fits,2026-08-16,CoRoT-2,2026-08-16T04:51:15.688,61268.202,60.0,Clear,59.302,86,403.0,4095,2,61268.202264907406,3.0067499983124435,CoRoT-2,False,False,True,False
observations/2026-08-16/CoRoT-2/session_01/CoRoT-2260816045416.fits,2026-08-16,CoRoT-2,2026-08-16T04:54:16.108,61268.204,60.0,Clear,59.416,86,403.0,4095,3,61268.20435310185,3.0069999990519136,CoRoT-2,False,False,True,False
observations/2026-08-16/CoRoT-2/session_01/CoRoT-2260816045716.fits,2026-08-16,CoRoT-2,2026-08-16T04:57:16.545,61268.206,60.0,Clear,59.514,86,404.0,4095,2,61268.20644149306,3.0072833388112485,CoRoT-2,False,False,True,False
observations/2026-08-16/CoRoT-2/session_01/CoRoT-2260816050015.fits,2026-08-16,CoRoT-2,2026-08-16T05:00:15.986,61268.209,60.0,Clear,59.595,86,408.0,4095,1,61268.208518356485,2.9906833358108997,CoRoT-2,False,False,True,False
observations/2026-08-16/CoRoT-2/session_01/CoRoT-2260816050315.fits,2026-08-16,CoRoT-2,2026-08-16T05:03:15.395,61268.211,60.0,Clear,59.66,96,410.0,4051,0,61268.21059484954,2.9901499953120947,CoRoT-2,False,False,False,False
observations/2026-08-16/CoRoT-2/session_01/CoRoT-2260816050615.fits,2026-08-16,CoRoT-2,2026-08-16T05:06:15.900,61268.213,60.0,Clear,59.709,96,406.0,4095,1,61268.21268402778,3.0084166664164513,CoRoT-2,False,False,True,False
observations/2026-08-16/CoRoT-2/session_01/CoRoT-2260816050915.fits,2026-08-16,CoRoT-2,2026-08-16T05:09:15.402,61268.215,60.0,Clear,59.74,96,409.0,3606,0,61268.21476159722,2.9916999978013337,CoRoT-2,False,False,False,False
observations/2026-08-16/CoRoT-2/session_01/CoRoT-2260816051215.fits,2026-08-16,CoRoT-2,2026-08-16T05:12:15.864,61268.217,60.0,Clear,59.756,96,410.0,4095,2,61268.21685027778,3.0077000032179058,CoRoT-2,False,False,True,False
observations/2026-08-16/CoRoT-2/session_01/CoRoT-2260816051515.fits,2026-08-16,CoRoT-2,2026-08-16T05:15:15.254,61268.219,60.0,Clear,59.754,96,412.0,3282,0,61268.21892655092,2.989833327010274,CoRoT-2,False,False,False,False
observations/2026-08-16/CoRoT-2/session_01/CoRoT-2260816051815.fits,2026-08-16,CoRoT-2,2026-08-16T05:18:15.812,61268.221,60.0,Clear,59.736,96,415.0,3284,0,61268.22101634259,3.009300003759563,CoRoT-2,False,False,False,False
observations/2026-08-16/CoRoT-2/session_01/CoRoT-2260816052115.fits,2026-08-16,CoRoT-2,2026-08-16T05:21:15.229,61268.223,60.0,Clear,59.702,96,416.0,3282,0,61268.22309292824,2.990283330436796,CoRoT-2,False,False,False,False
observations/2026-08-16/CoRoT-2/session_01/CoRoT-2260816052415.fits,2026-08-16,CoRoT-2,2026-08-16T05:24:15.686,61268.225,60.0,Clear,59.65,96,418.0,3282,0,61268.22518155092,3.0076166661456227,CoRoT-2,False,False,False,False
observations/2026-08-16/CoRoT-2/session_01/CoRoT-2260816053015.fits,2026-08-16,CoRoT-2,2026-08-16T05:30:15.673,61268.229,60.0,Clear,59.498,96,410.0,4095,9,61268.22934806713,5.999783336883411,CoRoT-2,False,False,True,False
observations/2026-08-16/CoRoT-2/session_01/CoRoT-2260816053316.fits,2026-08-16,CoRoT-2,2026-08-16T05:33:16.090,61268.231,60.0,Clear,59.398,97,408.0,3319,0,61268.23143622685,3.0069500009994954,CoRoT-2,False,False,False,False
observations/2026-08-16/CoRoT-2/session_01/CoRoT-2260816053616.fits,2026-08-16,CoRoT-2,2026-08-16T05:36:16.577,61268.234,60.0,Clear,59.281,97,406.0,4095,2,61268.23352519676,3.008116667624563,CoRoT-2,False,False,True,False
observations/2026-08-16/CoRoT-2/session_01/CoRoT-2260816053916.fits,2026-08-16,CoRoT-2,2026-08-16T05:39:16.083,61268.236,60.0,Clear,59.149,97,406.0,4095,2,61268.2356028125,2.9917666653636843,CoRoT-2,False,False,True,False
observations/2026-08-16/CoRoT-2/session_01/CoRoT-2260816054215.fits,2026-08-16,CoRoT-2,2026-08-16T05:42:15.501,61268.238,60.0,Clear,59.001,97,407.0,3415,0,61268.23767940972,2.9902999999467283,CoRoT-2,False,False,False,False
observations/2026-08-16/CoRoT-2/session_01/CoRoT-2260816054515.fits,2026-08-16,CoRoT-2,2026-08-16T05:45:15.974,61268.24,60.0,Clear,58.837,97,411.0,3442,0,61268.239768217594,3.0078833363950253,CoRoT-2,False,False,False,False
observations/2026-08-16/CoRoT-2/session_01/CoRoT-2260816054815.fits,2026-08-16,CoRoT-2,2026-08-16T05:48:15.419,61268.242,60.0,Clear,58.659,97,410.0,3281,0,61268.24184512731,2.9907499928958714,CoRoT-2,False,False,False,False
observations/2026-08-16/CoRoT-2/session_01/CoRoT-2260816055115.fits,2026-08-16,CoRoT-2,2026-08-16T05:51:15.915,61268.244,60.0,Clear,58.465,97,408.0,3664,0,61268.24393420139,3.0082666722591966,CoRoT-2,False,False,False,False
observations/2026-08-16/CoRoT-2/session_01/CoRoT-2260816055415.fits,2026-08-16,CoRoT-2,2026-08-16T05:54:15.383,61268.246,60.0,Clear,58.256,97,408.0,4095,1,61268.24601137731,2.991133328760043,CoRoT-2,False,False,True,False
observations/2026-08-16/CoRoT-2/session_01/CoRoT-2260816055715.fits,2026-08-16,CoRoT-2,2026-08-16T05:57:15.987,61268.248,60.0,Clear,58.034,97,407.0,4095,1,61268.24810170139,3.0100666754879057,CoRoT-2,False,False,True,False
observations/2026-08-16/CoRoT-2/session_01/CoRoT-2260816060015.fits,2026-08-16,CoRoT-2,2026-08-16T06:00:15.422,61268.25,60.0,Clear,57.797,97,412.0,3603,0,61268.25017849537,2.9905833292286843,CoRoT-2,False,False,False,False
observations/2026-08-16/CoRoT-2/session_01/CoRoT-2260816060315.fits,2026-08-16,CoRoT-2,2026-08-16T06:03:15.815,61268.252,60.0,Clear,57.546,98,414.0,3385,0,61268.25226637731,3.0065499956253916,CoRoT-2,False,False,False,False
observations/2026-08-16/CoRoT-2/session_01/CoRoT-2260816060616.fits,2026-08-16,CoRoT-2,2026-08-16T06:06:16.120,61268.254,60.0,Clear,57.28,98,412.0,3274,0,61268.25435324074,3.0050833406858146,CoRoT-2,False,False,False,False
observations/2026-08-16/CoRoT-2/session_01/CoRoT-2260816060915.fits,2026-08-16,CoRoT-2,2026-08-16T06:09:15.524,61268.256,60.0,Clear,57.005,98,412.0,3280,0,61268.25642967592,2.9900666582398117,CoRoT-2,False,False,False,False
observations/2026-08-16/CoRoT-2/session_01/CoRoT-2260816061215.fits,2026-08-16,CoRoT-2,2026-08-16T06:12:15.893,61268.259,60.0,Clear,56.714,98,413.0,3277,0,61268.25851728009,3.006150000728667,CoRoT-2,False,False,False,False
observations/2026-08-16/CoRoT-2/session_01/CoRoT-2260816061515.fits,2026-08-16,CoRoT-2,2026-08-16T06:15:15.326,61268.261,60.0,Clear,56.412,98,415.0,3283,0,61268.260594050924,2.9905500006861985,CoRoT-2,False,False,False,False
observations/2026-08-16/CoRoT-2/session_01/CoRoT-2260816061815.fits,2026-08-16,CoRoT-2,2026-08-16T06:18:15.764,61268.263,60.0,Clear,56.097,98,416.0,3278,0,61268.2626824537,3.007299997843802,CoRoT-2,False,False,False,False
observations/2026-08-16/CoRoT-2/session_01/CoRoT-2260816062116.fits,2026-08-16,CoRoT-2,2026-08-16T06:21:16.107,61268.265,60.0,Clear,55.771,98,415.0,3285,0,61268.26476975694,3.005716666812077,CoRoT-2,False,False,False,False
observations/2026-08-16/CoRoT-2/session_01/CoRoT-2260816062415.fits,2026-08-16,CoRoT-2,2026-08-16T06:24:15.532,61268.267,60.0,Clear,55.433,98,410.0,3978,0,61268.26684643519,2.990416676038876,CoRoT-2,False,False,False,False
observations/2026-08-16/CoRoT-2/session_01/CoRoT-2260816062715.fits,2026-08-16,CoRoT-2,2026-08-16T06:27:15.956,61268.269,60.0,Clear,55.084,98,407.0,4095,2,61268.26893467593,3.0070666666142642,CoRoT-2,False,False,True,False
observations/2026-08-16/CoRoT-2/session_01/CoRoT-2260816063015.fits,2026-08-16,CoRoT-2,2026-08-16T06:30:15.330,61268.271,60.0,Clear,54.724,98,406.0,4095,1,61268.27101076389,2.9895666672382504,CoRoT-2,False,False,True,False
observations/2026-08-16/CoRoT-2/session_01/CoRoT-2260816063315.fits,2026-08-16,CoRoT-2,2026-08-16T06:33:15.659,61268.273,60.0,Clear,54.354,94,408.0,4095,2,61268.27309790509,3.0054833251051605,CoRoT-2,False,False,True,False
observations/2026-08-16/CoRoT-2/session_01/CoRoT-2260816063616.fits,2026-08-16,CoRoT-2,2026-08-16T06:36:16.066,61268.275,60.0,Clear,53.973,94,408.0,4023,0,61268.275185949075,3.0067833373323083,CoRoT-2,False,False,False,False
observations/2026-08-16/CoRoT-2/session_01/CoRoT-2260816063915.fits,2026-08-16,CoRoT-2,2026-08-16T06:39:15.623,61268.277,60.0,Clear,53.583,94,405.0,4095,2,61268.27726415509,2.992616663686931,CoRoT-2,False,False,True,False
observations/2026-08-16/CoRoT-2/session_01/CoRoT-2260816064216.fits,2026-08-16,CoRoT-2,2026-08-16T06:42:16.067,61268.279,60.0,Clear,53.184,94,407.0,4095,1,61268.279352627316,3.0074000044260174,CoRoT-2,False,False,True,False
observations/2026-08-16/CoRoT-2/session_01/CoRoT-2260816064515.fits,2026-08-16,CoRoT-2,2026-08-16T06:45:15.449,61268.281,60.0,Clear,52.775,94,411.0,3541,0,61268.28142880787,2.9897000023629516,CoRoT-2,False,False,False,False
observations/2026-08-16/CoRoT-2/session_01/CoRoT-2260816064815.fits,2026-08-16,CoRoT-2,2026-08-16T06:48:15.770,61268.284,60.0,Clear,52.357,94,411.0,4095,1,61268.283515856485,3.005350000457838,CoRoT-2,False,False,True,False
observations/2026-08-16/CoRoT-2/session_01/CoRoT-2260816065115.fits,2026-08-16,CoRoT-2,2026-08-16T06:51:15.163,61268.286,60.0,Clear,51.931,94,411.0,3636,0,61268.28559216435,2.989883325062692,CoRoT-2,False,False,False,False
observations/2026-08-16/CoRoT-2/session_01/CoRoT-2260816065415.fits,2026-08-16,CoRoT-2,2026-08-16T06:54:15.511,61268.288,60.0,Clear,51.497,94,407.0,4095,2,61268.28767952546,3.00580000388436,CoRoT-2,False,False,True,False
observations/2026-08-16/CoRoT-2/session_01/CoRoT-2260816065716.fits,2026-08-16,CoRoT-2,2026-08-16T06:57:16.031,61268.29,60.0,Clear,51.054,94,406.0,4095,3,61268.289768877316,3.0086666671559215,CoRoT-2,False,False,True,False
observations/2026-08-16/CoRoT-2/session_01/CoRoT-2260816070015.fits,2026-08-16,CoRoT-2,2026-08-16T07:00:15.371,61268.292,60.0,Clear,50.604,94,404.0,4095,2,61268.29184457176,2.9889999981969595,CoRoT-2,False,False,True,False
observations/2026-08-16/CoRoT-2/session_01/CoRoT-2260816070315.fits,2026-08-16,CoRoT-2,2026-08-16T07:03:15.757,61268.294,60.0,Clear,50.146,100,404.0,4095,3,61268.29393237268,3.0064333300106227,CoRoT-2,False,False,True,False
observations/2026-08-16/CoRoT-2/session_01/CoRoT-2260816070615.fits,2026-08-16,CoRoT-2,2026-08-16T07:06:15.150,61268.296,60.0,Clear,49.682,100,403.0,3967,0,61268.296008680554,2.989883335540071,CoRoT-2,False,False,False,False
observations/2026-08-16/CoRoT-2/session_01/CoRoT-2260816070916.fits,2026-08-16,CoRoT-2,2026-08-16T07:09:16.628,61268.298,60.0,Clear,49.21,100,403.0,4095,1,61268.29810912037,3.0246333335526288,CoRoT-2,False,False,True,False
observations/2026-08-16/CoRoT-2/session_01/CoRoT-2260816071216.fits,2026-08-16,CoRoT-2,2026-08-16T07:12:16.056,61268.3,60.0,Clear,48.732,100,402.0,4095,5,61268.30018583333,2.9904666636139154,CoRoT-2,False,False,True,False
observations/2026-08-16/CoRoT-2/session_01/CoRoT-2260816071515.fits,2026-08-16,CoRoT-2,2026-08-16T07:15:15.401,61268.302,60.0,Clear,48.247,100,402.0,4095,3,61268.302261585646,2.9890833352692425,CoRoT-2,False,False,True,False
observations/2026-08-16/CoRoT-2/session_01/CoRoT-2260816071815.fits,2026-08-16,CoRoT-2,2026-08-16T07:18:15.816,61268.304,60.0,Clear,47.756,100,401.0,4095,4,61268.304349722224,3.0069166724570096,CoRoT-2,False,False,True,False
observations/2026-08-16/CoRoT-2/session_01/CoRoT-2260816072115.fits,2026-08-16,CoRoT-2,2026-08-16T07:21:15.147,61268.306,60.0,Clear,47.259,100,401.0,4095,4,61268.3064253125,2.988849993562326,CoRoT-2,False,False,True,False
observations/2026-08-16/CoRoT-2/session_01/CoRoT-2260816072416.fits,2026-08-16,CoRoT-2,2026-08-16T07:24:16.605,61268.309,60.0,Clear,46.756,100,402.0,4095,3,61268.308525520835,3.0243000062182546,CoRoT-2,False,False,True,False
observations/2026-08-16/CoRoT-2/session_01/CoRoT-2260816072715.fits,2026-08-16,CoRoT-2,2026-08-16T07:27:15.282,61268.311,60.0,Clear,46.248,100,401.0,4095,4,61268.31059354167,2.9779499990399927,CoRoT-2,False,False,True,False
observations/2026-08-16/CoRoT-2/session_01/CoRoT-2260816073015.fits,2026-08-16,CoRoT-2,2026-08-16T07:30:15.826,61268.313,60.0,Clear,45.734,100,402.0,4095,4,61268.312683171294,3.0090666620526463,CoRoT-2,False,False,True,False
observations/2026-08-16/CoRoT-2/session_01/CoRoT-2260816073316.fits,2026-08-16,CoRoT-2,2026-08-16T07:33:16.349,61268.315,60.0,Clear,45.215,100,402.0,4095,3,61268.31477255787,3.0087166652083397,CoRoT-2,False,False,True,False
observations/2026-08-16/CoRoT-2/session_01/CoRoT-2260816073615.fits,2026-08-16,CoRoT-2,2026-08-16T07:36:15.829,61268.317,60.0,Clear,44.691,100,402.0,4095,4,61268.31684987269,2.9913333419244736,CoRoT-2,False,False,True,False
observations/2026-08-16/CoRoT-2/session_01/CoRoT-2260816073915.fits,2026-08-16,CoRoT-2,2026-08-16T07:39:15.257,61268.319,60.0,Clear,44.163,100,403.0,4095,4,61268.31892658565,2.9904666636139154,CoRoT-2,False,False,True,False
observations/2026-08-16/CoRoT-2/session_01/CoRoT-2260816074215.fits,2026-08-16,CoRoT-2,2026-08-16T07:42:15.656,61268.321,60.0,Clear,43.63,100,403.0,4095,2,61268.32101453704,3.006650002207607,CoRoT-2,False,False,True,False
observations/2026-08-16/CoRoT-2/session_01/CoRoT-2260816074516.fits,2026-08-16,CoRoT-2,2026-08-16T07:45:16.046,61268.323,60.0,Clear,43.092,100,403.0,4095,2,61268.32310238426,3.0064999975729734,CoRoT-2,False,False,True,False
observations/2026-08-16/CoRoT-2/session_01/CoRoT-2260816074816.fits,2026-08-16,CoRoT-2,2026-08-16T07:48:16.542,61268.325,60.0,Clear,42.55,100,403.0,3974,0,61268.32519145833,3.0082666617818177,CoRoT-2,False,False,False,False
observations/2026-08-16/CoRoT-2/session_01/CoRoT-2260816075115.fits,2026-08-16,CoRoT-2,2026-08-16T07:51:15.944,61268.327,60.0,Clear,42.004,100,403.0,4095,2,61268.32726787037,2.990033340174705,CoRoT-2,False,False,True,False
observations/2026-08-16/CoRoT-2/session_01/CoRoT-2260816075415.fits,2026-08-16,CoRoT-2,2026-08-16T07:54:15.477,61268.329,60.0,Clear,41.454,100,403.0,4095,2,61268.329345798615,2.9922166687902063,CoRoT-2,False,False,True,False
observations/2026-08-16/CoRoT-2/session_01/CoRoT-2260816075715.fits,2026-08-16,CoRoT-2,2026-08-16T07:57:15.914,61268.331,60.0,Clear,40.9,100,404.0,4095,2,61268.331434189815,3.0072833283338696,CoRoT-2,False,False,True,False
observations/2026-08-16/CoRoT-2/session_01/CoRoT-2260816080015.fits,2026-08-16,CoRoT-2,2026-08-16T08:00:15.413,61268.334,60.0,Clear,40.342,100,404.0,4095,2,61268.33351172454,2.9916499997489154,CoRoT-2,False,False,True,False
observations/2026-08-16/CoRoT-2/session_01/CoRoT-2260816080316.fits,2026-08-16,CoRoT-2,2026-08-16T08:03:16.824,61268.336,60.0,Clear,39.781,100,404.0,4095,3,61268.33561138889,3.0235166649799794,CoRoT-2,False,False,True,False
observations/2026-08-16/CoRoT-2/session_01/CoRoT-2260816080615.fits,2026-08-16,CoRoT-2,2026-08-16T08:06:15.168,61268.338,60.0,Clear,39.216,100,404.0,4095,1,61268.33767555556,2.9724000056739897,CoRoT-2,False,False,True,False
observations/2026-08-16/CoRoT-2/session_01/CoRoT-2260816080915.fits,2026-08-16,CoRoT-2,2026-08-16T08:09:15.561,61268.34,60.0,Clear,38.648,100,405.0,4095,2,61268.3397634375,3.0065499956253916,CoRoT-2,False,False,True,False
observations/2026-08-16/CoRoT-2/session_01/CoRoT-2260816081216.fits,2026-08-16,CoRoT-2,2026-08-16T08:12:16.062,61268.342,60.0,Clear,38.077,100,405.0,4095,2,61268.34185256944,3.0083499988541007,CoRoT-2,False,False,True,False
observations/2026-08-16/CoRoT-2/session_01/CoRoT-2260816081515.fits,2026-08-16,CoRoT-2,2026-08-16T08:15:15.404,61268.344,60.0,Clear,37.502,100,405.0,4095,4,61268.34392828704,2.9890333372168243,CoRoT-2,False,False,True,False
observations/2026-08-16/CoRoT-2/session_01/CoRoT-2260816081815.fits,2026-08-16,CoRoT-2,2026-08-16T08:18:15.993,61268.346,60.0,Clear,36.925,100,405.0,4095,4,61268.3460184375,3.0098166642710567,CoRoT-2,False,False,True,False
observations/2026-08-16/CoRoT-2/session_01/CoRoT-2260816082115.fits,2026-08-16,CoRoT-2,2026-08-16T08:21:15.442,61268.348,60.0,Clear,36.345,100,406.0,4095,3,61268.34809539352,2.990816670935601,CoRoT-2,False,False,True,False
observations/2026-08-16/CoRoT-2/session_01/CoRoT-2260816082415.fits,2026-08-16,CoRoT-2,2026-08-16T08:24:15.996,61268.35,60.0,Clear,35.762,100,405.0,4095,2,61268.35018513889,3.0092333257198334,CoRoT-2,False,False,True,False
observations/2026-08-16/CoRoT-2/session_01/CoRoT-2260816082715.fits,2026-08-16,CoRoT-2,2026-08-16T08:27:15.438,61268.352,60.0,Clear,35.176,100,405.0,4095,4,61268.35226201389,2.990700005320832,CoRoT-2,False,False,True,False
observations/2026-08-16/CoRoT-2/session_01/CoRoT-2260816083015.fits,2026-08-16,CoRoT-2,2026-08-16T08:30:15.910,61268.354,60.0,Clear,34.588,100,406.0,4095,4,61268.35435081019,3.007866666885093,CoRoT-2,False,False,True,False
observations/2026-08-16/CoRoT-2/session_01/CoRoT-2260816083316.fits,2026-08-16,CoRoT-2,2026-08-16T08:33:16.350,61268.356,60.0,Clear,33.998,100,405.0,4095,4,61268.35643923611,3.007333326386288,CoRoT-2,False,False,True,False
observations/2026-08-16/CoRoT-2/session_01/CoRoT-2260816083615.fits,2026-08-16,CoRoT-2,2026-08-16T08:36:15.745,61268.359,60.0,Clear,33.405,100,405.0,4095,3,61268.35851556713,2.989916674559936,CoRoT-2,False,False,True,False
observations/2026-08-16/CoRoT-2/session_01/CoRoT-2260816083915.fits,2026-08-16,CoRoT-2,2026-08-16T08:39:15.255,61268.361,60.0,Clear,32.809,100,404.0,4095,5,61268.36059322917,2.991833332926035,CoRoT-2,False,False,True,False
observations/2026-08-16/CoRoT-2/session_01/CoRoT-2260816084215.fits,2026-08-16,CoRoT-2,2026-08-16T08:42:15.763,61268.363,60.0,Clear,32.212,100,404.0,4095,3,61268.36268244213,3.0084666644688696,CoRoT-2,False,False,True,False
observations/2026-08-16/CoRoT-2/session_01/CoRoT-2260816084517.fits,2026-08-16,CoRoT-2,2026-08-16T08:45:17.089,61268.365,60.0,Clear,31.609,100,404.0,4095,2,61268.364781122684,3.0220999976154417,CoRoT-2,False,False,True,False
observations/2026-08-16/CoRoT-2/session_01/CoRoT-2260816084816.fits,2026-08-16,CoRoT-2,2026-08-16T08:48:16.621,61268.367,60.0,Clear,31.011,100,404.0,4095,4,61268.36685903935,2.992199999280274,CoRoT-2,False,False,True,False
observations/2026-08-16/CoRoT-2/session_01/CoRoT-2260816085116.fits,2026-08-16,CoRoT-2,2026-08-16T08:51:16.079,61268.369,60.0,Clear,30.404,100,404.0,4095,1,61268.368936099534,2.9909666650928557,CoRoT-2,False,False,True,False
observations/2026-08-16/CoRoT-2/session_01/CoRoT-2260816085415.fits,2026-08-16,CoRoT-2,2026-08-16T08:54:15.442,61268.371,60.0,Clear,29.801,100,403.0,4095,1,61268.37101206018,2.989383334061131,CoRoT-2,True,False,True,False
observations/2026-08-16/CoRoT-2/session_01/CoRoT-2260816085715.fits,2026-08-16,CoRoT-2,2026-08-16T08:57:15.925,61268.373,60.0,Clear,29.194,100,403.0,4095,1,61268.373100983794,3.0080500000622123,CoRoT-2,True,False,True,False
observations/2026-08-23/CoRoT-2/session_01/CoRoT-2260823035758.fits,2026-08-23,CoRoT-2,2026-08-23T03:57:58.009,61275.165,60.0,Clear,57.692,25,725.0,3325,0,61275.165254733794,,CoRoT-2,False,True,False,False
observations/2026-08-23/CoRoT-2/session_01/CoRoT-2260823040015.fits,2026-08-23,CoRoT-2,2026-08-23T04:00:15.500,61275.167,60.0,Clear,57.879,25,785.0,3471,0,61275.166846064814,2.2915166686289012,CoRoT-2,False,True,False,False
observations/2026-08-23/CoRoT-2/session_01/CoRoT-2260823040315.fits,2026-08-23,CoRoT-2,2026-08-23T04:03:15.938,61275.169,60.0,Clear,58.112,9,993.0,3684,0,61275.16893446759,3.007299997843802,CoRoT-2,False,True,False,False
observations/2026-08-23/CoRoT-2/session_01/CoRoT-2260823040615.fits,2026-08-23,CoRoT-2,2026-08-23T04:06:15.311,61275.171,60.0,Clear,58.329,9,844.0,3428,0,61275.17101054398,2.989549997728318,CoRoT-2,False,True,False,False
observations/2026-08-23/CoRoT-2/session_01/CoRoT-2260823040915.fits,2026-08-23,CoRoT-2,2026-08-23T04:09:15.731,61275.173,60.0,Clear,58.533,9,654.0,3403,0,61275.17309873843,3.0070000095292926,CoRoT-2,False,True,False,False
observations/2026-08-23/CoRoT-2/session_01/CoRoT-2260823041215.fits,2026-08-23,CoRoT-2,2026-08-23T04:12:15.157,61275.175,60.0,Clear,58.721,9,665.0,3418,0,61275.17517542824,2.9904333245940506,CoRoT-2,False,True,False,False
observations/2026-08-23/CoRoT-2/session_01/CoRoT-2260823041515.fits,2026-08-23,CoRoT-2,2026-08-23T04:15:15.504,61275.177,60.0,Clear,58.895,9,640.0,4095,9,61275.177262777775,3.005783334374428,CoRoT-2,False,True,True,False
observations/2026-08-23/CoRoT-2/session_01/CoRoT-2260823041815.fits,2026-08-23,CoRoT-2,2026-08-23T04:18:15.901,61275.179,60.0,Clear,59.053,9,799.0,3585,0,61275.17935070602,3.006616673665121,CoRoT-2,False,True,False,False
observations/2026-08-23/CoRoT-2/session_01/CoRoT-2260823042115.fits,2026-08-23,CoRoT-2,2026-08-23T04:21:15.390,61275.181,60.0,Clear,59.196,9,753.0,3546,0,61275.181428125,2.9914833256043494,CoRoT-2,False,True,False,False
observations/2026-08-23/CoRoT-2/session_01/CoRoT-2260823042415.fits,2026-08-23,CoRoT-2,2026-08-23T04:24:15.915,61275.184,60.0,Clear,59.323,9,1293.0,3898,0,61275.18351753472,3.0087500042282045,CoRoT-2,False,True,False,True
observations/2026-08-23/CoRoT-2/session_01/CoRoT-2260823042715.fits,2026-08-23,CoRoT-2,2026-08-23T04:27:15.370,61275.186,60.0,Clear,59.434,9,1189.0,3858,0,61275.185594560186,2.9909166670404375,CoRoT-2,False,True,False,True
observations/2026-08-23/CoRoT-2/session_01/CoRoT-2260823043015.fits,2026-08-23,CoRoT-2,2026-08-23T04:30:15.968,61275.188,60.0,Clear,59.529,9,853.0,3510,0,61275.18768481482,3.0099666689056903,CoRoT-2,False,True,False,False
observations/2026-08-23/CoRoT-2/session_01/CoRoT-2260823043315.fits,2026-08-23,CoRoT-2,2026-08-23T04:33:15.541,61275.19,60.0,Clear,59.608,18,611.0,3377,0,61275.18976320602,2.9928833339363337,CoRoT-2,False,True,False,False
observations/2026-08-23/CoRoT-2/session_01/CoRoT-2260823043615.fits,2026-08-23,CoRoT-2,2026-08-23T04:36:15.944,61275.192,60.0,Clear,59.67,18,543.0,3256,0,61275.1918512037,3.0067166592925787,CoRoT-2,False,True,False,False
observations/2026-08-23/CoRoT-2/session_01/CoRoT-2260823043915.fits,2026-08-23,CoRoT-2,2026-08-23T04:39:15.301,61275.194,60.0,Clear,59.715,18,524.0,3336,0,61275.19392709491,2.9892833379562944,CoRoT-2,False,True,False,False
observations/2026-08-23/CoRoT-2/session_01/CoRoT-2260823044215.fits,2026-08-23,CoRoT-2,2026-08-23T04:42:15.751,61275.196,60.0,Clear,59.744,18,497.0,3325,0,61275.196015636575,3.007500000530854,CoRoT-2,False,True,False,False
observations/2026-08-23/CoRoT-2/session_01/CoRoT-2260823044516.fits,2026-08-23,CoRoT-2,2026-08-23T04:45:16.124,61275.198,60.0,Clear,59.757,18,504.0,3328,0,61275.19810328704,3.0062166682910174,CoRoT-2,False,True,False,False
observations/2026-08-23/CoRoT-2/session_01/CoRoT-2260823044815.fits,2026-08-23,CoRoT-2,2026-08-23T04:48:15.499,61275.2,60.0,Clear,59.752,18,507.0,3314,0,61275.20017938657,2.989583326270804,CoRoT-2,False,True,False,False
observations/2026-08-23/CoRoT-2/session_01/CoRoT-2260823045115.fits,2026-08-23,CoRoT-2,2026-08-23T04:51:15.916,61275.202,60.0,Clear,59.731,18,539.0,3190,0,61275.202267546294,3.0069500009994954,CoRoT-2,False,True,False,False
observations/2026-08-23/CoRoT-2/session_01/CoRoT-2260823045415.fits,2026-08-23,CoRoT-2,2026-08-23T04:54:15.262,61275.204,60.0,Clear,59.694,18,606.0,3191,0,61275.204343310186,2.989100004779175,CoRoT-2,False,True,False,False
observations/2026-08-23/CoRoT-2/session_01/CoRoT-2260823045715.fits,2026-08-23,CoRoT-2,2026-08-23T04:57:15.665,61275.206,60.0,Clear,59.64,18,680.0,3408,0,61275.20643130787,3.0067166697699577,CoRoT-2,False,True,False,False
observations/2026-08-23/CoRoT-2/session_01/CoRoT-2260823050015.fits,2026-08-23,CoRoT-2,2026-08-23T05:00:15.980,61275.209,60.0,Clear,59.569,18,616.0,3341,0,61275.208518287036,3.0052499938756227,CoRoT-2,False,True,False,False
observations/2026-08-23/CoRoT-2/session_01/CoRoT-2260823050315.fits,2026-08-23,CoRoT-2,2026-08-23T05:03:15.548,61275.211,60.0,Clear,59.482,6,618.0,3382,0,61275.21059662037,2.9927999968640506,CoRoT-2,False,True,False,False
observations/2026-08-23/CoRoT-2/session_01/CoRoT-2260823050615.fits,2026-08-23,CoRoT-2,2026-08-23T05:06:15.903,61275.213,60.0,Clear,59.379,6,715.0,3444,0,61275.2126840625,3.005916669499129,CoRoT-2,False,True,False,False
observations/2026-08-23/CoRoT-2/session_01/CoRoT-2260823050915.fits,2026-08-23,CoRoT-2,2026-08-23T05:09:15.246,61275.215,60.0,Clear,59.26,6,958.0,3542,0,61275.21475979167,2.9890500067267567,CoRoT-2,False,True,False,False
observations/2026-08-23/CoRoT-2/session_01/CoRoT-2260823051215.fits,2026-08-23,CoRoT-2,2026-08-23T05:12:15.630,61275.217,60.0,Clear,59.124,6,922.0,3542,0,61275.21684756944,3.006399990990758,CoRoT-2,False,True,False,False
observations/2026-08-23/CoRoT-2/session_01/CoRoT-2260823051516.fits,2026-08-23,CoRoT-2,2026-08-23T05:15:16.062,61275.219,60.0,Clear,58.974,6,702.0,3426,0,61275.218935902776,3.0072000017389655,CoRoT-2,False,True,False,False
observations/2026-08-23/CoRoT-2/session_01/CoRoT-2260823051815.fits,2026-08-23,CoRoT-2,2026-08-23T05:18:15.438,61275.221,60.0,Clear,58.807,6,860.0,3471,0,61275.22101201389,2.989600006258115,CoRoT-2,False,True,False,False
observations/2026-08-23/CoRoT-2/session_01/CoRoT-2260823052115.fits,2026-08-23,CoRoT-2,2026-08-23T05:21:15.779,61275.223,60.0,Clear,58.626,6,654.0,3090,0,61275.22309929398,3.0056833277922124,CoRoT-2,False,True,False,False
observations/2026-08-23/CoRoT-2/session_01/CoRoT-2260823052416.fits,2026-08-23,CoRoT-2,2026-08-23T05:24:16.128,61275.225,60.0,Clear,58.43,6,630.0,3200,0,61275.22518666667,3.0058166733942926,CoRoT-2,False,True,False,False
observations/2026-08-23/CoRoT-2/session_01/CoRoT-2260823052715.fits,2026-08-23,CoRoT-2,2026-08-23T05:27:15.490,61275.227,60.0,Clear,58.219,6,704.0,3182,0,61275.22726261574,2.9893666645511985,CoRoT-2,False,True,False,False
observations/2026-08-23/CoRoT-2/session_01/CoRoT-2260823053015.fits,2026-08-23,CoRoT-2,2026-08-23T05:30:15.956,61275.229,60.0,Clear,57.993,6,590.0,4095,1,61275.22935134259,3.0077666603028774,CoRoT-2,False,True,True,False
observations/2026-08-23/CoRoT-2/session_01/CoRoT-2260823053315.fits,2026-08-23,CoRoT-2,2026-08-23T05:33:15.340,61275.231,60.0,Clear,57.754,10,774.0,3414,0,61275.2314275463,2.9897333413828164,CoRoT-2,False,True,False,False
observations/2026-08-23/CoRoT-2/session_01/CoRoT-2260823053616.fits,2026-08-23,CoRoT-2,2026-08-23T05:36:16.756,61275.234,60.0,Clear,57.501,10,573.0,3362,0,61275.233527268516,3.0235999915748835,CoRoT-2,False,True,False,False
observations/2026-08-23/CoRoT-2/session_01/CoRoT-2260823053915.fits,2026-08-23,CoRoT-2,2026-08-23T05:39:15.191,61275.236,60.0,Clear,57.236,10,586.0,3366,0,61275.235592488425,2.973916669143364,CoRoT-2,False,True,False,False
observations/2026-08-23/CoRoT-2/session_01/CoRoT-2260823054215.fits,2026-08-23,CoRoT-2,2026-08-23T05:42:15.555,61275.238,60.0,Clear,56.955,10,580.0,3153,0,61275.23768003472,3.0060666636563838,CoRoT-2,False,True,False,False
observations/2026-08-23/CoRoT-2/session_01/CoRoT-2260823054515.fits,2026-08-23,CoRoT-2,2026-08-23T05:45:15.989,61275.24,60.0,Clear,56.663,10,567.0,3358,0,61275.239768391206,3.0072333407588303,CoRoT-2,False,True,False,False
observations/2026-08-23/CoRoT-2/session_01/CoRoT-2260823054815.fits,2026-08-23,CoRoT-2,2026-08-23T05:48:15.484,61275.242,60.0,Clear,56.358,10,558.0,3174,0,61275.24184587963,2.991583332186565,CoRoT-2,False,True,False,False
observations/2026-08-23/CoRoT-2/session_01/CoRoT-2260823055115.fits,2026-08-23,CoRoT-2,2026-08-23T05:51:15.985,61275.244,60.0,Clear,56.041,10,552.0,3299,0,61275.243935011575,3.0083499988541007,CoRoT-2,False,True,False,False
observations/2026-08-23/CoRoT-2/session_01/CoRoT-2260823055415.fits,2026-08-23,CoRoT-2,2026-08-23T05:54:15.402,61275.246,60.0,Clear,55.713,10,538.0,3330,0,61275.24601159722,2.990283330436796,CoRoT-2,False,True,False,False
observations/2026-08-23/CoRoT-2/session_01/CoRoT-2260823055715.fits,2026-08-23,CoRoT-2,2026-08-23T05:57:15.760,61275.248,60.0,Clear,55.373,10,546.0,3299,0,61275.24809907407,3.0059666675515473,CoRoT-2,False,True,False,False
observations/2026-08-23/CoRoT-2/session_01/CoRoT-2260823060016.fits,2026-08-23,CoRoT-2,2026-08-23T06:00:16.112,61275.25,60.0,Clear,55.022,10,560.0,3347,0,61275.250186481484,3.005866671446711,CoRoT-2,False,True,False,False
observations/2026-08-23/CoRoT-2/session_01/CoRoT-2260823060315.fits,2026-08-23,CoRoT-2,2026-08-23T06:03:15.456,61275.252,60.0,Clear,54.66,16,546.0,3181,0,61275.252262222224,2.98906666575931,CoRoT-2,False,True,False,False
observations/2026-08-23/CoRoT-2/session_01/CoRoT-2260823060615.fits,2026-08-23,CoRoT-2,2026-08-23T06:06:15.842,61275.254,60.0,Clear,54.288,16,515.0,3087,0,61275.25435002315,3.0064333300106227,CoRoT-2,False,True,False,False
observations/2026-08-23/CoRoT-2/session_01/CoRoT-2260823061216.fits,2026-08-23,CoRoT-2,2026-08-23T06:12:16.690,61275.259,60.0,Clear,53.514,16,485.0,3319,0,61275.25852650463,6.0141333332285285,CoRoT-2,False,True,False,False
observations/2026-08-23/CoRoT-2/session_01/CoRoT-2260823061516.fits,2026-08-23,CoRoT-2,2026-08-23T06:15:16.039,61275.261,60.0,Clear,53.111,16,481.0,3135,0,61275.26060230324,2.989150002831593,CoRoT-2,False,True,False,False
observations/2026-08-23/CoRoT-2/session_01/CoRoT-2260823061815.fits,2026-08-23,CoRoT-2,2026-08-23T06:18:15.407,61275.263,60.0,Clear,52.703,16,488.0,3321,0,61275.26267832176,2.989466660656035,CoRoT-2,False,True,False,False
observations/2026-08-23/CoRoT-2/session_01/CoRoT-2260823062115.fits,2026-08-23,CoRoT-2,2026-08-23T06:21:15.791,61275.265,60.0,Clear,52.284,16,500.0,3328,0,61275.264766099535,3.006400001468137,CoRoT-2,False,True,False,False
observations/2026-08-23/CoRoT-2/session_01/CoRoT-2260823062415.fits,2026-08-23,CoRoT-2,2026-08-23T06:24:15.270,61275.267,60.0,Clear,51.856,16,530.0,3333,0,61275.26684340278,2.9913166724145412,CoRoT-2,False,True,False,False
observations/2026-08-23/CoRoT-2/session_01/CoRoT-2260823062715.fits,2026-08-23,CoRoT-2,2026-08-23T06:27:15.688,61275.269,60.0,Clear,51.42,16,742.0,3310,0,61275.26893157407,3.006966660032049,CoRoT-2,False,True,False,False
observations/2026-08-23/CoRoT-2/session_01/CoRoT-2260823063016.fits,2026-08-23,CoRoT-2,2026-08-23T06:30:16.015,61275.271,60.0,Clear,50.976,16,852.0,3418,0,61275.27101869213,3.0054500070400536,CoRoT-2,False,True,False,False
observations/2026-08-23/CoRoT-2/session_01/CoRoT-2260823063315.fits,2026-08-23,CoRoT-2,2026-08-23T06:33:15.549,61275.273,60.0,Clear,50.525,35,722.0,3325,0,61275.27309663194,2.9922333278227597,CoRoT-2,False,True,False,False
observations/2026-08-23/CoRoT-2/session_01/CoRoT-2260823063616.fits,2026-08-23,CoRoT-2,2026-08-23T06:36:16.944,61275.275,60.0,Clear,50.066,35,710.0,3437,0,61275.27519611111,3.023250005207956,CoRoT-2,False,True,False,False
observations/2026-08-23/CoRoT-2/session_01/CoRoT-2260823063916.fits,2026-08-23,CoRoT-2,2026-08-23T06:39:16.377,61275.277,60.0,Clear,49.6,35,700.0,3309,0,61275.27727288195,2.9905500006861985,CoRoT-2,False,True,False,False
observations/2026-08-23/CoRoT-2/session_01/CoRoT-2260823064215.fits,2026-08-23,CoRoT-2,2026-08-23T06:42:15.875,61275.279,60.0,Clear,49.127,35,786.0,3481,0,61275.27935040509,2.991633330238983,CoRoT-2,False,True,False,False
observations/2026-08-23/CoRoT-2/session_01/CoRoT-2260823064515.fits,2026-08-23,CoRoT-2,2026-08-23T06:45:15.334,61275.281,60.0,Clear,48.65,35,760.0,3458,0,61275.28142747685,2.990983334602788,CoRoT-2,False,True,False,False
observations/2026-08-23/CoRoT-2/session_01/CoRoT-2260823064816.fits,2026-08-23,CoRoT-2,2026-08-23T06:48:16.714,61275.284,60.0,Clear,48.162,35,729.0,3259,0,61275.283526782405,3.0229999939911067,CoRoT-2,False,True,False,False
observations/2026-08-23/CoRoT-2/session_01/CoRoT-2260823065115.fits,2026-08-23,CoRoT-2,2026-08-23T06:51:15.162,61275.286,60.0,Clear,47.672,35,608.0,4049,0,61275.28559215278,2.974133341340348,CoRoT-2,False,True,False,False
observations/2026-08-23/CoRoT-2/session_01/CoRoT-2260823065415.fits,2026-08-23,CoRoT-2,2026-08-23T06:54:15.522,61275.288,60.0,Clear,47.172,35,633.0,3755,0,61275.28767965278,3.005999996094033,CoRoT-2,False,True,False,False
observations/2026-08-23/CoRoT-2/session_01/CoRoT-2260823065715.fits,2026-08-23,CoRoT-2,2026-08-23T06:57:15.977,61275.29,60.0,Clear,46.668,35,533.0,4095,2,61275.28976825232,3.007583337603137,CoRoT-2,False,True,True,False
observations/2026-08-23/CoRoT-2/session_01/CoRoT-2260823070015.fits,2026-08-23,CoRoT-2,2026-08-23T07:00:15.505,61275.292,60.0,Clear,46.159,35,521.0,4095,4,61275.29184612269,2.9921333317179233,CoRoT-2,False,True,True,False
observations/2026-08-23/CoRoT-2/session_01/CoRoT-2260823070316.fits,2026-08-23,CoRoT-2,2026-08-23T07:03:16.911,61275.294,60.0,Clear,45.644,59,532.0,4095,3,61275.293945729165,3.0234333279076964,CoRoT-2,False,False,True,False
observations/2026-08-23/CoRoT-2/session_01/CoRoT-2260823070615.fits,2026-08-23,CoRoT-2,2026-08-23T07:06:15.296,61275.296,60.0,Clear,45.124,59,755.0,3428,0,61275.29601037037,2.9730833403300494,CoRoT-2,False,False,False,False
observations/2026-08-23/CoRoT-2/session_01/CoRoT-2260823070915.fits,2026-08-23,CoRoT-2,2026-08-23T07:09:15.720,61275.298,60.0,Clear,44.6,59,510.0,4095,2,61275.298098611114,3.0070666666142642,CoRoT-2,False,False,True,False
observations/2026-08-23/CoRoT-2/session_01/CoRoT-2260823071216.fits,2026-08-23,CoRoT-2,2026-08-23T07:12:16.087,61275.3,60.0,Clear,44.07,59,493.0,4095,3,61275.30018619213,3.006116661708802,CoRoT-2,False,False,True,False
observations/2026-08-23/CoRoT-2/session_01/CoRoT-2260823071515.fits,2026-08-23,CoRoT-2,2026-08-23T07:15:15.482,61275.302,60.0,Clear,43.536,59,541.0,4095,4,61275.302262523146,2.989916664082557,CoRoT-2,False,False,True,False
observations/2026-08-23/CoRoT-2/session_01/CoRoT-2260823071815.fits,2026-08-23,CoRoT-2,2026-08-23T07:18:15.791,61275.304,60.0,Clear,42.998,59,515.0,4095,2,61275.304349432874,3.0051500082481652,CoRoT-2,False,False,True,False
observations/2026-08-23/CoRoT-2/session_01/CoRoT-2260823072115.fits,2026-08-23,CoRoT-2,2026-08-23T07:21:15.145,61275.306,60.0,Clear,42.458,59,549.0,4095,2,61275.30642528935,2.989233329426497,CoRoT-2,False,False,True,False
observations/2026-08-23/CoRoT-2/session_01/CoRoT-2260823072415.fits,2026-08-23,CoRoT-2,2026-08-23T07:24:15.594,61275.309,60.0,Clear,41.908,59,524.0,4095,6,61275.308513819444,3.0074833310209215,CoRoT-2,False,False,True,False
observations/2026-08-23/CoRoT-2/session_01/CoRoT-2260823072715.fits,2026-08-23,CoRoT-2,2026-08-23T07:27:15.981,61275.311,60.0,Clear,41.357,59,511.0,4095,4,61275.31060163194,3.006449999520555,CoRoT-2,False,False,True,False
observations/2026-08-23/CoRoT-2/session_01/CoRoT-2260823073015.fits,2026-08-23,CoRoT-2,2026-08-23T07:30:15.453,61275.313,60.0,Clear,40.803,59,509.0,4095,4,61275.31267885416,2.9911999963223934,CoRoT-2,False,False,True,False
observations/2026-08-23/CoRoT-2/session_01/CoRoT-2260823073315.fits,2026-08-23,CoRoT-2,2026-08-23T07:33:15.809,61275.315,60.0,Clear,40.244,78,645.0,4095,2,61275.31476630787,3.0059333390090615,CoRoT-2,False,False,True,False
observations/2026-08-23/CoRoT-2/session_01/CoRoT-2260823073615.fits,2026-08-23,CoRoT-2,2026-08-23T07:36:15.226,61275.317,60.0,Clear,39.682,78,749.0,3439,0,61275.31684289352,2.990283330436796,CoRoT-2,False,False,False,False
observations/2026-08-23/CoRoT-2/session_01/CoRoT-2260823073915.fits,2026-08-23,CoRoT-2,2026-08-23T07:39:15.639,61275.319,60.0,Clear,39.117,78,570.0,4095,1,61275.31893100694,3.0068833334371448,CoRoT-2,False,False,True,False
observations/2026-08-23/CoRoT-2/session_01/CoRoT-2260823074216.fits,2026-08-23,CoRoT-2,2026-08-23T07:42:16.063,61275.321,60.0,Clear,38.548,78,661.0,3356,0,61275.32101924768,3.0070666666142642,CoRoT-2,False,False,False,False
observations/2026-08-23/CoRoT-2/session_01/CoRoT-2260823074515.fits,2026-08-23,CoRoT-2,2026-08-23T07:45:15.494,61275.323,60.0,Clear,37.977,78,630.0,3395,0,61275.32309599537,2.9905166721437126,CoRoT-2,False,False,False,False
observations/2026-08-23/CoRoT-2/session_01/CoRoT-2260823074815.fits,2026-08-23,CoRoT-2,2026-08-23T07:48:15.899,61275.325,60.0,Clear,37.402,78,599.0,3042,0,61275.325184016205,3.0067499983124435,CoRoT-2,False,False,False,False
observations/2026-08-23/CoRoT-2/session_01/CoRoT-2260823075115.fits,2026-08-23,CoRoT-2,2026-08-23T07:51:15.312,61275.327,60.0,Clear,36.824,78,524.0,4095,3,61275.327260555554,2.9902166628744453,CoRoT-2,False,False,True,False
observations/2026-08-23/CoRoT-2/session_01/CoRoT-2260823075415.fits,2026-08-23,CoRoT-2,2026-08-23T07:54:15.700,61275.329,60.0,Clear,36.243,78,482.0,3697,0,61275.32934837963,3.0064666690304875,CoRoT-2,False,False,False,False
observations/2026-08-23/CoRoT-2/session_01/CoRoT-2260823075716.fits,2026-08-23,CoRoT-2,2026-08-23T07:57:16.116,61275.331,60.0,Clear,35.66,78,489.0,2899,0,61275.33143652778,3.006933331489563,CoRoT-2,False,False,False,False
observations/2026-08-23/CoRoT-2/session_01/CoRoT-2260823080015.fits,2026-08-23,CoRoT-2,2026-08-23T08:00:15.592,61275.334,60.0,Clear,35.074,78,483.0,3117,0,61275.33351379629,2.991266663884744,CoRoT-2,False,False,False,False
observations/2026-08-23/CoRoT-2/session_01/CoRoT-2260823080315.fits,2026-08-23,CoRoT-2,2026-08-23T08:03:15.942,61275.336,60.0,Clear,34.485,80,480.0,3184,0,61275.33560118056,3.005833342904225,CoRoT-2,False,False,False,False
observations/2026-08-23/CoRoT-2/session_01/CoRoT-2260823080615.fits,2026-08-23,CoRoT-2,2026-08-23T08:06:15.432,61275.338,60.0,Clear,33.894,80,473.0,3196,0,61275.33767861111,2.9914999951142818,CoRoT-2,False,False,False,False
observations/2026-08-23/CoRoT-2/session_01/CoRoT-2260823080915.fits,2026-08-23,CoRoT-2,2026-08-23T08:09:15.820,61275.34,60.0,Clear,33.301,80,467.0,2921,0,61275.33976643519,3.0064666690304875,CoRoT-2,False,False,False,False
observations/2026-08-23/CoRoT-2/session_01/CoRoT-2260823081215.fits,2026-08-23,CoRoT-2,2026-08-23T08:12:15.189,61275.342,60.0,Clear,32.709,80,470.0,3195,0,61275.34184246528,2.9894833301659673,CoRoT-2,False,False,False,False
observations/2026-08-23/CoRoT-2/session_01/CoRoT-2260823081515.fits,2026-08-23,CoRoT-2,2026-08-23T08:15:15.644,61275.344,60.0,Clear,32.107,80,478.0,2862,0,61275.34393106482,3.007583337603137,CoRoT-2,False,False,False,False
observations/2026-08-30/CoRoT-2/session_01/CoRoT-2260830031836.fits,2026-08-30,CoRoT-2,2026-08-30T03:18:36.985,61282.138,60.0,Clear,56.605,0,420.0,3241,0,61282.13792806713,,CoRoT-2,False,True,False,False
observations/2026-08-30/CoRoT-2/session_01/CoRoT-2260830032115.fits,2026-08-30,CoRoT-2,2026-08-30T03:21:15.622,61282.14,60.0,Clear,56.866,0,428.0,3290,0,61282.13976414352,2.6439499959815294,CoRoT-2,False,True,False,False
observations/2026-08-30/CoRoT-2/session_01/CoRoT-2260830032417.fits,2026-08-30,CoRoT-2,2026-08-30T03:24:17.067,61282.142,60.0,Clear,57.151,0,426.0,3290,0,61282.14186420139,3.0240833340212703,CoRoT-2,False,True,False,False
observations/2026-08-30/CoRoT-2/session_01/CoRoT-2260830032716.fits,2026-08-30,CoRoT-2,2026-08-30T03:27:16.462,61282.144,60.0,Clear,57.42,0,441.0,3269,0,61282.143940532405,2.989916664082557,CoRoT-2,False,True,False,False
observations/2026-08-30/CoRoT-2/session_01/CoRoT-2260830033015.fits,2026-08-30,CoRoT-2,2026-08-30T03:30:15.898,61282.146,60.0,Clear,57.677,0,457.0,3306,0,61282.14601733796,2.9905999987386167,CoRoT-2,False,True,False,False
observations/2026-08-30/CoRoT-2/session_01/CoRoT-2260830033315.fits,2026-08-30,CoRoT-2,2026-08-30T03:33:15.404,61282.148,60.0,Clear,57.921,0,469.0,3258,0,61282.14809495371,2.9917666758410633,CoRoT-2,False,True,False,False
observations/2026-08-30/CoRoT-2/session_01/CoRoT-2260830033616.fits,2026-08-30,CoRoT-2,2026-08-30T03:36:16.805,61282.15,60.0,Clear,58.151,0,468.0,3307,0,61282.15019450231,3.0233499908354133,CoRoT-2,False,True,False,False
observations/2026-08-30/CoRoT-2/session_01/CoRoT-2260830033916.fits,2026-08-30,CoRoT-2,2026-08-30T03:39:16.321,61282.152,60.0,Clear,58.366,0,515.0,3323,0,61282.1522722338,2.9919333395082504,CoRoT-2,False,True,False,False
observations/2026-08-30/CoRoT-2/session_01/CoRoT-2260830034215.fits,2026-08-30,CoRoT-2,2026-08-30T03:42:15.761,61282.154,60.0,Clear,58.567,0,538.0,3326,0,61282.15434908565,2.9906666663009673,CoRoT-2,False,True,False,False
observations/2026-08-30/CoRoT-2/session_01/CoRoT-2260830034515.fits,2026-08-30,CoRoT-2,2026-08-30T03:45:15.139,61282.156,60.0,Clear,58.753,0,553.0,3350,0,61282.15642521991,2.989633334800601,CoRoT-2,False,True,False,False
observations/2026-08-30/CoRoT-2/session_01/CoRoT-2260830034816.fits,2026-08-30,CoRoT-2,2026-08-30T03:48:16.590,61282.159,60.0,Clear,58.924,0,561.0,3356,0,61282.15852534722,3.0241833301261067,CoRoT-2,False,True,False,False
observations/2026-08-30/CoRoT-2/session_01/CoRoT-2260830035116.fits,2026-08-30,CoRoT-2,2026-08-30T03:51:16.173,61282.161,60.0,Clear,59.08,0,580.0,3279,0,61282.160603854165,2.9930499976035208,CoRoT-2,False,True,False,False
observations/2026-08-30/CoRoT-2/session_01/CoRoT-2260830035415.fits,2026-08-30,CoRoT-2,2026-08-30T03:54:15.552,61282.163,60.0,Clear,59.219,0,583.0,3362,0,61282.16268,2.9896500043105334,CoRoT-2,False,True,False,False
observations/2026-08-30/CoRoT-2/session_01/CoRoT-2260830035716.fits,2026-08-30,CoRoT-2,2026-08-30T03:57:16.158,61282.165,60.0,Clear,59.344,0,595.0,3226,0,61282.16477034722,3.0100999935530126,CoRoT-2,False,True,False,False
observations/2026-08-30/CoRoT-2/session_01/CoRoT-2260830040015.fits,2026-08-30,CoRoT-2,2026-08-30T04:00:15.706,61282.167,60.0,Clear,59.452,0,592.0,3376,0,61282.16684844907,2.9924666695296764,CoRoT-2,False,True,False,False
observations/2026-08-30/CoRoT-2/session_01/CoRoT-2260830040316.fits,2026-08-30,CoRoT-2,2026-08-30T04:03:16.188,61282.169,60.0,Clear,59.544,0,613.0,3380,0,61282.16893736111,3.00803333055228,CoRoT-2,False,True,False,False
observations/2026-08-30/CoRoT-2/session_01/CoRoT-2260830040615.fits,2026-08-30,CoRoT-2,2026-08-30T04:06:15.717,61282.171,60.0,Clear,59.62,0,611.0,3243,0,61282.17101524305,2.9921500012278557,CoRoT-2,False,True,False,False
observations/2026-08-30/CoRoT-2/session_01/CoRoT-2260830040916.fits,2026-08-30,CoRoT-2,2026-08-30T04:09:16.244,61282.173,60.0,Clear,59.679,0,676.0,3414,0,61282.17310467592,3.0087833327706903,CoRoT-2,False,True,False,False
observations/2026-08-30/CoRoT-2/session_01/CoRoT-2260830041215.fits,2026-08-30,CoRoT-2,2026-08-30T04:12:15.764,61282.175,60.0,Clear,59.722,0,720.0,3414,0,61282.175182453706,2.992000007070601,CoRoT-2,False,True,False,False
observations/2026-08-30/CoRoT-2/session_01/CoRoT-2260830041515.fits,2026-08-30,CoRoT-2,2026-08-30T04:15:15.280,61282.177,60.0,Clear,59.748,0,769.0,3361,0,61282.177260185184,2.9919333290308714,CoRoT-2,False,True,False,False
observations/2026-08-30/CoRoT-2/session_01/CoRoT-2260830041816.fits,2026-08-30,CoRoT-2,2026-08-30T04:18:16.584,61282.179,60.0,Clear,59.757,0,837.0,3490,0,61282.17935861111,3.0217333312612027,CoRoT-2,False,True,False,False
observations/2026-08-30/CoRoT-2/session_01/CoRoT-2260830042116.fits,2026-08-30,CoRoT-2,2026-08-30T04:21:16.025,61282.181,60.0,Clear,59.75,0,906.0,3532,0,61282.18143547454,2.9906833358108997,CoRoT-2,False,True,False,False
observations/2026-08-30/CoRoT-2/session_01/CoRoT-2260830042415.fits,2026-08-30,CoRoT-2,2026-08-30T04:24:15.466,61282.184,60.0,Clear,59.726,0,962.0,3525,0,61282.183512337964,2.9906833358108997,CoRoT-2,False,True,False,False
observations/2026-08-30/CoRoT-2/session_01/CoRoT-2260830042715.fits,2026-08-30,CoRoT-2,2026-08-30T04:27:15.806,61282.186,60.0,Clear,59.686,0,993.0,3566,0,61282.185599606484,3.005666668759659,CoRoT-2,False,True,False,False
observations/2026-08-30/CoRoT-2/session_01/CoRoT-2260830043015.fits,2026-08-30,CoRoT-2,2026-08-30T04:30:15.285,61282.188,60.0,Clear,59.628,0,1007.0,3575,0,61282.18767690972,2.9913166619371623,CoRoT-2,False,True,False,True
observations/2026-08-30/CoRoT-2/session_01/CoRoT-2260830043316.fits,2026-08-30,CoRoT-2,2026-08-30T04:33:16.662,61282.19,60.0,Clear,59.555,4,1033.0,3588,0,61282.18977618055,3.0229499959386885,CoRoT-2,False,True,False,True
observations/2026-08-30/CoRoT-2/session_01/CoRoT-2260830043616.fits,2026-08-30,CoRoT-2,2026-08-30T04:36:16.130,61282.192,60.0,Clear,59.465,4,1068.0,3607,0,61282.19185335648,2.9911333392374218,CoRoT-2,False,True,False,True
observations/2026-08-30/CoRoT-2/session_01/CoRoT-2260830043916.fits,2026-08-30,CoRoT-2,2026-08-30T04:39:16.588,61282.194,60.0,Clear,59.359,4,1101.0,3618,0,61282.19394199074,3.007633335655555,CoRoT-2,False,True,False,True
observations/2026-08-30/CoRoT-2/session_01/CoRoT-2260830044216.fits,2026-08-30,CoRoT-2,2026-08-30T04:42:16.043,61282.196,60.0,Clear,59.237,4,1150.0,3636,0,61282.196019016206,2.9909166670404375,CoRoT-2,False,True,False,True
observations/2026-08-30/CoRoT-2/session_01/CoRoT-2260830044515.fits,2026-08-30,CoRoT-2,2026-08-30T04:45:15.396,61282.198,60.0,Clear,59.099,4,1169.0,3657,0,61282.19809486111,2.989216659916565,CoRoT-2,False,True,False,True
observations/2026-08-30/CoRoT-2/session_01/CoRoT-2260830044815.fits,2026-08-30,CoRoT-2,2026-08-30T04:48:15.835,61282.2,60.0,Clear,58.946,4,1204.0,3674,0,61282.20018327546,3.0073166673537344,CoRoT-2,False,True,False,True
observations/2026-08-30/CoRoT-2/session_01/CoRoT-2260830045115.fits,2026-08-30,CoRoT-2,2026-08-30T04:51:15.168,61282.202,60.0,Clear,58.777,4,1237.0,3684,0,61282.20225888889,2.9888833325821906,CoRoT-2,False,True,False,True
observations/2026-08-30/CoRoT-2/session_01/CoRoT-2260830045415.fits,2026-08-30,CoRoT-2,2026-08-30T04:54:15.581,61282.204,60.0,Clear,58.593,4,1255.0,3703,0,61282.20434700231,3.0068833334371448,CoRoT-2,False,True,False,True
observations/2026-08-30/CoRoT-2/session_01/CoRoT-2260830045716.fits,2026-08-30,CoRoT-2,2026-08-30T04:57:16.045,61282.206,60.0,Clear,58.393,4,1295.0,3714,0,61282.206435706015,3.0077333317603916,CoRoT-2,False,True,False,True
observations/2026-08-30/CoRoT-2/session_01/CoRoT-2260830050015.fits,2026-08-30,CoRoT-2,2026-08-30T05:00:15.458,61282.209,60.0,Clear,58.18,4,1346.0,3748,0,61282.20851224537,2.9902166733518243,CoRoT-2,False,True,False,True
observations/2026-08-30/CoRoT-2/session_01/CoRoT-2260830050315.fits,2026-08-30,CoRoT-2,2026-08-30T05:03:15.941,61282.211,60.0,Clear,57.953,2,1360.0,3750,0,61282.21060116898,3.0080500000622123,CoRoT-2,False,True,False,True
observations/2026-08-30/CoRoT-2/session_01/CoRoT-2260830050615.fits,2026-08-30,CoRoT-2,2026-08-30T05:06:15.552,61282.213,60.0,Clear,57.711,2,1336.0,3728,0,61282.21268,2.993516660062596,CoRoT-2,False,True,False,True
observations/2026-08-30/CoRoT-2/session_01/CoRoT-2260830050915.fits,2026-08-30,CoRoT-2,2026-08-30T05:09:15.990,61282.215,60.0,Clear,57.455,2,1309.0,3728,0,61282.21476840278,3.007300008321181,CoRoT-2,False,True,False,True
observations/2026-08-30/CoRoT-2/session_01/CoRoT-2260830051216.fits,2026-08-30,CoRoT-2,2026-08-30T05:12:16.403,61282.217,60.0,Clear,57.187,2,1313.0,3726,0,61282.21685651621,3.0068833334371448,CoRoT-2,False,True,False,True
observations/2026-08-30/CoRoT-2/session_01/CoRoT-2260830051515.fits,2026-08-30,CoRoT-2,2026-08-30T05:15:15.707,61282.219,60.0,Clear,56.905,2,1330.0,3733,0,61282.218931793985,2.988400000613183,CoRoT-2,False,True,False,True
observations/2026-08-30/CoRoT-2/session_01/CoRoT-2260830051815.fits,2026-08-30,CoRoT-2,2026-08-30T05:18:15.171,61282.221,60.0,Clear,56.61,2,1308.0,3723,0,61282.22100892361,2.991066661197692,CoRoT-2,False,True,False,True
observations/2026-08-30/CoRoT-2/session_01/CoRoT-2260830052115.fits,2026-08-30,CoRoT-2,2026-08-30T05:21:15.636,61282.223,60.0,Clear,56.304,2,1289.0,3723,0,61282.22309763889,3.007750001270324,CoRoT-2,False,True,False,True
observations/2026-08-30/CoRoT-2/session_01/CoRoT-2260830052416.fits,2026-08-30,CoRoT-2,2026-08-30T05:24:16.144,61282.225,60.0,Clear,55.983,2,1249.0,3693,0,61282.22518685185,3.0084666644688696,CoRoT-2,False,True,False,True
observations/2026-08-30/CoRoT-2/session_01/CoRoT-2260830052715.fits,2026-08-30,CoRoT-2,2026-08-30T05:27:15.577,61282.227,60.0,Clear,55.654,2,1228.0,3695,0,61282.227263622684,2.9905500006861985,CoRoT-2,False,True,False,True
observations/2026-08-30/CoRoT-2/session_01/CoRoT-2260830053015.fits,2026-08-30,CoRoT-2,2026-08-30T05:30:15.935,61282.229,60.0,Clear,55.312,2,1185.0,3664,0,61282.22935109954,3.0059666675515473,CoRoT-2,False,True,False,True
observations/2026-08-30/CoRoT-2/session_01/CoRoT-2260830053315.fits,2026-08-30,CoRoT-2,2026-08-30T05:33:15.423,61282.231,60.0,Clear,54.96,20,1135.0,3640,0,61282.231428506944,2.991466666571796,CoRoT-2,False,True,False,True
observations/2026-08-30/CoRoT-2/session_01/CoRoT-2260830053615.fits,2026-08-30,CoRoT-2,2026-08-30T05:36:15.917,61282.234,60.0,Clear,54.596,20,1075.0,3611,0,61282.23351755787,3.008233333239332,CoRoT-2,False,True,False,True
observations/2026-08-30/CoRoT-2/session_01/CoRoT-2260830053916.fits,2026-08-30,CoRoT-2,2026-08-30T05:39:16.312,61282.236,60.0,Clear,54.222,20,1038.0,3595,0,61282.23560546296,3.0065833346452564,CoRoT-2,False,True,False,True
observations/2026-08-30/CoRoT-2/session_01/CoRoT-2260830054215.fits,2026-08-30,CoRoT-2,2026-08-30T05:42:15.764,61282.238,60.0,Clear,53.839,20,998.0,3569,0,61282.237682453706,2.9908666689880192,CoRoT-2,False,True,False,False
observations/2026-08-30/CoRoT-2/session_01/CoRoT-2260830054517.fits,2026-08-30,CoRoT-2,2026-08-30T05:45:17.026,61282.24,60.0,Clear,53.443,20,813.0,3716,0,61282.23978039352,3.0210333270952106,CoRoT-2,False,True,False,False
observations/2026-08-30/CoRoT-2/session_01/CoRoT-2260830054816.fits,2026-08-30,CoRoT-2,2026-08-30T05:48:16.444,61282.242,60.0,Clear,53.042,20,669.0,4095,2,61282.24185699074,2.9902999999467283,CoRoT-2,False,True,True,False
observations/2026-08-30/CoRoT-2/session_01/CoRoT-2260830055116.fits,2026-08-30,CoRoT-2,2026-08-30T05:51:16.829,61282.244,60.0,Clear,52.63,20,582.0,4095,4,61282.24394478009,3.0064166709780693,CoRoT-2,False,True,True,False
observations/2026-08-30/CoRoT-2/session_01/CoRoT-2260830055415.fits,2026-08-30,CoRoT-2,2026-08-30T05:54:15.274,61282.246,60.0,Clear,52.21,20,573.0,4095,8,61282.24601011574,2.974083332810551,CoRoT-2,False,True,True,False
observations/2026-08-30/CoRoT-2/session_01/CoRoT-2260830055715.fits,2026-08-30,CoRoT-2,2026-08-30T05:57:15.694,61282.248,60.0,Clear,51.781,20,874.0,3529,0,61282.248098310185,3.0069999990519136,CoRoT-2,False,True,False,False
observations/2026-08-30/CoRoT-2/session_01/CoRoT-2260830060015.fits,2026-08-30,CoRoT-2,2026-08-30T06:00:15.152,61282.25,60.0,Clear,51.346,20,842.0,3498,0,61282.25017537037,2.9909666650928557,CoRoT-2,False,True,False,False
observations/2026-08-30/CoRoT-2/session_01/CoRoT-2260830060315.fits,2026-08-30,CoRoT-2,2026-08-30T06:03:15.625,61282.252,60.0,Clear,50.898,60,580.0,4095,5,61282.25226417824,3.0078833363950253,CoRoT-2,False,False,True,False
observations/2026-08-30/CoRoT-2/session_01/CoRoT-2260830060616.fits,2026-08-30,CoRoT-2,2026-08-30T06:06:16.047,61282.254,60.0,Clear,50.445,60,570.0,4095,3,61282.25435239583,3.0070333275943995,CoRoT-2,False,False,True,False
observations/2026-08-30/CoRoT-2/session_01/CoRoT-2260830060916.fits,2026-08-30,CoRoT-2,2026-08-30T06:09:16.488,61282.256,60.0,Clear,49.985,60,576.0,4095,5,61282.256440833335,3.007350006373599,CoRoT-2,False,False,True,False
observations/2026-08-30/CoRoT-2/session_01/CoRoT-2260830061215.fits,2026-08-30,CoRoT-2,2026-08-30T06:12:15.933,61282.259,60.0,Clear,49.518,60,631.0,4095,3,61282.25851774305,2.9907499928958714,CoRoT-2,False,False,True,False
observations/2026-08-30/CoRoT-2/session_01/CoRoT-2260830061516.fits,2026-08-30,CoRoT-2,2026-08-30T06:15:16.314,61282.261,60.0,Clear,49.044,60,695.0,4095,1,61282.26060548611,3.0063500034157187,CoRoT-2,False,False,True,False
observations/2026-08-30/CoRoT-2/session_01/CoRoT-2260830061815.fits,2026-08-30,CoRoT-2,2026-08-30T06:18:15.885,61282.263,60.0,Clear,48.563,60,1059.0,3581,0,61282.26268385417,2.992850005393848,CoRoT-2,False,False,False,True
observations/2026-08-30/CoRoT-2/session_01/CoRoT-2260830062115.fits,2026-08-30,CoRoT-2,2026-08-30T06:21:15.278,61282.265,60.0,Clear,48.076,60,1036.0,3520,0,61282.264760162034,2.989883325062692,CoRoT-2,False,False,False,True
observations/2026-08-30/CoRoT-2/session_01/CoRoT-2260830062415.fits,2026-08-30,CoRoT-2,2026-08-30T06:24:15.748,61282.267,60.0,Clear,47.583,60,1092.0,3589,0,61282.266848935185,3.007833338342607,CoRoT-2,False,False,False,True
observations/2026-08-30/CoRoT-2/session_01/CoRoT-2260830062716.fits,2026-08-30,CoRoT-2,2026-08-30T06:27:16.159,61282.269,60.0,Clear,47.084,60,1595.0,3875,0,61282.26893702547,3.006850004894659,CoRoT-2,False,False,False,True
observations/2026-08-30/CoRoT-2/session_01/CoRoT-2260830063015.fits,2026-08-30,CoRoT-2,2026-08-30T06:30:15.481,61282.271,60.0,Clear,46.58,60,1837.0,3978,0,61282.27101251158,2.988699999405071,CoRoT-2,False,False,False,True
observations/2026-08-30/CoRoT-2/session_01/CoRoT-2260830063315.fits,2026-08-30,CoRoT-2,2026-08-30T06:33:15.944,61282.273,60.0,Clear,46.069,75,1316.0,3717,0,61282.273101203704,3.007716662250459,CoRoT-2,False,False,False,True
observations/2026-08-30/CoRoT-2/session_01/CoRoT-2260830063615.fits,2026-08-30,CoRoT-2,2026-08-30T06:36:15.342,61282.275,60.0,Clear,45.554,75,1362.0,3753,0,61282.27517756944,2.989966662134975,CoRoT-2,False,False,False,True
observations/2026-08-30/CoRoT-2/session_01/CoRoT-2260830063915.fits,2026-08-30,CoRoT-2,2026-08-30T06:39:15.783,61282.277,60.0,Clear,45.033,75,1491.0,3814,0,61282.277266006946,3.007350006373599,CoRoT-2,False,False,False,True
observations/2026-08-30/CoRoT-2/session_01/CoRoT-2260830064217.fits,2026-08-30,CoRoT-2,2026-08-30T06:42:17.149,61282.279,60.0,Clear,44.505,75,1484.0,3809,0,61282.27936515046,3.022766662761569,CoRoT-2,False,False,False,True
observations/2026-08-30/CoRoT-2/session_01/CoRoT-2260830064515.fits,2026-08-30,CoRoT-2,2026-08-30T06:45:15.619,61282.281,60.0,Clear,43.977,75,1430.0,3791,0,61282.28143077546,2.974499997217208,CoRoT-2,False,False,False,True
observations/2026-08-30/CoRoT-2/session_01/CoRoT-2260830064816.fits,2026-08-30,CoRoT-2,2026-08-30T06:48:16.017,61282.284,60.0,Clear,43.443,75,1321.0,3728,0,61282.28351871528,3.0066333431750536,CoRoT-2,False,False,False,True
observations/2026-08-30/CoRoT-2/session_01/CoRoT-2260830065115.fits,2026-08-30,CoRoT-2,2026-08-30T06:51:15.541,61282.286,60.0,Clear,42.903,75,1269.0,3706,0,61282.285596539354,2.9920666641555727,CoRoT-2,False,False,False,True
observations/2026-08-30/CoRoT-2/session_01/CoRoT-2260830065417.fits,2026-08-30,CoRoT-2,2026-08-30T06:54:17.032,61282.288,60.0,Clear,42.357,75,984.0,3548,0,61282.28769712963,3.024849995272234,CoRoT-2,False,False,False,False
observations/2026-08-30/CoRoT-2/session_01/CoRoT-2260830065715.fits,2026-08-30,CoRoT-2,2026-08-30T06:57:15.526,61282.29,60.0,Clear,41.812,75,1203.0,3697,0,61282.28976303241,2.974900002591312,CoRoT-2,False,False,False,True
observations/2026-08-30/CoRoT-2/session_01/CoRoT-2260830070016.fits,2026-08-30,CoRoT-2,2026-08-30T07:00:16.085,61282.292,60.0,Clear,41.261,75,892.0,3467,0,61282.291852835646,3.0093166627921164,CoRoT-2,False,False,False,False
observations/2026-08-30/CoRoT-2/session_01/CoRoT-2260830070316.fits,2026-08-30,CoRoT-2,2026-08-30T07:03:16.619,61282.294,60.0,Clear,40.706,33,1092.0,3610,0,61282.29394234953,3.008899998385459,CoRoT-2,False,True,False,True
observations/2026-08-30/CoRoT-2/session_01/CoRoT-2260830070616.fits,2026-08-30,CoRoT-2,2026-08-30T07:06:16.057,61282.296,60.0,Clear,40.147,33,997.0,3567,0,61282.29601917824,2.9906333377584815,CoRoT-2,False,True,False,False
observations/2026-08-30/CoRoT-2/session_01/CoRoT-2260830070915.fits,2026-08-30,CoRoT-2,2026-08-30T07:09:15.495,61282.298,60.0,Clear,39.584,33,1036.0,3599,0,61282.29809600695,2.9906333377584815,CoRoT-2,False,True,False,True
observations/2026-08-30/CoRoT-2/session_01/CoRoT-2260830071522.fits,2026-08-30,CoRoT-2,2026-08-30T07:15:22.839,61282.302,60.0,Clear,38.427,33,1181.0,3659,0,61282.30234767361,6.122399998130277,CoRoT-2,False,True,False,True
observations/2026-08-30/CoRoT-2/session_01/CoRoT-2260830072013.fits,2026-08-30,CoRoT-2,2026-08-30T07:20:13.959,61282.306,60.0,Clear,37.5,33,1045.0,3595,0,61282.305717118055,4.85199999762699,CoRoT-2,False,True,False,True
observations/2026-08-30/CoRoT-2/session_01/CoRoT-2260830072504.fits,2026-08-30,CoRoT-2,2026-08-30T07:25:04.028,61282.309,60.0,Clear,36.568,33,1143.0,3654,0,61282.309074398145,4.834483328741044,CoRoT-2,False,True,False,True
observations/2026-08-30/CoRoT-2/session_01/CoRoT-2260830072648.fits,2026-08-30,CoRoT-2,2026-08-30T07:26:48.134,61282.31,60.0,Clear,36.232,33,1123.0,3629,0,61282.3102793287,1.7351000045891851,CoRoT-2,False,True,False,True
observations/2026-08-30/CoRoT-2/session_01/CoRoT-2260830073321.fits,2026-08-30,CoRoT-2,2026-08-30T07:33:21.527,61282.315,60.0,Clear,34.952,2,1041.0,3597,0,61282.314832488424,6.5565499977674335,CoRoT-2,False,True,False,True
observations/2026-08-30/CoRoT-2/session_01/CoRoT-2260830073506.fits,2026-08-30,CoRoT-2,2026-08-30T07:35:06.686,61282.316,60.0,Clear,34.609,2,1062.0,3596,0,61282.31604960648,1.7526500020176172,CoRoT-2,False,True,False,True
observations/2026-08-30/CoRoT-2/session_01/CoRoT-2260830074141.fits,2026-08-30,CoRoT-2,2026-08-30T07:41:41.037,61282.321,60.0,Clear,33.313,2,762.0,3452,0,61282.320613854165,6.572516664164141,CoRoT-2,False,True,False,False
observations/2026-08-30/CoRoT-2/session_01/CoRoT-2260830074325.fits,2026-08-30,CoRoT-2,2026-08-30T07:43:25.229,61282.322,60.0,Clear,32.966,2,747.0,3433,0,61282.321819780096,1.7365333414636552,CoRoT-2,False,True,False,False
observations/2026-08-30/CoRoT-2/session_01/CoRoT-2260830074813.fits,2026-08-30,CoRoT-2,2026-08-30T07:48:13.286,61282.325,60.0,Clear,32.013,2,923.0,3523,0,61282.32515377315,4.800949995405972,CoRoT-2,False,True,False,False
observations/2026-09-05/HATP-10/session_01/HATP-10260905074224.fits,2026-09-05,HATP-10,2026-09-05T07:42:24.011,61288.321,60.0,Clear,40.496,100,426.0,4095,32,61288.32111123842,,HAT-P-10,False,False,True,False
observations/2026-09-05/HATP-10/session_01/HATP-10260905074835.fits,2026-09-05,HATP-10,2026-09-05T07:48:35.877,61288.325,60.0,Clear,41.773,100,429.0,4095,32,61288.32541524305,6.197766666300595,HAT-P-10,False,False,True,False
observations/2026-09-05/HATP-10/session_01/HATP-10260905075020.fits,2026-09-05,HATP-10,2026-09-05T07:50:20.102,61288.327,60.0,Clear,42.131,100,429.0,4095,32,61288.32662155093,1.7370833409950137,HAT-P-10,False,False,True,False
observations/2026-09-05/HATP-10/session_01/HATP-10260905075816.fits,2026-09-05,HATP-10,2026-09-05T07:58:16.201,61288.332,60.0,Clear,43.771,100,431.0,4095,31,61288.33213195602,7.934983331942931,HAT-P-10,False,False,True,False
observations/2026-09-05/HATP-10/session_01/HATP-10260905080000.fits,2026-09-05,HATP-10,2026-09-05T08:00:00.367,61288.333,60.0,Clear,44.134,100,430.0,4095,32,61288.33333758102,1.7360999970696867,HAT-P-10,False,False,True,False
observations/2026-09-05/HATP-10/session_01/HATP-10260905080614.fits,2026-09-05,HATP-10,2026-09-05T08:06:14.128,61288.338,60.0,Clear,45.423,100,429.0,4095,32,61288.33766351852,6.229350002249703,HAT-P-10,False,False,True,False
observations/2026-09-05/HATP-10/session_01/HATP-10260905081225.fits,2026-09-05,HATP-10,2026-09-05T08:12:25.844,61288.342,60.0,Clear,46.711,100,428.0,4095,35,61288.34196578704,6.1952666693832725,HAT-P-10,False,False,True,False
observations/2026-09-05/HATP-10/session_01/HATP-10260905082023.fits,2026-09-05,HATP-10,2026-09-05T08:20:23.877,61288.347,60.0,Clear,48.371,100,426.0,4095,33,61288.34749857639,7.967216663528234,HAT-P-10,False,False,True,False
observations/2026-09-05/HATP-10/session_01/HATP-10260905082206.fits,2026-09-05,HATP-10,2026-09-05T08:22:06.993,61288.349,60.0,Clear,48.729,100,426.0,4095,33,61288.34869204861,1.7185999976936728,HAT-P-10,False,False,True,False
observations/2026-09-05/HATP-10/session_01/HATP-10260905083001.fits,2026-09-05,HATP-10,2026-09-05T08:30:01.954,61288.354,60.0,Clear,50.382,100,425.0,4095,33,61288.35418928241,7.916016667149961,HAT-P-10,False,False,True,False
observations/2026-09-05/HATP-10/session_01/HATP-10260905083613.fits,2026-09-05,HATP-10,2026-09-05T08:36:13.691,61288.358,60.0,Clear,51.68,100,425.0,4095,33,61288.35849179398,6.195616666227579,HAT-P-10,False,False,True,False
observations/2026-09-05/HATP-10/session_01/HATP-10260905083756.fits,2026-09-05,HATP-10,2026-09-05T08:37:56.833,61288.36,60.0,Clear,52.04,100,425.0,4095,35,61288.35968556713,1.7190333316102624,HAT-P-10,False,False,True,False
observations/2026-09-05/HATP-10/session_01/HATP-10260905084411.fits,2026-09-05,HATP-10,2026-09-05T08:44:11.610,61288.364,60.0,Clear,53.351,100,425.0,4095,31,61288.364023263886,6.246283332584426,HAT-P-10,False,False,True,False
observations/2026-09-05/HATP-10/session_01/HATP-10260905085025.fits,2026-09-05,HATP-10,2026-09-05T08:50:25.469,61288.368,60.0,Clear,54.657,100,424.0,4095,35,61288.36835033565,6.230983341811225,HAT-P-10,False,False,True,False
observations/2026-09-05/HATP-10/session_01/HATP-10260905085638.fits,2026-09-05,HATP-10,2026-09-05T08:56:38.366,61288.373,60.0,Clear,55.969,100,423.0,4095,33,61288.37266627315,6.214949997374788,HAT-P-10,False,False,True,False
observations/2026-09-05/HATP-10/session_01/HATP-10260905090251.fits,2026-09-05,HATP-10,2026-09-05T09:02:51.346,61288.377,60.0,Clear,57.279,100,423.0,4095,33,61288.3769831713,6.21633333619684,HAT-P-10,False,False,True,False
observations/2026-09-05/HATP-10/session_01/HATP-10260905090903.fits,2026-09-05,HATP-10,2026-09-05T09:09:03.281,61288.381,60.0,Clear,58.583,100,423.0,4095,34,61288.38128797454,6.19891666341573,HAT-P-10,False,False,True,False
observations/2026-09-05/HATP-10/session_01/HATP-10260905091516.fits,2026-09-05,HATP-10,2026-09-05T09:15:16.040,61288.386,60.0,Clear,59.897,100,422.0,4095,34,61288.38560231482,6.2126500031445175,HAT-P-10,False,False,True,False
observations/2026-09-05/HATP-10/session_01/HATP-10260905092127.fits,2026-09-05,HATP-10,2026-09-05T09:21:27.901,61288.39,60.0,Clear,61.208,100,423.0,4095,35,61288.389906261575,6.197683329228312,HAT-P-10,False,False,True,False
observations/2026-09-05/HATP-10/session_01/HATP-10260905092925.fits,2026-09-05,HATP-10,2026-09-05T09:29:25.822,61288.395,60.0,Clear,62.896,100,421.0,4095,34,61288.39543775463,7.965350003214553,HAT-P-10,False,False,True,False
observations/2026-09-05/HATP-10/session_01/HATP-10260905093109.fits,2026-09-05,HATP-10,2026-09-05T09:31:09.027,61288.397,60.0,Clear,63.259,100,421.0,4095,36,61288.39663225695,1.7200833326205611,HAT-P-10,False,False,True,False
observations/2026-09-05/HATP-10/session_01/HATP-10260905093253.fits,2026-09-05,HATP-10,2026-09-05T09:32:53.212,61288.398,60.0,Clear,63.627,100,421.0,4095,33,61288.39783810185,1.7364166653715074,HAT-P-10,False,False,True,False
observations/2026-09-05/HATP-10/session_01/HATP-10260905093436.fits,2026-09-05,HATP-10,2026-09-05T09:34:36.356,61288.399,60.0,Clear,63.995,100,421.0,4095,35,61288.399031898145,1.7190666601527482,HAT-P-10,False,False,True,False
observations/2026-09-05/HATP-10/session_01/HATP-10260905093620.fits,2026-09-05,HATP-10,2026-09-05T09:36:20.532,61288.4,60.0,Clear,64.359,100,421.0,4095,35,61288.40023763889,1.7362666712142527,HAT-P-10,False,False,True,False
observations/2026-09-05/HATP-10/session_01/HATP-10260905093803.fits,2026-09-05,HATP-10,2026-09-05T09:38:03.688,61288.401,60.0,Clear,64.727,100,421.0,4095,33,61288.40143157407,1.7192666628398001,HAT-P-10,False,False,True,False
observations/2026-09-05/HATP-10/session_01/HATP-10260905093948.fits,2026-09-05,HATP-10,2026-09-05T09:39:48.858,61288.403,60.0,Clear,65.098,100,421.0,4095,35,61288.40264881944,1.7528333351947367,HAT-P-10,False,False,True,False
observations/2026-09-05/HATP-10/session_01/HATP-10260905094132.fits,2026-09-05,HATP-10,2026-09-05T09:41:32.055,61288.404,60.0,Clear,65.463,100,421.0,4095,34,61288.40384322916,1.7199499974958599,HAT-P-10,False,False,True,False
observations/2026-09-05/HATP-10/session_01/HATP-10260905094316.fits,2026-09-05,HATP-10,2026-09-05T09:43:16.256,61288.405,60.0,Clear,65.834,100,422.0,4095,36,61288.40504925926,1.73668333562091,HAT-P-10,False,False,True,False
observations/2026-09-05/HATP-10/session_01/HATP-10260905094501.fits,2026-09-05,HATP-10,2026-09-05T09:45:01.405,61288.406,60.0,Clear,66.202,100,422.0,4095,36,61288.406266261576,1.7524833383504301,HAT-P-10,False,False,True,False
observations/2026-09-05/HATP-10/session_01/HATP-10260905094645.fits,2026-09-05,HATP-10,2026-09-05T09:46:45.550,61288.407,60.0,Clear,66.571,100,422.0,4095,34,61288.40747164352,1.73575000022538,HAT-P-10,False,False,True,False
observations/2026-09-05/HATP-10/session_01/HATP-10260905094830.fits,2026-09-05,HATP-10,2026-09-05T09:48:30.733,61288.409,60.0,Clear,66.943,100,423.0,4095,34,61288.40868903935,1.753049996914342,HAT-P-10,False,False,True,False
observations/2026-09-05/HATP-10/session_01/HATP-10260905095013.fits,2026-09-05,HATP-10,2026-09-05T09:50:13.866,61288.41,60.0,Clear,67.311,100,422.0,4095,35,61288.409882708336,1.7188833374530077,HAT-P-10,False,False,True,False
observations/2026-09-05/HATP-10/session_01/HATP-10260905095157.fits,2026-09-05,HATP-10,2026-09-05T09:51:57.095,61288.411,60.0,Clear,67.676,100,422.0,4095,35,61288.411077488425,1.720483327517286,HAT-P-10,False,False,True,False
observations/2026-09-05/HATP-10/session_01/HATP-10260905095340.fits,2026-09-05,HATP-10,2026-09-05T09:53:40.291,61288.412,60.0,Clear,68.041,100,424.0,4095,36,61288.41227188658,1.7199333384633064,HAT-P-10,False,False,True,False
observations/2026-09-05/HATP-10/session_01/HATP-10260905095523.fits,2026-09-05,HATP-10,2026-09-05T09:55:23.491,61288.413,60.0,Clear,68.41,100,427.0,4095,32,61288.41346633102,1.719999995548278,HAT-P-10,False,False,True,False
observations/2026-09-05/HATP-10/session_01/HATP-10260905095706.fits,2026-09-05,HATP-10,2026-09-05T09:57:06.622,61288.415,60.0,Clear,68.775,100,428.0,4095,34,61288.41465997685,1.718849998433143,HAT-P-10,False,False,True,False
observations/2026-09-05/HATP-10/session_01/HATP-10260905095849.fits,2026-09-05,HATP-10,2026-09-05T09:58:49.839,61288.416,60.0,Clear,69.14,100,430.0,4095,31,61288.415854618055,1.720283335307613,HAT-P-10,False,False,True,False
observations/2026-09-05/HATP-10/session_01/HATP-10260905100034.fits,2026-09-05,HATP-10,2026-09-05T10:00:34.034,61288.417,60.0,Clear,69.509,100,432.0,4095,34,61288.4170605787,1.7365833290386945,HAT-P-10,False,False,True,False
observations/2026-09-05/HATP-10/session_01/HATP-10260905100217.fits,2026-09-05,HATP-10,2026-09-05T10:02:17.190,61288.418,60.0,Clear,69.875,100,432.0,4095,32,61288.41825451389,1.719266673317179,HAT-P-10,False,False,True,False
observations/2026-09-05/HATP-10/session_01/HATP-10260905100401.fits,2026-09-05,HATP-10,2026-09-05T10:04:01.407,61288.419,60.0,Clear,70.247,100,426.0,4095,34,61288.419460729165,1.7369499953929335,HAT-P-10,False,False,True,False
observations/2026-09-05/HATP-10/session_01/HATP-10260905100546.fits,2026-09-05,HATP-10,2026-09-05T10:05:46.609,61288.421,60.0,Clear,70.617,100,422.0,4095,33,61288.420678344904,1.7533666652161628,HAT-P-10,False,False,True,False
observations/2026-09-05/HATP-10/session_01/HATP-10260905100731.fits,2026-09-05,HATP-10,2026-09-05T10:07:31.838,61288.422,60.0,Clear,70.989,100,421.0,4095,35,61288.42189627315,1.7538166686426848,HAT-P-10,False,False,True,False
observations/2026-09-05/HATP-10/session_01/HATP-10260905100915.fits,2026-09-05,HATP-10,2026-09-05T10:09:15.036,61288.423,60.0,Clear,71.359,100,421.0,4095,37,61288.42309069444,1.7199666670057923,HAT-P-10,False,False,True,False
observations/2026-09-05/HATP-10/session_01/HATP-10260905101058.fits,2026-09-05,HATP-10,2026-09-05T10:10:58.240,61288.424,60.0,Clear,71.724,100,421.0,4095,38,61288.42428518519,1.7200666735880077,HAT-P-10,False,False,True,False
observations/2026-09-05/HATP-10/session_01/HATP-10260905101241.fits,2026-09-05,HATP-10,2026-09-05T10:12:41.354,61288.425,60.0,Clear,72.094,100,422.0,4095,36,61288.42547863426,1.718566658673808,HAT-P-10,False,False,True,False
observations/2026-09-05/HATP-10/session_01/HATP-10260905101424.fits,2026-09-05,HATP-10,2026-09-05T10:14:24.489,61288.427,60.0,Clear,72.46,100,422.0,4095,35,61288.426672326386,1.7189166659954935,HAT-P-10,False,False,True,False
observations/2026-09-05/HATP-10/session_01/HATP-10260905101608.fits,2026-09-05,HATP-10,2026-09-05T10:16:08.718,61288.428,60.0,Clear,72.826,100,422.0,4095,38,61288.42787868056,1.7371500085573643,HAT-P-10,False,False,True,False
observations/2026-09-05/HATP-10/session_01/HATP-10260905101752.fits,2026-09-05,HATP-10,2026-09-05T10:17:52.863,61288.429,60.0,Clear,73.199,100,423.0,4095,35,61288.4290840625,1.73575000022538,HAT-P-10,False,False,True,False
observations/2026-09-05/HATP-10/session_01/HATP-10260905101937.fits,2026-09-05,HATP-10,2026-09-05T10:19:37.066,61288.43,60.0,Clear,73.568,100,427.0,4095,32,61288.43029011574,1.7367166641633958,HAT-P-10,False,False,True,False
observations/2026-09-05/HATP-10/session_01/HATP-10260905102121.fits,2026-09-05,HATP-10,2026-09-05T10:21:21.312,61288.431,60.0,Clear,73.938,100,435.0,4095,30,61288.431496666664,1.7374333273619413,HAT-P-10,False,False,True,False
observations/2026-09-05/HATP-10/session_01/HATP-10260905102304.fits,2026-09-05,HATP-10,2026-09-05T10:23:04.458,61288.433,60.0,Clear,74.307,100,433.0,4095,31,61288.43269048611,1.719099999172613,HAT-P-10,False,False,True,False
observations/2026-09-05/HATP-10/session_01/HATP-10260905102448.fits,2026-09-05,HATP-10,2026-09-05T10:24:48.674,61288.434,60.0,Clear,74.673,100,436.0,4095,30,61288.433896689814,1.73693333636038,HAT-P-10,False,False,True,False
observations/2026-09-05/HATP-10/session_01/HATP-10260905102632.fits,2026-09-05,HATP-10,2026-09-05T10:26:32.821,61288.435,60.0,Clear,75.043,100,435.0,4095,30,61288.43510209491,1.7357833392452449,HAT-P-10,False,False,True,False
observations/2026-09-05/HATP-10/session_01/HATP-10260905102817.fits,2026-09-05,HATP-10,2026-09-05T10:28:17.977,61288.436,60.0,Clear,75.42,100,430.0,4095,34,61288.43631917824,1.75259999348782,HAT-P-10,False,False,True,False
observations/2026-09-05/HATP-10/session_01/HATP-10260905103001.fits,2026-09-05,HATP-10,2026-09-05T10:30:01.166,61288.438,60.0,Clear,75.79,100,427.0,4095,32,61288.43751349537,1.7198166728485376,HAT-P-10,False,False,True,False
observations/2026-09-05/HATP-10/session_01/HATP-10260905103146.fits,2026-09-05,HATP-10,2026-09-05T10:31:46.337,61288.439,60.0,Clear,76.159,100,426.0,4095,31,61288.438730752314,1.7528499942272902,HAT-P-10,False,False,True,False
observations/2026-09-05/HATP-10/session_01/HATP-10260905103329.fits,2026-09-05,HATP-10,2026-09-05T10:33:29.529,61288.44,60.0,Clear,76.529,100,428.0,4095,33,61288.43992510417,1.7198666709009558,HAT-P-10,False,False,True,False
observations/2026-09-05/HATP-10/session_01/HATP-10260905103513.fits,2026-09-05,HATP-10,2026-09-05T10:35:13.704,61288.441,60.0,Clear,76.899,100,424.0,4095,34,61288.44113083334,1.7362500017043203,HAT-P-10,False,False,True,False
observations/2026-09-05/HATP-10/session_01/HATP-10260905103656.fits,2026-09-05,HATP-10,2026-09-05T10:36:56.892,61288.442,60.0,Clear,77.265,100,425.0,4095,33,61288.44232513889,1.7197999928612262,HAT-P-10,False,False,True,False
observations/2026-09-05/HATP-10/session_01/HATP-10260905103840.fits,2026-09-05,HATP-10,2026-09-05T10:38:40.024,61288.444,60.0,Clear,77.631,100,423.0,4095,38,61288.443518796295,1.7188666679430753,HAT-P-10,False,False,True,False
observations/2026-09-05/HATP-10/session_01/HATP-10260905104026.fits,2026-09-05,HATP-10,2026-09-05T10:40:26.200,61288.445,60.0,Clear,78.012,100,422.0,4095,37,61288.444747685186,1.7696000018622726,HAT-P-10,False,False,True,False
observations/2026-09-05/HATP-10/session_01/HATP-10260905104215.fits,2026-09-05,HATP-10,2026-09-05T10:42:15.484,61288.446,60.0,Clear,78.399,100,422.0,4095,36,61288.446012546294,1.821399995824322,HAT-P-10,False,False,True,False
observations/2026-09-05/HATP-10/session_01/HATP-10260905104515.fits,2026-09-05,HATP-10,2026-09-05T10:45:15.931,61288.448,60.0,Clear,79.039,100,424.0,4095,34,61288.44810105324,3.0074500024784356,HAT-P-10,False,False,True,False
observations/2026-09-05/HATP-10/session_01/HATP-10260905104815.fits,2026-09-05,HATP-10,2026-09-05T10:48:15.330,61288.45,60.0,Clear,79.679,100,420.0,4095,33,61288.45017743055,2.9899833316449076,HAT-P-10,False,False,True,False
observations/2026-09-05/HATP-10/session_01/HATP-10260905105115.fits,2026-09-05,HATP-10,2026-09-05T10:51:15.676,61288.452,60.0,Clear,80.318,100,419.0,4095,34,61288.452264768515,3.0057666648644954,HAT-P-10,False,False,True,False
observations/2026-09-05/HATP-10/session_01/HATP-10260905105416.fits,2026-09-05,HATP-10,2026-09-05T10:54:16.054,61288.454,60.0,Clear,80.958,100,419.0,4095,33,61288.45435247685,3.0063000053633004,HAT-P-10,False,False,True,False
observations/2026-09-05/HATP-10/session_01/HATP-10260905105715.fits,2026-09-05,HATP-10,2026-09-05T10:57:15.385,61288.456,60.0,Clear,81.597,100,420.0,4095,37,61288.45642806713,2.988850004039705,HAT-P-10,False,False,True,False
observations/2026-09-05/HATP-10/session_01/HATP-10260905110015.fits,2026-09-05,HATP-10,2026-09-05T11:00:15.720,61288.459,60.0,Clear,82.235,100,421.0,4095,33,61288.45851527778,3.005583331687376,HAT-P-10,False,False,True,False
observations/2026-09-05/HATP-10/session_01/HATP-10260905110315.fits,2026-09-05,HATP-10,2026-09-05T11:03:15.256,61288.461,60.0,Clear,82.873,100,421.0,4095,35,61288.46059324074,2.9922666668426245,HAT-P-10,False,False,True,False
observations/2026-09-05/HATP-10/session_01/HATP-10260905110616.fits,2026-09-05,HATP-10,2026-09-05T11:06:16.688,61288.463,60.0,Clear,83.51,100,419.0,4095,33,61288.46269314815,3.023866661824286,HAT-P-10,False,False,True,False
observations/2026-09-05/HATP-10/session_01/HATP-10260905110916.fits,2026-09-05,HATP-10,2026-09-05T11:09:16.116,61288.465,60.0,Clear,84.146,100,419.0,4095,34,61288.46476986111,2.9904666636139154,HAT-P-10,False,False,True,False
observations/2026-09-05/HATP-10/session_01/HATP-10260905111215.fits,2026-09-05,HATP-10,2026-09-05T11:12:15.503,61288.467,60.0,Clear,84.78,100,418.0,4095,35,61288.46684609954,2.9897833394352347,HAT-P-10,False,False,True,False
observations/2026-09-05/HATP-10/session_01/HATP-10260905111515.fits,2026-09-05,HATP-10,2026-09-05T11:15:15.881,61288.469,60.0,Clear,85.411,100,427.0,4095,30,61288.46893380787,3.0062999948859215,HAT-P-10,False,False,True,False
observations/2026-09-05/HATP-10/session_01/HATP-10260905111815.fits,2026-09-05,HATP-10,2026-09-05T11:18:15.251,61288.471,60.0,Clear,86.04,100,423.0,4095,32,61288.471009849534,2.9894999996758997,HAT-P-10,False,False,True,False
observations/2026-09-05/HATP-10/session_01/HATP-10260905112115.fits,2026-09-05,HATP-10,2026-09-05T11:21:15.616,61288.473,60.0,Clear,86.662,100,416.0,4095,32,61288.473097407405,3.006083333166316,HAT-P-10,False,False,True,False
observations/2026-09-05/HATP-10/session_01/HATP-10260905112415.fits,2026-09-05,HATP-10,2026-09-05T11:24:16.001,61288.475,60.0,Clear,87.275,100,424.0,4095,34,61288.47518519676,3.0064166709780693,HAT-P-10,False,False,True,False
observations/2026-09-05/HATP-10/session_01/HATP-10260905112716.fits,2026-09-05,HATP-10,2026-09-05T11:27:16.416,61288.477,60.0,Clear,87.871,100,453.0,4095,24,61288.47727333333,3.0069166619796306,HAT-P-10,False,False,True,False
observations/2026-09-05/HATP-10/session_01/HATP-10260905113015.fits,2026-09-05,HATP-10,2026-09-05T11:30:15.787,61288.479,60.0,Clear,88.428,100,418.0,4095,37,61288.47934938657,2.989516669185832,HAT-P-10,False,False,True,False
observations/2026-09-05/HATP-10/session_01/HATP-10260905113316.fits,2026-09-05,HATP-10,2026-09-05T11:33:16.169,61288.481,60.0,Clear,88.889,100,416.0,4095,37,61288.48143714121,3.006366672925651,HAT-P-10,False,False,True,False
observations/2026-09-05/HATP-10/session_01/HATP-10260905113615.fits,2026-09-05,HATP-10,2026-09-05T11:36:15.523,61288.484,60.0,Clear,89.092,100,419.0,4095,37,61288.483512997685,2.989233329426497,HAT-P-10,False,False,True,False
observations/2026-09-05/HATP-10/session_01/HATP-10260905113916.fits,2026-09-05,HATP-10,2026-09-05T11:39:16.927,61288.486,60.0,Clear,88.885,100,419.0,4095,38,61288.48561258102,3.0233999993652105,HAT-P-10,False,False,True,False
observations/2026-09-05/HATP-10/session_01/HATP-10260905114216.fits,2026-09-05,HATP-10,2026-09-05T11:42:16.224,61288.488,60.0,Clear,88.423,100,418.0,4095,34,61288.48768777778,2.988283334998414,HAT-P-10,False,False,True,False
observations/2026-09-05/HATP-10/session_01/HATP-10260905114516.fits,2026-09-05,HATP-10,2026-09-05T11:45:16.572,61288.49,60.0,Clear,87.865,100,446.0,4095,24,61288.489775138885,3.0057999934069812,HAT-P-10,False,False,True,False
observations/2026-09-05/HATP-10/session_01/HATP-10260905114815.fits,2026-09-05,HATP-10,2026-09-05T11:48:15.956,61288.492,60.0,Clear,87.269,100,431.0,4095,30,61288.491851342595,2.9897333413828164,HAT-P-10,False,False,True,False
observations/2026-09-05/HATP-10/session_01/HATP-10260905115115.fits,2026-09-05,HATP-10,2026-09-05T11:51:15.353,61288.494,60.0,Clear,86.656,100,425.0,4095,42,61288.493927696756,2.989949992625043,HAT-P-10,False,False,True,False
observations/2026-09-05/HATP-10/session_01/HATP-10260905115415.fits,2026-09-05,HATP-10,2026-09-05T11:54:15.686,61288.496,60.0,Clear,86.033,100,419.0,4095,45,61288.49601488426,3.00555000314489,HAT-P-10,False,False,True,False
observations/2026-09-05/HATP-10/session_01/HATP-10260905115715.fits,2026-09-05,HATP-10,2026-09-05T11:57:15.981,61288.498,60.0,Clear,85.405,100,438.0,4095,39,61288.49810163194,3.0049166665412486,HAT-P-10,False,False,True,False
observations/2026-09-05/HATP-10/session_01/HATP-10260905120015.fits,2026-09-05,HATP-10,2026-09-05T12:00:15.235,61288.5,60.0,Clear,84.777,100,435.0,4095,38,61288.50017633102,2.9875666717998683,HAT-P-10,False,False,True,False
observations/2026-09-05/HATP-10/session_01/HATP-10260905120315.fits,2026-09-05,HATP-10,2026-09-05T12:03:15.529,61288.502,60.0,Clear,84.139,98,450.0,4095,35,61288.50226306713,3.004899997031316,HAT-P-10,False,False,True,False
observations/2026-09-05/HATP-10/session_01/HATP-10260905120615.fits,2026-09-05,HATP-10,2026-09-05T12:06:15.972,61288.504,60.0,Clear,83.503,98,469.0,4095,42,61288.50435152778,3.007383334916085,HAT-P-10,False,False,True,False
observations/2026-09-05/HATP-10/session_01/HATP-10260905120915.fits,2026-09-05,HATP-10,2026-09-05T12:09:15.358,61288.506,60.0,Clear,82.866,98,499.0,4095,40,61288.506427754626,2.9897666594479233,HAT-P-10,False,False,True,False
observations/2026-09-05/HATP-10/session_01/HATP-10260905121518.fits,2026-09-05,HATP-10,2026-09-05T12:15:18.792,61288.511,60.0,Clear,81.583,98,694.0,4095,40,61288.51063416667,6.057233341271058,HAT-P-10,False,False,True,False
observations/2026-09-05/HATP-10/session_01/HATP-10260905122123.fits,2026-09-05,HATP-10,2026-09-05T12:21:23.244,61288.515,60.0,Clear,80.287,98,1387.0,4095,44,61288.51485236111,6.0742000001482666,HAT-P-10,False,False,True,True
observations/2026-08-18/Qatar-1/session_01/Qatar-1260818082449.fits,2026-08-18,Qatar-1,2026-08-18T08:24:49.906,61270.351,60.0,Clear,49.069,100,404.0,4095,32,61270.35057761574,,Qatar-1,False,False,True,False
observations/2026-08-18/Qatar-1/session_01/Qatar-1260818082715.fits,2026-08-18,Qatar-1,2026-08-18T08:27:15.461,61270.352,60.0,Clear,48.861,100,405.0,4095,32,61270.352262280096,2.425916672218591,Qatar-1,False,False,True,False
observations/2026-08-18/Qatar-1/session_01/Qatar-1260818083016.fits,2026-08-18,Qatar-1,2026-08-18T08:30:16.788,61270.354,60.0,Clear,48.602,100,404.0,4095,33,61270.354360972226,3.022116667125374,Qatar-1,False,False,True,False
observations/2026-08-18/Qatar-1/session_01/Qatar-1260818083316.fits,2026-08-18,Qatar-1,2026-08-18T08:33:16.158,61270.356,60.0,Clear,48.34,100,404.0,4095,32,61270.35643701389,2.9894999996758997,Qatar-1,False,False,True,False
observations/2026-08-18/Qatar-1/session_01/Qatar-1260818083615.fits,2026-08-18,Qatar-1,2026-08-18T08:36:15.528,61270.359,60.0,Clear,48.076,100,404.0,4095,34,61270.35851305556,2.9894999996758997,Qatar-1,False,False,True,False
observations/2026-08-18/Qatar-1/session_01/Qatar-1260818083916.fits,2026-08-18,Qatar-1,2026-08-18T08:39:16.942,61270.361,60.0,Clear,47.808,100,405.0,4095,34,61270.36061275463,3.0235666630323976,Qatar-1,False,False,True,False
observations/2026-08-18/Qatar-1/session_01/Qatar-1260818084215.fits,2026-08-18,Qatar-1,2026-08-18T08:42:15.374,61270.363,60.0,Clear,47.54,100,403.0,4095,37,61270.36267793982,2.9738666710909456,Qatar-1,False,False,True,False
observations/2026-08-18/Qatar-1/session_01/Qatar-1260818084515.fits,2026-08-18,Qatar-1,2026-08-18T08:45:15.732,61270.365,60.0,Clear,47.268,100,405.0,4095,32,61270.36476541666,3.0059666570741683,Qatar-1,False,False,True,False
observations/2026-08-18/Qatar-1/session_01/Qatar-1260818084815.fits,2026-08-18,Qatar-1,2026-08-18T08:48:15.174,61270.367,60.0,Clear,46.996,100,405.0,4095,33,61270.36684229167,2.990700005320832,Qatar-1,False,False,True,False
observations/2026-08-18/Qatar-1/session_01/Qatar-1260818085115.fits,2026-08-18,Qatar-1,2026-08-18T08:51:15.476,61270.369,60.0,Clear,46.718,100,405.0,4095,34,61270.36892912037,3.0050333321560174,Qatar-1,False,False,True,False
observations/2026-08-18/Qatar-1/session_01/Qatar-1260818085415.fits,2026-08-18,Qatar-1,2026-08-18T08:54:15.830,61270.371,60.0,Clear,46.439,100,404.0,4095,33,61270.371016550926,3.0058999999891967,Qatar-1,False,False,True,False
observations/2026-08-18/Qatar-1/session_01/Qatar-1260818085716.fits,2026-08-18,Qatar-1,2026-08-18T08:57:16.249,61270.373,60.0,Clear,46.158,100,403.0,4095,35,61270.37310473379,3.006983329541981,Qatar-1,False,False,True,False
observations/2026-08-18/Qatar-1/session_01/Qatar-1260818090016.fits,2026-08-18,Qatar-1,2026-08-18T09:00:16.671,61270.375,60.0,Clear,45.876,100,402.0,4095,34,61270.37519295139,3.0070333380717784,Qatar-1,False,False,True,False
observations/2026-08-18/Qatar-1/session_01/Qatar-1260818090316.fits,2026-08-18,Qatar-1,2026-08-18T09:03:16.918,61270.377,60.0,Clear,45.591,100,405.0,4095,33,61270.37727914352,3.00411666627042,Qatar-1,False,False,True,False
observations/2026-08-18/Qatar-1/session_01/Qatar-1260818090615.fits,2026-08-18,Qatar-1,2026-08-18T09:06:15.169,61270.379,60.0,Clear,45.306,100,405.0,4095,33,61270.3793422338,2.9708500031847507,Qatar-1,False,False,True,False
observations/2026-08-18/Qatar-1/session_01/Qatar-1260818090915.fits,2026-08-18,Qatar-1,2026-08-18T09:09:15.591,61270.381,60.0,Clear,45.016,100,404.0,4095,37,61270.38143045139,3.0070333275943995,Qatar-1,False,False,True,False
observations/2026-08-18/Qatar-1/session_01/Qatar-1260818091215.fits,2026-08-18,Qatar-1,2026-08-18T09:12:15.971,61270.384,60.0,Clear,44.726,100,404.0,4095,34,61270.38351818287,3.0063333339057863,Qatar-1,False,False,True,False
observations/2026-08-18/Qatar-1/session_01/Qatar-1260818091515.fits,2026-08-18,Qatar-1,2026-08-18T09:15:15.198,61270.386,60.0,Clear,44.434,100,404.0,4095,33,61270.385592569444,2.9871166683733463,Qatar-1,False,False,True,False
observations/2026-08-18/Qatar-1/session_01/Qatar-1260818091816.fits,2026-08-18,Qatar-1,2026-08-18T09:18:16.537,61270.388,60.0,Clear,44.141,100,405.0,4095,36,61270.387691400465,3.022316669812426,Qatar-1,False,False,True,False
observations/2026-08-18/Qatar-1/session_01/Qatar-1260818092117.fits,2026-08-18,Qatar-1,2026-08-18T09:21:17.011,61270.39,60.0,Clear,43.844,100,405.0,4095,32,61270.389780219906,3.0078999954275787,Qatar-1,False,False,True,False
observations/2026-08-18/Qatar-1/session_01/Qatar-1260818092415.fits,2026-08-18,Qatar-1,2026-08-18T09:24:15.300,61270.392,60.0,Clear,43.549,100,406.0,4095,34,61270.39184375,2.971483339788392,Qatar-1,False,False,True,False
observations/2026-08-18/Qatar-1/session_01/Qatar-1260818092715.fits,2026-08-18,Qatar-1,2026-08-18T09:27:15.667,61270.394,60.0,Clear,43.251,100,404.0,4095,33,61270.39393133102,3.006116661708802,Qatar-1,False,False,True,False
observations/2026-08-18/Qatar-1/session_01/Qatar-1260818093015.fits,2026-08-18,Qatar-1,2026-08-18T09:30:15.977,61270.396,60.0,Clear,42.952,100,405.0,4095,35,61270.396018252315,3.0051666672807187,Qatar-1,False,False,True,False
observations/2026-08-18/Qatar-1/session_01/Qatar-1260818093316.fits,2026-08-18,Qatar-1,2026-08-18T09:33:16.341,61270.398,60.0,Clear,42.652,100,406.0,4095,33,61270.39810579861,3.0060666636563838,Qatar-1,False,False,True,False
observations/2026-08-18/Qatar-1/session_01/Qatar-1260818093615.fits,2026-08-18,Qatar-1,2026-08-18T09:36:15.845,61270.4,60.0,Clear,42.35,100,404.0,4095,32,61270.400183391204,2.9917333368211985,Qatar-1,False,False,True,False
observations/2026-08-18/Qatar-1/session_01/Qatar-1260818093916.fits,2026-08-18,Qatar-1,2026-08-18T09:39:16.175,61270.402,60.0,Clear,42.047,100,404.0,4095,31,61270.40227054398,3.005499994615093,Qatar-1,False,False,True,False
observations/2026-08-18/Qatar-1/session_01/Qatar-1260818094216.fits,2026-08-18,Qatar-1,2026-08-18T09:42:16.561,61270.404,60.0,Clear,41.743,100,404.0,4095,32,61270.40435834491,3.0064333404880017,Qatar-1,False,False,True,False
observations/2026-08-18/Qatar-1/session_01/Qatar-1260818094516.fits,2026-08-18,Qatar-1,2026-08-18T09:45:16.032,61270.406,60.0,Clear,41.438,100,403.0,4095,32,61270.40643555555,2.991183326812461,Qatar-1,False,False,True,False
observations/2026-08-18/Qatar-1/session_01/Qatar-1260818094815.fits,2026-08-18,Qatar-1,2026-08-18T09:48:15.299,61270.409,60.0,Clear,41.131,100,404.0,4095,31,61270.40851040509,2.9877833335194737,Qatar-1,False,False,True,False
observations/2026-08-18/Qatar-1/session_01/Qatar-1260818095116.fits,2026-08-18,Qatar-1,2026-08-18T09:51:16.638,61270.411,60.0,Clear,40.824,100,405.0,4095,34,61270.41060923611,3.022316669812426,Qatar-1,False,False,True,False
observations/2026-08-18/Qatar-1/session_01/Qatar-1260818095416.fits,2026-08-18,Qatar-1,2026-08-18T09:54:16.034,61270.413,60.0,Clear,40.516,100,403.0,4095,36,61270.4126855787,2.9899333335924894,Qatar-1,False,False,True,False
observations/2026-08-18/Qatar-1/session_01/Qatar-1260818095715.fits,2026-08-18,Qatar-1,2026-08-18T09:57:15.381,61270.415,60.0,Clear,40.208,100,404.0,4095,40,61270.414761354165,2.9891166638117284,Qatar-1,False,False,True,False
observations/2026-08-18/Qatar-1/session_01/Qatar-1260818100015.fits,2026-08-18,Qatar-1,2026-08-18T10:00:15.797,61270.417,60.0,Clear,39.898,100,404.0,4095,66,61270.41684950231,3.006933331489563,Qatar-1,False,False,True,False
observations/2026-08-18/Qatar-1/session_01/Qatar-1260818100315.fits,2026-08-18,Qatar-1,2026-08-18T10:03:15.243,61270.419,60.0,Clear,39.59,100,405.0,4095,63,61270.41892642361,2.9907666728831828,Qatar-1,False,False,True,False
observations/2026-08-18/Qatar-1/session_01/Qatar-1260818100616.fits,2026-08-18,Qatar-1,2026-08-18T10:06:16.554,61270.421,60.0,Clear,39.277,100,404.0,4095,64,61270.421024930554,3.0218499968759716,Qatar-1,False,False,True,False
observations/2026-08-18/Qatar-1/session_01/Qatar-1260818100915.fits,2026-08-18,Qatar-1,2026-08-18T10:09:15.930,61270.423,60.0,Clear,38.965,100,404.0,4095,64,61270.42310104167,2.989600006258115,Qatar-1,False,False,True,False
observations/2026-08-18/Qatar-1/session_01/Qatar-1260818101215.fits,2026-08-18,Qatar-1,2026-08-18T10:12:15.259,61270.425,60.0,Clear,38.653,100,404.0,4095,63,61270.4251766088,2.98881666501984,Qatar-1,False,False,True,False
observations/2026-08-18/Qatar-1/session_01/Qatar-1260818101515.fits,2026-08-18,Qatar-1,2026-08-18T10:15:15.654,61270.427,60.0,Clear,38.341,100,405.0,4095,61,61270.42726451389,3.0065833346452564,Qatar-1,False,False,True,False
observations/2026-08-18/Qatar-1/session_01/Qatar-1260818101817.fits,2026-08-18,Qatar-1,2026-08-18T10:18:17.049,61270.429,60.0,Clear,38.026,100,404.0,4095,62,61270.429363993055,3.023249994730577,Qatar-1,False,False,True,False
observations/2026-08-18/Qatar-1/session_01/Qatar-1260818102115.fits,2026-08-18,Qatar-1,2026-08-18T10:21:15.414,61270.431,60.0,Clear,37.714,100,404.0,4095,63,61270.43142840278,2.9727500025182962,Qatar-1,False,False,True,False
observations/2026-08-18/Qatar-1/session_01/Qatar-1260818102415.fits,2026-08-18,Qatar-1,2026-08-18T10:24:15.801,61270.434,60.0,Clear,37.4,100,406.0,4095,63,61270.43351621528,3.006449999520555,Qatar-1,False,False,True,False
observations/2026-08-18/Qatar-1/session_01/Qatar-1260818102716.fits,2026-08-18,Qatar-1,2026-08-18T10:27:16.223,61270.436,60.0,Clear,37.086,100,406.0,4095,60,61270.43560443287,3.0070333275943995,Qatar-1,False,False,True,False
observations/2026-08-18/Qatar-1/session_01/Qatar-1260818103015.fits,2026-08-18,Qatar-1,2026-08-18T10:30:15.814,61270.438,60.0,Clear,36.772,100,406.0,4095,58,61270.43768303241,2.993183343205601,Qatar-1,False,False,True,False
observations/2026-08-18/Qatar-1/session_01/Qatar-1260818103315.fits,2026-08-18,Qatar-1,2026-08-18T10:33:15.292,61270.44,60.0,Clear,36.459,100,406.0,4095,62,61270.43976032407,2.99129999242723,Qatar-1,False,False,True,False
observations/2026-08-18/Qatar-1/session_01/Qatar-1260818103615.fits,2026-08-18,Qatar-1,2026-08-18T10:36:15.674,61270.442,60.0,Clear,36.143,100,407.0,4095,62,61270.441848078706,3.006366672925651,Qatar-1,False,False,True,False
observations/2026-08-18/Qatar-1/session_01/Qatar-1260818103916.fits,2026-08-18,Qatar-1,2026-08-18T10:39:16.084,61270.444,60.0,Clear,35.828,100,409.0,4095,63,61270.443936157404,3.0068333249073476,Qatar-1,False,False,True,False
observations/2026-08-18/Qatar-1/session_01/Qatar-1260818104216.fits,2026-08-18,Qatar-1,2026-08-18T10:42:16.433,61270.446,60.0,Clear,35.513,100,410.0,4095,61,61270.446023530094,3.0058166733942926,Qatar-1,False,False,True,False
observations/2026-08-18/Qatar-1/session_01/Qatar-1260818104515.fits,2026-08-18,Qatar-1,2026-08-18T10:45:15.777,61270.448,60.0,Clear,35.198,100,407.0,4095,70,61270.448099270834,2.98906666575931,Qatar-1,False,False,True,False
observations/2026-08-18/Qatar-1/session_01/Qatar-1260818104815.fits,2026-08-18,Qatar-1,2026-08-18T10:48:15.250,61270.45,60.0,Clear,34.883,100,409.0,4095,60,61270.45017650463,2.991216665832326,Qatar-1,False,False,True,False
observations/2026-08-18/Qatar-1/session_01/Qatar-1260818105115.fits,2026-08-18,Qatar-1,2026-08-18T10:51:15.620,61270.452,60.0,Clear,34.568,100,407.0,4095,59,61270.45226412037,3.006166670238599,Qatar-1,False,False,True,False
observations/2026-08-18/Qatar-1/session_01/Qatar-1260818105415.fits,2026-08-18,Qatar-1,2026-08-18T10:54:15.852,61270.454,60.0,Clear,34.253,100,407.0,4095,60,61270.45435013889,3.00386666553095,Qatar-1,False,False,True,False
observations/2026-08-18/Qatar-1/session_01/Qatar-1260818105715.fits,2026-08-18,Qatar-1,2026-08-18T10:57:15.254,61270.456,60.0,Clear,33.939,100,407.0,4095,59,61270.456426550925,2.990033329697326,Qatar-1,False,False,True,False
observations/2026-08-18/Qatar-1/session_01/Qatar-1260818110015.fits,2026-08-18,Qatar-1,2026-08-18T11:00:15.648,61270.459,60.0,Clear,33.624,100,406.0,4095,58,61270.45851444444,3.006566665135324,Qatar-1,False,False,True,False
observations/2026-08-18/Qatar-1/session_01/Qatar-1260818110316.fits,2026-08-18,Qatar-1,2026-08-18T11:03:16.063,61270.461,60.0,Clear,33.31,100,406.0,4095,60,61270.46060258102,3.0069166724570096,Qatar-1,False,False,True,False
observations/2026-08-18/Qatar-1/session_01/Qatar-1260818110615.fits,2026-08-18,Qatar-1,2026-08-18T11:06:15.572,61270.463,60.0,Clear,32.996,100,406.0,4095,60,61270.46268023148,2.9918166634161025,Qatar-1,False,False,True,False
observations/2026-08-18/Qatar-1/session_01/Qatar-1260818110917.fits,2026-08-18,Qatar-1,2026-08-18T11:09:17.023,61270.465,60.0,Clear,32.681,100,407.0,4095,58,61270.464780358794,3.0241833301261067,Qatar-1,False,False,True,False
observations/2026-08-18/Qatar-1/session_01/Qatar-1260818111215.fits,2026-08-18,Qatar-1,2026-08-18T11:12:15.445,61270.467,60.0,Clear,32.369,100,406.0,4095,61,61270.466845428244,2.9737000074237585,Qatar-1,False,False,True,False
observations/2026-08-18/Qatar-1/session_01/Qatar-1260818111516.fits,2026-08-18,Qatar-1,2026-08-18T11:15:16.800,61270.469,60.0,Clear,32.057,100,406.0,4095,61,61270.468944444445,3.0225833295844495,Qatar-1,False,False,True,False
observations/2026-08-18/Qatar-1/session_01/Qatar-1260818111816.fits,2026-08-18,Qatar-1,2026-08-18T11:18:16.265,61270.471,60.0,Clear,31.744,100,406.0,4095,59,61270.47102158565,2.9910833307076246,Qatar-1,False,False,True,False
observations/2026-08-18/Qatar-1/session_01/Qatar-1260818112115.fits,2026-08-18,Qatar-1,2026-08-18T11:21:15.755,61270.473,60.0,Clear,31.432,100,406.0,4095,59,61270.473099016206,2.9915000055916607,Qatar-1,False,False,True,False
observations/2026-08-18/Qatar-1/session_01/Qatar-1260818112415.fits,2026-08-18,Qatar-1,2026-08-18T11:24:15.210,61270.475,60.0,Clear,31.123,100,407.0,4095,60,61270.47517604167,2.9909166670404375,Qatar-1,False,False,True,False
observations/2026-08-18/Qatar-1/session_01/Qatar-1260818112715.fits,2026-08-18,Qatar-1,2026-08-18T11:27:15.441,61270.477,60.0,Clear,30.81,100,407.0,4095,57,61270.47726204861,3.0038499960210174,Qatar-1,False,False,True,False
observations/2026-08-18/Qatar-1/session_01/Qatar-1260818113015.fits,2026-08-18,Qatar-1,2026-08-18T11:30:15.918,61270.479,60.0,Clear,30.5,100,408.0,4095,57,61270.47935090278,3.007950003957376,Qatar-1,False,False,True,False
observations/2026-08-18/Qatar-1/session_01/Qatar-1260818113315.fits,2026-08-18,Qatar-1,2026-08-18T11:33:15.255,61270.481,60.0,Clear,30.19,100,409.0,4095,58,61270.4814265625,2.9889500001445413,Qatar-1,False,False,True,False
observations/2026-08-18/Qatar-1/session_01/Qatar-1260818113615.fits,2026-08-18,Qatar-1,2026-08-18T11:36:15.666,61270.484,60.0,Clear,29.881,100,411.0,4095,58,61270.48351465278,3.00684999441728,Qatar-1,True,False,True,False
observations/2026-08-18/Qatar-1/session_01/Qatar-1260818113916.fits,2026-08-18,Qatar-1,2026-08-18T11:39:16.126,61270.486,60.0,Clear,29.571,100,415.0,4095,58,61270.48560331018,3.007666664198041,Qatar-1,True,False,True,False
observations/2026-08-18/Qatar-1/session_01/Qatar-1260818114215.fits,2026-08-18,Qatar-1,2026-08-18T11:42:15.504,61270.488,60.0,Clear,29.266,100,422.0,4095,54,61270.48767944444,2.989633334800601,Qatar-1,True,False,True,False
observations/2026-08-18/Qatar-1/session_01/Qatar-1260818114516.fits,2026-08-18,Qatar-1,2026-08-18T11:45:16.900,61270.49,60.0,Clear,28.959,100,435.0,4095,66,61270.48977893518,3.0232666642405093,Qatar-1,True,False,True,False
observations/2026-08-18/Qatar-1/session_01/Qatar-1260818114815.fits,2026-08-18,Qatar-1,2026-08-18T11:48:15.188,61270.492,60.0,Clear,28.653,100,458.0,4095,59,61270.4918424537,2.97146667027846,Qatar-1,True,False,True,False
observations/2026-08-18/Qatar-1/session_01/Qatar-1260818115115.fits,2026-08-18,Qatar-1,2026-08-18T11:51:15.609,61270.494,60.0,Clear,28.348,100,499.0,4095,58,61270.49393065972,3.007016668561846,Qatar-1,True,False,True,False
observations/2026-08-18/Qatar-1/session_01/Qatar-1260818115415.fits,2026-08-18,Qatar-1,2026-08-18T11:54:15.992,61270.496,60.0,Clear,28.044,100,571.0,4095,58,61270.496018425925,3.0063833319582045,Qatar-1,True,False,True,False
observations/2026-08-18/Qatar-1/session_01/Qatar-1260818120204.fits,2026-08-18,Qatar-1,2026-08-18T12:02:04.180,61270.501,60.0,Clear,27.258,100,1141.0,4095,38,61270.50143726852,7.803133333800361,Qatar-1,True,False,True,True
observations/2026-08-18/Qatar-1/session_01/Qatar-1260818120955.fits,2026-08-18,Qatar-1,2026-08-18T12:09:55.376,61270.507,60.0,Clear,26.472,100,3684.0,4095,272,61270.50689092593,7.853266670135781,Qatar-1,True,False,True,True
observations/2026-08-18/Qatar-1/session_01/Qatar-1260818121750.fits,2026-08-18,Qatar-1,2026-08-18T12:17:50.523,61270.512,60.0,Clear,25.689,100,4095.0,4095,324500,61270.5123903125,7.91911666165106,Qatar-1,True,False,True,True
observations/2026-08-18/Qatar-1/session_01/Qatar-1260818122545.fits,2026-08-18,Qatar-1,2026-08-18T12:25:45.780,61270.518,60.0,Clear,24.914,100,4095.0,4095,325000,61270.51789097222,7.920950003899634,Qatar-1,True,False,True,True
observations/2026-08-21/Qatar-1/session_01/Qatar-1260821043741.fits,2026-08-21,Qatar-1,2026-08-21T04:37:41.530,61273.193,60.0,Clear,55.135,100,425.0,3694,0,61273.19284178241,,Qatar-1,False,False,False,False
observations/2026-08-21/Qatar-1/session_01/Qatar-1260821043927.fits,2026-08-21,Qatar-1,2026-08-21T04:39:27.733,61273.194,60.0,Clear,55.207,100,424.0,4095,30,61273.194070983795,1.7700499948114157,Qatar-1,False,False,True,False
observations/2026-08-21/Qatar-1/session_01/Qatar-1260821044219.fits,2026-08-21,Qatar-1,2026-08-21T04:42:19.066,61273.196,60.0,Clear,55.32,100,424.0,4095,27,61273.19605400463,2.855549999512732,Qatar-1,False,False,True,False
observations/2026-08-21/Qatar-1/session_01/Qatar-1260821044515.fits,2026-08-21,Qatar-1,2026-08-21T04:45:15.463,61273.198,60.0,Clear,55.431,100,424.0,4095,28,61273.19809563657,2.9399500018917024,Qatar-1,False,False,True,False
observations/2026-08-21/Qatar-1/session_01/Qatar-1260821044816.fits,2026-08-21,Qatar-1,2026-08-21T04:48:16.847,61273.2,60.0,Clear,55.539,100,424.0,4095,17,61273.20019498843,3.0230666720308363,Qatar-1,False,False,True,False
observations/2026-08-21/Qatar-1/session_01/Qatar-1260821045116.fits,2026-08-21,Qatar-1,2026-08-21T04:51:16.189,61273.202,60.0,Clear,55.64,100,424.0,4095,19,61273.20227070602,2.9890333267394453,Qatar-1,False,False,True,False
observations/2026-08-21/Qatar-1/session_01/Qatar-1260821045415.fits,2026-08-21,Qatar-1,2026-08-21T04:54:15.602,61273.204,60.0,Clear,55.736,100,424.0,4095,1,61273.20434724537,2.9902166733518243,Qatar-1,False,False,True,False
observations/2026-08-21/Qatar-1/session_01/Qatar-1260821045715.fits,2026-08-21,Qatar-1,2026-08-21T04:57:15.895,61273.206,60.0,Clear,55.826,100,424.0,4095,32,61273.206433969906,3.0048833275213838,Qatar-1,False,False,True,False
observations/2026-08-21/Qatar-1/session_01/Qatar-1260821050015.fits,2026-08-21,Qatar-1,2026-08-21T05:00:15.306,61273.209,60.0,Clear,55.91,100,424.0,4095,33,61273.20851048611,2.9901833343319595,Qatar-1,False,False,True,False
observations/2026-08-21/Qatar-1/session_01/Qatar-1260821050315.fits,2026-08-21,Qatar-1,2026-08-21T05:03:15.579,61273.211,60.0,Clear,55.988,100,424.0,4095,26,61273.21059697917,3.0045500001870096,Qatar-1,False,False,True,False
observations/2026-08-21/Qatar-1/session_01/Qatar-1260821050615.fits,2026-08-21,Qatar-1,2026-08-21T05:06:15.933,61273.213,60.0,Clear,56.06,100,424.0,4095,29,61273.21268440972,3.0058999999891967,Qatar-1,False,False,True,False
observations/2026-08-21/Qatar-1/session_01/Qatar-1260821050915.fits,2026-08-21,Qatar-1,2026-08-21T05:09:15.234,61273.215,60.0,Clear,56.125,100,423.0,4095,18,61273.21475965278,2.9883500025607646,Qatar-1,False,False,True,False
observations/2026-08-21/Qatar-1/session_01/Qatar-1260821051216.fits,2026-08-21,Qatar-1,2026-08-21T05:12:16.638,61273.217,60.0,Clear,56.185,100,423.0,4095,24,61273.21685923611,3.0233999993652105,Qatar-1,False,False,True,False
observations/2026-08-21/Qatar-1/session_01/Qatar-1260821051516.fits,2026-08-21,Qatar-1,2026-08-21T05:15:16.077,61273.219,60.0,Clear,56.238,100,423.0,4095,36,61273.21893607639,2.990649996791035,Qatar-1,False,False,True,False
observations/2026-08-21/Qatar-1/session_01/Qatar-1260821051815.fits,2026-08-21,Qatar-1,2026-08-21T05:18:15.424,61273.221,60.0,Clear,56.285,100,423.0,4095,33,61273.22101185185,2.9891166638117284,Qatar-1,False,False,True,False
observations/2026-08-21/Qatar-1/session_01/Qatar-1260821052116.fits,2026-08-21,Qatar-1,2026-08-21T05:21:16.649,61273.223,60.0,Clear,56.326,100,423.0,4095,34,61273.223109363425,3.0204166704788804,Qatar-1,False,False,True,False
observations/2026-08-21/Qatar-1/session_01/Qatar-1260821052416.fits,2026-08-21,Qatar-1,2026-08-21T05:24:16.983,61273.225,60.0,Clear,56.361,100,422.0,4095,34,61273.2251965625,3.0055666621774435,Qatar-1,False,False,True,False
observations/2026-08-21/Qatar-1/session_01/Qatar-1260821052715.fits,2026-08-21,Qatar-1,2026-08-21T05:27:15.287,61273.227,60.0,Clear,56.389,100,422.0,4095,33,61273.227260266205,2.9717333405278623,Qatar-1,False,False,True,False
observations/2026-08-21/Qatar-1/session_01/Qatar-1260821053015.fits,2026-08-21,Qatar-1,2026-08-21T05:30:15.874,61273.229,60.0,Clear,56.411,100,421.0,4095,33,61273.22935039352,3.009783335728571,Qatar-1,False,False,True,False
observations/2026-08-21/Qatar-1/session_01/Qatar-1260821053315.fits,2026-08-21,Qatar-1,2026-08-21T05:33:15.288,61273.231,60.0,Clear,56.427,100,420.0,4095,33,61273.23142694445,2.9902333323843777,Qatar-1,False,False,True,False
observations/2026-08-21/Qatar-1/session_01/Qatar-1260821053616.fits,2026-08-21,Qatar-1,2026-08-21T05:36:16.718,61273.234,60.0,Clear,56.436,100,420.0,4095,34,61273.233526828706,3.0238333332818,Qatar-1,False,False,True,False
observations/2026-08-21/Qatar-1/session_01/Qatar-1260821053916.fits,2026-08-21,Qatar-1,2026-08-21T05:39:16.949,61273.236,60.0,Clear,56.439,100,420.0,4095,34,61273.23561283565,3.0038499960210174,Qatar-1,False,False,True,False
observations/2026-08-21/Qatar-1/session_01/Qatar-1260821054215.fits,2026-08-21,Qatar-1,2026-08-21T05:42:15.366,61273.238,60.0,Clear,56.435,100,420.0,4095,34,61273.237677847224,2.9736166703514755,Qatar-1,False,False,True,False
observations/2026-08-21/Qatar-1/session_01/Qatar-1260821054515.fits,2026-08-21,Qatar-1,2026-08-21T05:45:15.790,61273.24,60.0,Clear,56.425,100,419.0,4095,35,61273.239766087965,3.0070666666142642,Qatar-1,False,False,True,False
observations/2026-08-21/Qatar-1/session_01/Qatar-1260821054815.fits,2026-08-21,Qatar-1,2026-08-21T05:48:15.156,61273.242,60.0,Clear,56.409,100,418.0,4095,33,61273.241842083335,2.989433332113549,Qatar-1,False,False,True,False
observations/2026-08-21/Qatar-1/session_01/Qatar-1260821055115.fits,2026-08-21,Qatar-1,2026-08-21T05:51:15.486,61273.244,60.0,Clear,56.387,100,422.0,4095,33,61273.24392923611,3.005499994615093,Qatar-1,False,False,True,False
observations/2026-08-21/Qatar-1/session_01/Qatar-1260821055415.fits,2026-08-21,Qatar-1,2026-08-21T05:54:15.858,61273.246,60.0,Clear,56.358,100,418.0,4095,32,61273.246016875,3.006199998781085,Qatar-1,False,False,True,False
observations/2026-08-21/Qatar-1/session_01/Qatar-1260821055715.fits,2026-08-21,Qatar-1,2026-08-21T05:57:15.228,61273.248,60.0,Clear,56.323,100,418.0,4095,34,61273.24809291666,2.9894999996758997,Qatar-1,False,False,True,False
observations/2026-08-21/Qatar-1/session_01/Qatar-1260821060016.fits,2026-08-21,Qatar-1,2026-08-21T06:00:16.582,61273.25,60.0,Clear,56.281,100,417.0,4095,32,61273.250191921295,3.022566670551896,Qatar-1,False,False,True,False
observations/2026-08-21/Qatar-1/session_01/Qatar-1260821060316.fits,2026-08-21,Qatar-1,2026-08-21T06:03:16.966,61273.252,60.0,Clear,56.233,100,431.0,4095,36,61273.252279699074,3.006400001468137,Qatar-1,False,False,True,False
observations/2026-08-21/Qatar-1/session_01/Qatar-1260821060615.fits,2026-08-21,Qatar-1,2026-08-21T06:06:15.335,61273.254,60.0,Clear,56.179,100,417.0,4095,35,61273.254344155095,2.972816670080647,Qatar-1,False,False,True,False
observations/2026-08-21/Qatar-1/session_01/Qatar-1260821060915.fits,2026-08-21,Qatar-1,2026-08-21T06:09:15.711,61273.256,60.0,Clear,56.119,100,418.0,4095,34,61273.25643184028,3.0062666663434356,Qatar-1,False,False,True,False
observations/2026-08-21/Qatar-1/session_01/Qatar-1260821061216.fits,2026-08-21,Qatar-1,2026-08-21T06:12:16.144,61273.259,60.0,Clear,56.053,100,417.0,4095,37,61273.25852018518,3.007216660771519,Qatar-1,False,False,True,False
observations/2026-08-21/Qatar-1/session_01/Qatar-1260821061516.fits,2026-08-21,Qatar-1,2026-08-21T06:15:16.607,61273.261,60.0,Clear,55.981,100,416.0,4095,35,61273.26060887732,3.007716672727838,Qatar-1,False,False,True,False
observations/2026-08-21/Qatar-1/session_01/Qatar-1260821061816.fits,2026-08-21,Qatar-1,2026-08-21T06:18:16.040,61273.263,60.0,Clear,55.902,100,415.0,4095,33,61273.26268564815,2.9905500006861985,Qatar-1,False,False,True,False
observations/2026-08-21/Qatar-1/session_01/Qatar-1260821062115.fits,2026-08-21,Qatar-1,2026-08-21T06:21:15.427,61273.265,60.0,Clear,55.818,100,414.0,4095,34,61273.264761886574,2.9897833289578557,Qatar-1,False,False,True,False
observations/2026-08-21/Qatar-1/session_01/Qatar-1260821062415.fits,2026-08-21,Qatar-1,2026-08-21T06:24:15.982,61273.267,60.0,Clear,55.727,100,413.0,4095,34,61273.266851643515,3.0092499952297658,Qatar-1,False,False,True,False
observations/2026-08-21/Qatar-1/session_01/Qatar-1260821062715.fits,2026-08-21,Qatar-1,2026-08-21T06:27:15.420,61273.269,60.0,Clear,55.631,100,412.0,4095,34,61273.26892847222,2.9906333377584815,Qatar-1,False,False,True,False
observations/2026-08-21/Qatar-1/session_01/Qatar-1260821063015.fits,2026-08-21,Qatar-1,2026-08-21T06:30:15.871,61273.271,60.0,Clear,55.529,100,411.0,4095,36,61273.271017025465,3.0075166700407863,Qatar-1,False,False,True,False
observations/2026-08-21/Qatar-1/session_01/Qatar-1260821063315.fits,2026-08-21,Qatar-1,2026-08-21T06:33:15.360,61273.273,60.0,Clear,55.421,100,410.0,4095,35,61273.27309444444,2.9914833256043494,Qatar-1,False,False,True,False
observations/2026-08-21/Qatar-1/session_01/Qatar-1260821063615.fits,2026-08-21,Qatar-1,2026-08-21T06:36:15.843,61273.275,60.0,Clear,55.307,100,408.0,4095,34,61273.27518336805,3.0080500000622123,Qatar-1,False,False,True,False
observations/2026-08-21/Qatar-1/session_01/Qatar-1260821063915.fits,2026-08-21,Qatar-1,2026-08-21T06:39:15.176,61273.277,60.0,Clear,55.188,100,408.0,4095,34,61273.277258981485,2.9888833430595696,Qatar-1,False,False,True,False
observations/2026-08-21/Qatar-1/session_01/Qatar-1260821064215.fits,2026-08-21,Qatar-1,2026-08-21T06:42:15.503,61273.279,60.0,Clear,55.063,100,408.0,4095,35,61273.27934609954,3.0054499965626746,Qatar-1,False,False,True,False
observations/2026-08-21/Qatar-1/session_01/Qatar-1260821064515.fits,2026-08-21,Qatar-1,2026-08-21T06:45:15.874,61273.281,60.0,Clear,54.933,100,407.0,4095,35,61273.28143372685,3.0061833292711526,Qatar-1,False,False,True,False
observations/2026-08-21/Qatar-1/session_01/Qatar-1260821064815.fits,2026-08-21,Qatar-1,2026-08-21T06:48:15.170,61273.284,60.0,Clear,54.797,100,407.0,4095,33,61273.283508912034,2.9882666654884815,Qatar-1,False,False,True,False
observations/2026-08-21/Qatar-1/session_01/Qatar-1260821065115.fits,2026-08-21,Qatar-1,2026-08-21T06:51:15.492,61273.286,60.0,Clear,54.656,100,405.0,4095,32,61273.28559597222,3.0053666699677706,Qatar-1,False,False,True,False
observations/2026-08-21/Qatar-1/session_01/Qatar-1260821065415.fits,2026-08-21,Qatar-1,2026-08-21T06:54:15.786,61273.288,60.0,Clear,54.509,100,405.0,4095,34,61273.28768270833,3.004899997031316,Qatar-1,False,False,True,False
observations/2026-08-21/Qatar-1/session_01/Qatar-1260821065715.fits,2026-08-21,Qatar-1,2026-08-21T06:57:15.172,61273.29,60.0,Clear,54.358,100,405.0,4095,37,61273.289758935185,2.9897666699253023,Qatar-1,False,False,True,False
observations/2026-08-21/Qatar-1/session_01/Qatar-1260821070015.fits,2026-08-21,Qatar-1,2026-08-21T07:00:15.575,61273.292,60.0,Clear,54.201,100,404.0,4095,36,61273.29184693287,3.0067166697699577,Qatar-1,False,False,True,False
observations/2026-08-21/Qatar-1/session_01/Qatar-1260821070315.fits,2026-08-21,Qatar-1,2026-08-21T07:03:15.933,61273.294,60.0,Clear,54.039,100,404.0,4095,37,61273.293934409725,3.0059666675515473,Qatar-1,False,False,True,False
observations/2026-08-21/Qatar-1/session_01/Qatar-1260821070616.fits,2026-08-21,Qatar-1,2026-08-21T07:06:16.302,61273.296,60.0,Clear,53.872,100,405.0,4095,36,61273.29602201389,3.006150000728667,Qatar-1,False,False,True,False
observations/2026-08-21/Qatar-1/session_01/Qatar-1260821070915.fits,2026-08-21,Qatar-1,2026-08-21T07:09:15.690,61273.298,60.0,Clear,53.701,100,404.0,4095,39,61273.29809826389,2.989799998467788,Qatar-1,False,False,True,False
observations/2026-08-21/Qatar-1/session_01/Qatar-1260821071216.fits,2026-08-21,Qatar-1,2026-08-21T07:12:16.208,61273.3,60.0,Clear,53.524,100,404.0,4095,39,61273.30018759259,3.0086333281360567,Qatar-1,False,False,True,False
observations/2026-08-21/Qatar-1/session_01/Qatar-1260821071515.fits,2026-08-21,Qatar-1,2026-08-21T07:15:15.597,61273.302,60.0,Clear,53.343,100,404.0,4095,34,61273.302263854166,2.9898166679777205,Qatar-1,False,False,True,False
observations/2026-08-21/Qatar-1/session_01/Qatar-1260821071817.fits,2026-08-21,Qatar-1,2026-08-21T07:18:17.025,61273.304,60.0,Clear,53.157,100,404.0,4095,40,61273.30436371528,3.0238000047393143,Qatar-1,False,False,True,False
observations/2026-08-21/Qatar-1/session_01/Qatar-1260821072115.fits,2026-08-21,Qatar-1,2026-08-21T07:21:15.362,61273.306,60.0,Clear,52.968,100,403.0,4095,38,61273.306427800926,2.972283329581842,Qatar-1,False,False,True,False
observations/2026-08-21/Qatar-1/session_01/Qatar-1260821072415.fits,2026-08-21,Qatar-1,2026-08-21T07:24:15.672,61273.309,60.0,Clear,52.773,100,403.0,4095,37,61273.30851472222,3.0051666672807187,Qatar-1,False,False,True,False
observations/2026-08-21/Qatar-1/session_01/Qatar-1260821072717.fits,2026-08-21,Qatar-1,2026-08-21T07:27:17.117,61273.311,60.0,Clear,52.573,100,403.0,4095,35,61273.31061478009,3.0240833340212703,Qatar-1,False,False,True,False
observations/2026-08-21/Qatar-1/session_01/Qatar-1260821073015.fits,2026-08-21,Qatar-1,2026-08-21T07:30:15.537,61273.313,60.0,Clear,52.371,100,403.0,4095,37,61273.31267982639,2.9736666684038937,Qatar-1,False,False,True,False
observations/2026-08-21/Qatar-1/session_01/Qatar-1260821073316.fits,2026-08-21,Qatar-1,2026-08-21T07:33:16.018,61273.315,60.0,Clear,52.164,100,403.0,4095,36,61273.31476872685,3.0080166610423476,Qatar-1,False,False,True,False
observations/2026-08-21/Qatar-1/session_01/Qatar-1260821073615.fits,2026-08-21,Qatar-1,2026-08-21T07:36:15.462,61273.317,60.0,Clear,51.953,100,402.0,4095,38,61273.316845625,2.990733333863318,Qatar-1,False,False,True,False
observations/2026-08-21/Qatar-1/session_01/Qatar-1260821073916.fits,2026-08-21,Qatar-1,2026-08-21T07:39:16.778,61273.319,60.0,Clear,51.737,100,403.0,4095,35,61273.318944189814,3.0219333339482546,Qatar-1,False,False,True,False
observations/2026-08-21/Qatar-1/session_01/Qatar-1260821074217.fits,2026-08-21,Qatar-1,2026-08-21T07:42:17.046,61273.321,60.0,Clear,51.517,100,403.0,4095,34,61273.321030625,3.0044666631147265,Qatar-1,False,False,True,False
observations/2026-08-21/Qatar-1/session_01/Qatar-1260821074515.fits,2026-08-21,Qatar-1,2026-08-21T07:45:15.332,61273.323,60.0,Clear,51.295,100,403.0,4095,31,61273.32309412037,2.971433341735974,Qatar-1,False,False,True,False
observations/2026-08-21/Qatar-1/session_01/Qatar-1260821074815.fits,2026-08-21,Qatar-1,2026-08-21T07:48:15.873,61273.325,60.0,Clear,51.069,100,403.0,4095,40,61273.32518371528,3.009016664000228,Qatar-1,False,False,True,False
observations/2026-08-21/Qatar-1/session_01/Qatar-1260821075115.fits,2026-08-21,Qatar-1,2026-08-21T07:51:15.291,61273.327,60.0,Clear,50.839,100,403.0,4095,34,61273.3272603125,2.9902999999467283,Qatar-1,False,False,True,False
observations/2026-08-21/Qatar-1/session_01/Qatar-1260821075415.fits,2026-08-21,Qatar-1,2026-08-21T07:54:15.752,61273.329,60.0,Clear,50.605,100,403.0,4095,33,61273.32934898148,3.0076833337079734,Qatar-1,False,False,True,False
observations/2026-08-21/Qatar-1/session_01/Qatar-1260821075715.fits,2026-08-21,Qatar-1,2026-08-21T07:57:15.235,61273.331,60.0,Clear,50.368,100,403.0,4095,36,61273.33142633102,2.991383329499513,Qatar-1,False,False,True,False
observations/2026-08-21/Qatar-1/session_01/Qatar-1260821080016.fits,2026-08-21,Qatar-1,2026-08-21T08:00:16.681,61273.334,60.0,Clear,50.127,100,403.0,4095,38,61273.33352640046,3.0241000035312027,Qatar-1,False,False,True,False
observations/2026-08-21/Qatar-1/session_01/Qatar-1260821080316.fits,2026-08-21,Qatar-1,2026-08-21T08:03:16.050,61273.336,60.0,Clear,49.884,100,403.0,4095,38,61273.335602430554,2.9894833301659673,Qatar-1,False,False,True,False
observations/2026-08-21/Qatar-1/session_01/Qatar-1260821080615.fits,2026-08-21,Qatar-1,2026-08-21T08:06:15.381,61273.338,60.0,Clear,49.637,100,403.0,4095,36,61273.337678020835,2.988850004039705,Qatar-1,False,False,True,False
observations/2026-08-21/Qatar-1/session_01/Qatar-1260821080916.fits,2026-08-21,Qatar-1,2026-08-21T08:09:16.781,61273.34,60.0,Clear,49.386,100,402.0,4095,34,61273.33977755787,3.02333333180286,Qatar-1,False,False,True,False
observations/2026-08-21/Qatar-1/session_01/Qatar-1260821081215.fits,2026-08-21,Qatar-1,2026-08-21T08:12:15.185,61273.342,60.0,Clear,49.135,100,402.0,4095,47,61273.34184241898,2.973399998154491,Qatar-1,False,False,True,False
observations/2026-08-21/Qatar-1/session_01/Qatar-1260821081515.fits,2026-08-21,Qatar-1,2026-08-21T08:15:15.581,61273.344,60.0,Clear,48.878,100,402.0,4095,38,61273.34393033565,3.006600004155189,Qatar-1,False,False,True,False
observations/2026-08-28/Qatar-1/session_01/Qatar-1260828070036.fits,2026-08-28,Qatar-1,2026-08-28T07:00:36.825,61280.292,60.0,Clear,52.516,36,3202.0,4095,4,61280.292092881944,,Qatar-1,False,True,True,True
observations/2026-08-28/Qatar-1/session_01/Qatar-1260828070315.fits,2026-08-28,Qatar-1,2026-08-28T07:03:15.385,61280.294,60.0,Clear,52.335,64,3176.0,4095,4,61280.29392806713,2.642666663741693,Qatar-1,False,False,True,True
observations/2026-08-28/Qatar-1/session_01/Qatar-1260828070615.fits,2026-08-28,Qatar-1,2026-08-28T07:06:15.816,61280.296,60.0,Clear,52.127,64,3083.0,4095,3,61280.296016388886,3.007183332229033,Qatar-1,False,False,True,True
observations/2026-08-28/Qatar-1/session_01/Qatar-1260828070915.fits,2026-08-28,Qatar-1,2026-08-28T07:09:15.161,61280.298,60.0,Clear,51.917,64,2960.0,4095,3,61280.2980921412,2.9890833352692425,Qatar-1,False,False,True,True
observations/2026-08-28/Qatar-1/session_01/Qatar-1260828071215.fits,2026-08-28,Qatar-1,2026-08-28T07:12:15.602,61280.3,60.0,Clear,51.699,64,2916.0,4095,3,61280.300180578706,3.007350006373599,Qatar-1,False,False,True,True
observations/2026-08-28/Qatar-1/session_01/Qatar-1260828071516.fits,2026-08-28,Qatar-1,2026-08-28T07:15:16.963,61280.302,60.0,Clear,51.48,64,2841.0,4095,3,61280.30227966435,3.022683325689286,Qatar-1,False,False,True,True
observations/2026-08-28/Qatar-1/session_01/Qatar-1260828071815.fits,2026-08-28,Qatar-1,2026-08-28T07:18:15.526,61280.304,60.0,Clear,51.256,64,2825.0,4095,3,61280.30434636574,2.976049999706447,Qatar-1,False,False,True,True
observations/2026-08-28/Qatar-1/session_01/Qatar-1260828072115.fits,2026-08-28,Qatar-1,2026-08-28T07:21:15.944,61280.306,60.0,Clear,51.029,64,2738.0,4095,3,61280.30643453704,3.006966670509428,Qatar-1,False,False,True,True
observations/2026-08-28/Qatar-1/session_01/Qatar-1260828072415.fits,2026-08-28,Qatar-1,2026-08-28T07:24:15.288,61280.309,60.0,Clear,50.799,64,2650.0,4095,3,61280.30851027778,2.98906666575931,Qatar-1,False,False,True,True
observations/2026-08-28/Qatar-1/session_01/Qatar-1260828072716.fits,2026-08-28,Qatar-1,2026-08-28T07:27:16.763,61280.311,60.0,Clear,50.564,64,2612.0,4095,3,61280.31061068287,3.0245833355002105,Qatar-1,False,False,True,True
observations/2026-08-28/Qatar-1/session_01/Qatar-1260828073016.fits,2026-08-28,Qatar-1,2026-08-28T07:30:16.117,61280.313,60.0,Clear,50.326,64,2464.0,4095,3,61280.31268653935,2.989233329426497,Qatar-1,False,False,True,True
observations/2026-08-28/Qatar-1/session_01/Qatar-1260828073315.fits,2026-08-28,Qatar-1,2026-08-28T07:33:15.719,61280.315,60.0,Clear,50.085,59,2269.0,4095,3,61280.3147652662,2.9933666659053415,Qatar-1,False,False,True,True
observations/2026-08-28/Qatar-1/session_01/Qatar-1260828073616.fits,2026-08-28,Qatar-1,2026-08-28T07:36:16.096,61280.317,60.0,Clear,49.841,59,2343.0,4095,3,61280.31685296296,3.006283335853368,Qatar-1,False,False,True,True
observations/2026-08-28/Qatar-1/session_01/Qatar-1260828073915.fits,2026-08-28,Qatar-1,2026-08-28T07:39:15.552,61280.319,60.0,Clear,49.594,59,2135.0,4095,6,61280.31893,2.99093333655037,Qatar-1,False,False,True,True
observations/2026-08-28/Qatar-1/session_01/Qatar-1260828074216.fits,2026-08-28,Qatar-1,2026-08-28T07:42:16.279,61280.321,60.0,Clear,49.343,59,2563.0,4095,3,61280.32102174769,3.012116668978706,Qatar-1,False,False,True,True
observations/2026-08-28/Qatar-1/session_01/Qatar-1260828074515.fits,2026-08-28,Qatar-1,2026-08-28T07:45:15.741,61280.323,60.0,Clear,49.09,59,2984.0,4095,3,61280.32309885417,2.9910333326552063,Qatar-1,False,False,True,True
observations/2026-08-28/Qatar-1/session_01/Qatar-1260828074815.fits,2026-08-28,Qatar-1,2026-08-28T07:48:15.179,61280.325,60.0,Clear,48.835,59,2297.0,4095,3,61280.32517568287,2.9906333272811025,Qatar-1,False,False,True,True
observations/2026-08-28/Qatar-1/session_01/Qatar-1260828075116.fits,2026-08-28,Qatar-1,2026-08-28T07:51:16.591,61280.327,60.0,Clear,48.574,59,3180.0,4095,4,61280.327275358795,3.023533334489912,Qatar-1,False,False,True,True
observations/2026-08-28/Qatar-1/session_01/Qatar-1260828075416.fits,2026-08-28,Qatar-1,2026-08-28T07:54:16.079,61280.329,60.0,Clear,48.312,59,3213.0,4095,4,61280.3293527662,2.991466666571796,Qatar-1,False,False,True,True
observations/2026-08-28/Qatar-1/session_01/Qatar-1260828075715.fits,2026-08-28,Qatar-1,2026-08-28T07:57:15.496,61280.331,60.0,Clear,48.048,59,3333.0,4095,15,61280.33142935185,2.990283330436796,Qatar-1,False,False,True,True
observations/2026-08-28/Qatar-1/session_01/Qatar-1260828080016.fits,2026-08-28,Qatar-1,2026-08-28T08:00:16.966,61280.334,60.0,Clear,47.779,59,3181.0,4095,4,61280.33352969908,3.0245000089053065,Qatar-1,False,False,True,True
observations/2026-08-28/Qatar-1/session_01/Qatar-1260828080315.fits,2026-08-28,Qatar-1,2026-08-28T08:03:15.476,61280.336,60.0,Clear,47.511,58,3004.0,4095,3,61280.33559578704,2.9751666623633355,Qatar-1,False,False,True,True
observations/2026-08-28/Qatar-1/session_01/Qatar-1260828080615.fits,2026-08-28,Qatar-1,2026-08-28T08:06:15.920,61280.338,60.0,Clear,47.239,58,3008.0,4095,3,61280.33768425926,3.0074000044260174,Qatar-1,False,False,True,True
observations/2026-08-28/Qatar-1/session_01/Qatar-1260828080915.fits,2026-08-28,Qatar-1,2026-08-28T08:09:15.393,61280.34,60.0,Clear,46.965,58,3299.0,4095,7,61280.33976149306,2.991216665832326,Qatar-1,False,False,True,True
observations/2026-08-28/Qatar-1/session_01/Qatar-1260828081215.fits,2026-08-28,Qatar-1,2026-08-28T08:12:15.875,61280.342,60.0,Clear,46.688,58,1517.0,4095,9,61280.34185040509,3.00803333055228,Qatar-1,False,False,True,True
observations/2026-08-28/Qatar-1/session_01/Qatar-1260828081515.fits,2026-08-28,Qatar-1,2026-08-28T08:15:15.316,61280.344,60.0,Clear,46.409,58,918.0,4095,33,61280.34392726852,2.9906833358108997,Qatar-1,False,False,True,False
observations/2026-08-28/Qatar-1/session_01/Qatar-1260828081815.fits,2026-08-28,Qatar-1,2026-08-28T08:18:15.654,61280.346,60.0,Clear,46.129,58,831.0,4095,33,61280.34601451389,3.005633329739794,Qatar-1,False,False,True,False
observations/2026-08-28/Qatar-1/session_01/Qatar-1260828082115.fits,2026-08-28,Qatar-1,2026-08-28T08:21:15.156,61280.348,60.0,Clear,45.846,58,912.0,4095,33,61280.34809208333,2.9916999978013337,Qatar-1,False,False,True,False
observations/2026-08-28/Qatar-1/session_01/Qatar-1260828082415.fits,2026-08-28,Qatar-1,2026-08-28T08:24:15.730,61280.35,60.0,Clear,45.561,58,1445.0,4095,13,61280.35018206019,3.0095666740089655,Qatar-1,False,False,True,True
observations/2026-08-28/Qatar-1/session_01/Qatar-1260828082716.fits,2026-08-28,Qatar-1,2026-08-28T08:27:16.146,61280.352,60.0,Clear,45.274,58,2249.0,4095,3,61280.352270208336,3.006933331489563,Qatar-1,False,False,True,True
observations/2026-08-28/Qatar-1/session_01/Qatar-1260828083015.fits,2026-08-28,Qatar-1,2026-08-28T08:30:15.449,61280.354,60.0,Clear,44.985,58,2483.0,4095,3,61280.35434547454,2.9883833311032504,Qatar-1,False,False,True,True
observations/2026-08-28/Qatar-1/session_01/Qatar-1260828083315.fits,2026-08-28,Qatar-1,2026-08-28T08:33:15.885,61280.356,60.0,Clear,44.695,45,2627.0,4095,3,61280.35643385417,3.007266669301316,Qatar-1,False,True,True,True
observations/2026-08-28/Qatar-1/session_01/Qatar-1260828083615.fits,2026-08-28,Qatar-1,2026-08-28T08:36:15.361,61280.359,60.0,Clear,44.405,45,2924.0,4095,3,61280.358511122686,2.991266663884744,Qatar-1,False,True,True,True
observations/2026-08-28/Qatar-1/session_01/Qatar-1260828083915.fits,2026-08-28,Qatar-1,2026-08-28T08:39:15.767,61280.361,60.0,Clear,44.11,45,3306.0,4095,5,61280.360599155094,3.006766667822376,Qatar-1,False,True,True,True
observations/2026-08-28/Qatar-1/session_01/Qatar-1260828084215.fits,2026-08-28,Qatar-1,2026-08-28T08:42:15.200,61280.363,60.0,Clear,43.814,45,2922.0,4095,3,61280.36267592593,2.9905500006861985,Qatar-1,False,True,True,True
observations/2026-08-28/Qatar-1/session_01/Qatar-1260828084515.fits,2026-08-28,Qatar-1,2026-08-28T08:45:15.574,61280.365,60.0,Clear,43.518,45,2673.0,4095,3,61280.36476358796,3.006233327323571,Qatar-1,False,True,True,True
observations/2026-08-28/Qatar-1/session_01/Qatar-1260828084815.fits,2026-08-28,Qatar-1,2026-08-28T08:48:15.915,61280.367,60.0,Clear,43.22,45,2444.0,4095,3,61280.36685086806,3.0056833382695913,Qatar-1,False,True,True,True
observations/2026-08-28/Qatar-1/session_01/Qatar-1260828085115.fits,2026-08-28,Qatar-1,2026-08-28T08:51:15.242,61280.369,60.0,Clear,42.922,45,2126.0,4095,3,61280.36892641204,2.988783336477354,Qatar-1,False,True,True,True
observations/2026-08-28/Qatar-1/session_01/Qatar-1260828085415.fits,2026-08-28,Qatar-1,2026-08-28T08:54:15.757,61280.371,60.0,Clear,42.62,45,2201.0,4095,2,61280.37101570602,3.0085833300836384,Qatar-1,False,True,True,True
observations/2026-08-28/Qatar-1/session_01/Qatar-1260828085716.fits,2026-08-28,Qatar-1,2026-08-28T08:57:16.088,61280.373,60.0,Clear,42.318,45,2745.0,4095,3,61280.37310287037,3.0055166641250253,Qatar-1,False,True,True,True
observations/2026-08-28/Qatar-1/session_01/Qatar-1260828090015.fits,2026-08-28,Qatar-1,2026-08-28T09:00:15.358,61280.375,60.0,Clear,42.016,45,3466.0,4095,9,61280.37517775463,2.987833331571892,Qatar-1,False,True,True,True
observations/2026-08-28/Qatar-1/session_01/Qatar-1260828090316.fits,2026-08-28,Qatar-1,2026-08-28T09:03:16.731,61280.377,60.0,Clear,41.71,37,2821.0,4095,3,61280.37727697917,3.022883338853717,Qatar-1,False,True,True,True
observations/2026-08-28/Qatar-1/session_01/Qatar-1260828090616.fits,2026-08-28,Qatar-1,2026-08-28T09:06:16.064,61280.379,60.0,Clear,41.405,37,2066.0,4095,4,61280.379352592594,2.9888833325821906,Qatar-1,False,True,True,True
observations/2026-08-28/Qatar-1/session_01/Qatar-1260828090915.fits,2026-08-28,Qatar-1,2026-08-28T09:09:15.399,61280.381,60.0,Clear,41.099,37,1619.0,4095,12,61280.381428229164,2.9889166611246765,Qatar-1,False,True,True,True
observations/2026-08-28/Qatar-1/session_01/Qatar-1260828091215.fits,2026-08-28,Qatar-1,2026-08-28T09:12:15.867,61280.384,60.0,Clear,40.792,37,1294.0,4095,20,61280.383516979164,3.0077999993227422,Qatar-1,False,True,True,True
observations/2026-08-28/Qatar-1/session_01/Qatar-1260828091515.fits,2026-08-28,Qatar-1,2026-08-28T09:15:15.447,61280.386,60.0,Clear,40.484,37,1154.0,4095,28,61280.385595451386,2.9929999995511025,Qatar-1,False,True,True,True
observations/2026-08-28/Qatar-1/session_01/Qatar-1260828091815.fits,2026-08-28,Qatar-1,2026-08-28T09:18:15.922,61280.388,60.0,Clear,40.175,37,1873.0,4095,18,61280.38768428241,3.00791667541489,Qatar-1,False,True,True,True
observations/2026-08-28/Qatar-1/session_01/Qatar-1260828092115.fits,2026-08-28,Qatar-1,2026-08-28T09:21:15.248,61280.39,60.0,Clear,39.867,37,2268.0,4095,2,61280.38975981482,2.9887666669674218,Qatar-1,False,True,True,True
observations/2026-08-28/Qatar-1/session_01/Qatar-1260828092416.fits,2026-08-28,Qatar-1,2026-08-28T09:24:16.776,61280.392,60.0,Clear,39.555,37,1500.0,4095,13,61280.39186083333,3.025466662365943,Qatar-1,False,True,True,True
observations/2026-08-28/Qatar-1/session_01/Qatar-1260828092716.fits,2026-08-28,Qatar-1,2026-08-28T09:27:16.152,61280.394,60.0,Clear,39.244,37,1740.0,3987,0,61280.39393694444,2.989599995780736,Qatar-1,False,True,False,True
observations/2026-08-28/Qatar-1/session_01/Qatar-1260828093016.fits,2026-08-28,Qatar-1,2026-08-28T09:30:16.599,61280.396,60.0,Clear,38.932,37,1127.0,4095,28,61280.39602545139,3.0074500024784356,Qatar-1,False,True,True,True
observations/2026-08-28/Qatar-1/session_01/Qatar-1260828093315.fits,2026-08-28,Qatar-1,2026-08-28T09:33:15.449,61280.398,60.0,Clear,38.62,49,1705.0,4095,2,61280.398095474535,2.9808333318214864,Qatar-1,False,True,True,True
observations/2026-08-28/Qatar-1/session_01/Qatar-1260828093615.fits,2026-08-28,Qatar-1,2026-08-28T09:36:15.825,61280.4,60.0,Clear,38.308,49,1154.0,4095,16,61280.40018315972,3.0062666663434356,Qatar-1,False,True,True,True
observations/2026-08-28/Qatar-1/session_01/Qatar-1260828093915.fits,2026-08-28,Qatar-1,2026-08-28T09:39:15.262,61280.402,60.0,Clear,37.994,49,1051.0,4095,27,61280.40225997685,2.990616668248549,Qatar-1,False,True,True,True
observations/2026-08-28/Qatar-1/session_01/Qatar-1260828094215.fits,2026-08-28,Qatar-1,2026-08-28T09:42:15.725,61280.404,60.0,Clear,37.681,49,1033.0,4095,28,61280.404348668984,3.007716672727838,Qatar-1,False,True,True,True
observations/2026-08-28/Qatar-1/session_01/Qatar-1260828094516.fits,2026-08-28,Qatar-1,2026-08-28T09:45:16.062,61280.406,60.0,Clear,37.367,49,1105.0,4095,28,61280.406435902776,3.0056166602298617,Qatar-1,False,True,True,True
observations/2026-08-28/Qatar-1/session_01/Qatar-1260828094815.fits,2026-08-28,Qatar-1,2026-08-28T09:48:15.444,61280.409,60.0,Clear,37.053,49,1121.0,4095,28,61280.40851208333,2.9897000023629516,Qatar-1,False,True,True,True
observations/2026-08-28/Qatar-1/session_01/Qatar-1260828095115.fits,2026-08-28,Qatar-1,2026-08-28T09:51:15.764,61280.411,60.0,Clear,36.739,49,1449.0,4095,10,61280.41059912037,3.005333330947906,Qatar-1,False,True,True,True
observations/2026-08-28/Qatar-1/session_01/Qatar-1260828095715.fits,2026-08-28,Qatar-1,2026-08-28T09:57:15.678,61280.415,60.0,Clear,36.109,49,1643.0,4095,9,61280.41476479167,5.998566672205925,Qatar-1,False,True,True,True
observations/2026-08-28/Qatar-1/session_01/Qatar-1260828100016.fits,2026-08-28,Qatar-1,2026-08-28T10:00:16.120,61280.417,60.0,Clear,35.793,49,1756.0,4095,1,61280.41685324074,3.0073666654061526,Qatar-1,False,True,True,True
observations/2026-08-28/Qatar-1/session_01/Qatar-1260828100315.fits,2026-08-28,Qatar-1,2026-08-28T10:03:15.673,61280.419,60.0,Clear,35.479,39,2035.0,4095,1,61280.41893140046,2.9925499961245805,Qatar-1,False,True,True,True
observations/2026-08-28/Qatar-1/session_01/Qatar-1260828100616.fits,2026-08-28,Qatar-1,2026-08-28T10:06:16.050,61280.421,60.0,Clear,35.164,39,2120.0,4095,2,61280.42101909722,3.006283335853368,Qatar-1,False,True,True,True
observations/2026-08-28/Qatar-1/session_01/Qatar-1260828100915.fits,2026-08-28,Qatar-1,2026-08-28T10:09:15.394,61280.423,60.0,Clear,34.85,39,2583.0,4095,3,61280.42309483796,2.98906666575931,Qatar-1,False,True,True,True
observations/2026-08-28/Qatar-1/session_01/Qatar-1260828101215.fits,2026-08-28,Qatar-1,2026-08-28T10:12:15.841,61280.425,60.0,Clear,34.535,39,2829.0,4095,3,61280.42518334491,3.0074500024784356,Qatar-1,False,True,True,True
observations/2026-08-28/Qatar-1/session_01/Qatar-1260828101516.fits,2026-08-28,Qatar-1,2026-08-28T10:15:16.266,61280.427,60.0,Clear,34.22,39,2084.0,4095,2,61280.427271597226,3.0070833361241966,Qatar-1,False,True,True,True
observations/2026-08-28/Qatar-1/session_01/Qatar-1260828101815.fits,2026-08-28,Qatar-1,2026-08-28T10:18:15.549,61280.429,60.0,Clear,33.905,39,1992.0,4095,1,61280.42934663194,2.9880499932914972,Qatar-1,False,True,True,True
observations/2026-08-28/Qatar-1/session_01/Qatar-1260828102115.fits,2026-08-28,Qatar-1,2026-08-28T10:21:15.937,61280.431,60.0,Clear,33.591,39,1933.0,4095,2,61280.43143445602,3.0064666690304875,Qatar-1,False,True,True,True
observations/2026-08-28/Qatar-1/session_01/Qatar-1260828102415.fits,2026-08-28,Qatar-1,2026-08-28T10:24:15.443,61280.434,60.0,Clear,33.277,39,1919.0,4095,1,61280.43351207176,2.9917666653636843,Qatar-1,False,True,True,True
observations/2026-08-28/Qatar-1/session_01/Qatar-1260828102715.fits,2026-08-28,Qatar-1,2026-08-28T10:27:15.867,61280.436,60.0,Clear,32.963,39,1812.0,4030,0,61280.4356003125,3.0070666666142642,Qatar-1,False,True,False,True
observations/2026-08-28/Qatar-1/session_01/Qatar-1260828103015.fits,2026-08-28,Qatar-1,2026-08-28T10:30:15.357,61280.438,60.0,Clear,32.651,39,1885.0,4038,0,61280.43767774306,2.9915000055916607,Qatar-1,False,True,False,True
observations/2026-08-28/Qatar-1/session_01/Qatar-1260828103315.fits,2026-08-28,Qatar-1,2026-08-28T10:33:15.770,61280.44,60.0,Clear,32.336,29,1403.0,4095,12,61280.439765856485,3.0068833334371448,Qatar-1,False,True,True,True
observations/2026-08-28/Qatar-1/session_01/Qatar-1260828103616.fits,2026-08-28,Qatar-1,2026-08-28T10:36:16.013,61280.442,60.0,Clear,32.023,29,1696.0,3941,0,61280.44185200232,3.0040499987080693,Qatar-1,False,True,False,True
observations/2026-08-28/Qatar-1/session_01/Qatar-1260828103915.fits,2026-08-28,Qatar-1,2026-08-28T10:39:15.361,61280.444,60.0,Clear,31.711,29,1781.0,4051,0,61280.443927789354,2.9891333333216608,Qatar-1,False,True,False,True
observations/2026-08-06/TRES-1/session_01/TRES-1260806073422.fits,2026-08-06,TRES-1,2026-08-06T07:34:22.622,61258.316,60.0,Clear,63.75,0,377.0,3195,0,61258.31553960648,,TrES-1,False,True,False,False
observations/2026-08-06/TRES-1/session_01/TRES-1260806073617.fits,2026-08-06,TRES-1,2026-08-06T07:36:17.324,61258.317,60.0,Clear,63.368,0,379.0,3075,0,61258.31686717593,1.911699998890981,TrES-1,False,True,False,False
observations/2026-08-06/TRES-1/session_01/TRES-1260806073917.fits,2026-08-06,TRES-1,2026-08-06T07:39:17.185,61258.319,60.0,Clear,62.761,0,377.0,3191,0,61258.318948900465,2.9976833355613053,TrES-1,False,True,False,False
observations/2026-08-06/TRES-1/session_01/TRES-1260806074222.fits,2026-08-06,TRES-1,2026-08-06T07:42:22.170,61258.321,60.0,Clear,62.141,0,378.0,2788,0,61258.321089930556,3.083083330420777,TrES-1,False,True,False,False
observations/2026-08-06/TRES-1/session_01/TRES-1260806074515.fits,2026-08-06,TRES-1,2026-08-06T07:45:15.981,61258.323,60.0,Clear,61.562,0,378.0,2961,0,61258.32310163195,2.896850004326552,TrES-1,False,True,False,False
observations/2026-08-06/TRES-1/session_01/TRES-1260806074834.fits,2026-08-06,TRES-1,2026-08-06T07:48:34.961,61258.325,60.0,Clear,60.895,0,380.0,2933,0,61258.325404641204,3.3163333288393915,TrES-1,False,True,False,False
observations/2026-08-06/TRES-1/session_01/TRES-1260806075116.fits,2026-08-06,TRES-1,2026-08-06T07:51:16.069,61258.327,60.0,Clear,60.355,0,378.0,2825,0,61258.32726931713,2.6851333351805806,TrES-1,False,True,False,False
observations/2026-08-06/TRES-1/session_01/TRES-1260806075417.fits,2026-08-06,TRES-1,2026-08-06T07:54:17.795,61258.329,60.0,Clear,59.749,0,380.0,2752,0,61258.32937262731,3.028766659554094,TrES-1,False,True,False,False
observations/2026-08-06/TRES-1/session_01/TRES-1260806075727.fits,2026-08-06,TRES-1,2026-08-06T07:57:27.502,61258.332,60.0,Clear,59.109,0,382.0,2805,0,61258.33156831018,3.161783334799111,TrES-1,False,True,False,False
observations/2026-08-06/TRES-1/session_01/TRES-1260806080016.fits,2026-08-06,TRES-1,2026-08-06T08:00:16.336,61258.334,60.0,Clear,58.546,0,382.0,3164,0,61258.33352240741,2.8139000083319843,TrES-1,False,True,False,False
observations/2026-08-06/TRES-1/session_01/TRES-1260806080337.fits,2026-08-06,TRES-1,2026-08-06T08:03:37.595,61258.336,60.0,Clear,57.87,0,383.0,3082,0,61258.335851793985,3.3543166669551283,TrES-1,False,True,False,False
observations/2026-08-06/TRES-1/session_01/TRES-1260806080615.fits,2026-08-06,TRES-1,2026-08-06T08:06:15.223,61258.338,60.0,Clear,57.341,0,384.0,3175,0,61258.33767619213,2.627133331261575,TrES-1,False,True,False,False
observations/2026-08-06/TRES-1/session_01/TRES-1260806080916.fits,2026-08-06,TRES-1,2026-08-06T08:09:16.570,61258.34,60.0,Clear,56.736,0,384.0,3018,0,61258.33977511574,3.0224499944597483,TrES-1,False,True,False,False
observations/2026-08-06/TRES-1/session_01/TRES-1260806081236.fits,2026-08-06,TRES-1,2026-08-06T08:12:36.832,61258.342,60.0,Clear,56.07,0,387.0,2816,0,61258.342092962965,3.337700004922226,TrES-1,False,True,False,False
observations/2026-08-06/TRES-1/session_01/TRES-1260806081516.fits,2026-08-06,TRES-1,2026-08-06T08:15:16.827,61258.344,60.0,Clear,55.532,0,388.0,3112,0,61258.34394475695,2.666583334794268,TrES-1,False,True,False,False
observations/2026-08-06/TRES-1/session_01/TRES-1260806081815.fits,2026-08-06,TRES-1,2026-08-06T08:18:15.822,61258.346,60.0,Clear,54.934,0,391.0,2878,0,61258.34601645833,2.9832499916665256,TrES-1,False,True,False,False
observations/2026-08-06/TRES-1/session_01/TRES-1260806082127.fits,2026-08-06,TRES-1,2026-08-06T08:21:27.062,61258.348,60.0,Clear,54.296,0,393.0,3205,0,61258.34822988426,3.187333334935829,TrES-1,False,True,False,False
observations/2026-08-06/TRES-1/session_01/TRES-1260806082415.fits,2026-08-06,TRES-1,2026-08-06T08:24:15.942,61258.35,60.0,Clear,53.732,0,393.0,3183,0,61258.35018451389,2.814666669582948,TrES-1,False,True,False,False
observations/2026-08-06/TRES-1/session_01/TRES-1260806082715.fits,2026-08-06,TRES-1,2026-08-06T08:27:15.425,61258.352,60.0,Clear,53.131,0,394.0,2707,0,61258.35226186342,2.991383329499513,TrES-1,False,True,False,False
observations/2026-08-06/TRES-1/session_01/TRES-1260806083024.fits,2026-08-06,TRES-1,2026-08-06T08:30:24.327,61258.354,60.0,Clear,52.505,0,395.0,3137,0,61258.35444822917,3.148366673849523,TrES-1,False,True,False,False
observations/2026-08-06/TRES-1/session_01/TRES-1260806083316.fits,2026-08-06,TRES-1,2026-08-06T08:33:16.725,61258.356,60.0,Clear,51.932,0,395.0,3156,0,61258.35644357639,2.873299999628216,TrES-1,False,True,False,False
observations/2026-08-06/TRES-1/session_01/TRES-1260806083633.fits,2026-08-06,TRES-1,2026-08-06T08:36:33.587,61258.359,60.0,Clear,51.272,0,395.0,3168,0,61258.35872207176,3.2810333312954754,TrES-1,False,True,False,False
observations/2026-08-06/TRES-1/session_01/TRES-1260806083915.fits,2026-08-06,TRES-1,2026-08-06T08:39:15.453,61258.361,60.0,Clear,50.734,0,397.0,3175,0,61258.36059552083,2.6977666653692722,TrES-1,False,True,False,False
observations/2026-08-06/TRES-1/session_01/TRES-1260806084216.fits,2026-08-06,TRES-1,2026-08-06T08:42:16.054,61258.363,60.0,Clear,50.135,0,398.0,3104,0,61258.362685810185,3.0100166669581085,TrES-1,False,True,False,False
observations/2026-08-06/TRES-1/session_01/TRES-1260806084527.fits,2026-08-06,TRES-1,2026-08-06T08:45:27.961,61258.365,60.0,Clear,49.498,0,400.0,2684,0,61258.36490695602,3.1984500016551465,TrES-1,False,True,False,False
observations/2026-08-06/TRES-1/session_01/TRES-1260806084815.fits,2026-08-06,TRES-1,2026-08-06T08:48:15.583,61258.367,60.0,Clear,48.94,0,403.0,3154,0,61258.36684702546,2.7936999988742173,TrES-1,False,True,False,False
observations/2026-08-06/TRES-1/session_01/TRES-1260806085115.fits,2026-08-06,TRES-1,2026-08-06T08:51:15.452,61258.369,60.0,Clear,48.343,0,405.0,2761,0,61258.368928842596,2.9978166706860065,TrES-1,False,True,False,False
observations/2026-08-06/TRES-1/session_01/TRES-1260806085422.fits,2026-08-06,TRES-1,2026-08-06T08:54:23.015,61258.371,60.0,Clear,47.724,0,408.0,2702,0,61258.37109971065,3.126049992861226,TrES-1,False,True,False,False
observations/2026-08-06/TRES-1/session_01/TRES-1260806085715.fits,2026-08-06,TRES-1,2026-08-06T08:57:15.213,61258.373,60.0,Clear,47.151,0,411.0,2863,0,61258.37309274306,2.8699666738975793,TrES-1,False,True,False,False
observations/2026-08-06/TRES-1/session_01/TRES-1260806090033.fits,2026-08-06,TRES-1,2026-08-06T09:00:33.239,61258.375,60.0,Clear,46.5,0,412.0,3104,0,61258.37538471065,3.300433330005035,TrES-1,False,True,False,False
observations/2026-08-06/TRES-1/session_01/TRES-1260806090316.fits,2026-08-06,TRES-1,2026-08-06T09:03:16.845,61258.377,60.0,Clear,45.962,0,412.0,3200,0,61258.37727829861,2.726766667328775,TrES-1,False,True,False,False
observations/2026-08-06/TRES-1/session_01/TRES-1260806090615.fits,2026-08-06,TRES-1,2026-08-06T09:06:15.398,61258.379,60.0,Clear,45.368,0,410.0,3014,0,61258.37934488426,2.97588333603926,TrES-1,False,True,False,False
observations/2026-08-06/TRES-1/session_01/TRES-1260806090928.fits,2026-08-06,TRES-1,2026-08-06T09:09:28.304,61258.382,60.0,Clear,44.732,0,408.0,3115,0,61258.38157759259,3.2150999922305346,TrES-1,False,True,False,False
observations/2026-08-06/TRES-1/session_01/TRES-1260806091215.fits,2026-08-06,TRES-1,2026-08-06T09:12:15.556,61258.384,60.0,Clear,44.182,0,409.0,3138,0,61258.38351337963,2.787533338414505,TrES-1,False,True,False,False
observations/2026-08-06/TRES-1/session_01/TRES-1260806091516.fits,2026-08-06,TRES-1,2026-08-06T09:15:16.378,61258.386,60.0,Clear,43.59,0,413.0,3127,0,61258.38560622685,3.013700000010431,TrES-1,False,True,False,False
observations/2026-08-06/TRES-1/session_01/TRES-1260806091823.fits,2026-08-06,TRES-1,2026-08-06T09:18:23.719,61258.388,60.0,Clear,42.972,0,416.0,3166,0,61258.387774525465,3.1223500007763505,TrES-1,False,True,False,False
observations/2026-08-06/TRES-1/session_01/TRES-1260806092116.fits,2026-08-06,TRES-1,2026-08-06T09:21:16.018,61258.39,60.0,Clear,42.408,0,422.0,2678,0,61258.389768726855,2.8716500010341406,TrES-1,False,True,False,False
observations/2026-08-06/TRES-1/session_01/TRES-1260806092434.fits,2026-08-06,TRES-1,2026-08-06T09:24:34.395,61258.392,60.0,Clear,41.756,0,427.0,2676,0,61258.39206475695,3.306283332640305,TrES-1,False,True,False,False
observations/2026-08-06/TRES-1/session_01/TRES-1260806092716.fits,2026-08-06,TRES-1,2026-08-06T09:27:16.247,61258.394,60.0,Clear,41.229,0,432.0,3190,0,61258.393938043984,2.6975333341397345,TrES-1,False,True,False,False
observations/2026-08-06/TRES-1/session_01/TRES-1260806093016.fits,2026-08-06,TRES-1,2026-08-06T09:30:16.226,61258.396,60.0,Clear,40.641,0,439.0,2711,0,61258.39602113426,2.9996499919798225,TrES-1,False,True,False,False
observations/2026-08-06/TRES-1/session_01/TRES-1260806093333.fits,2026-08-06,TRES-1,2026-08-06T09:33:33.026,61258.398,60.0,Clear,39.998,0,448.0,3212,0,61258.398298912034,3.279999999795109,TrES-1,False,True,False,False
observations/2026-08-06/TRES-1/session_01/TRES-1260806093615.fits,2026-08-06,TRES-1,2026-08-06T09:36:15.675,61258.4,60.0,Clear,39.467,0,455.0,2889,0,61258.40018142361,2.710816670442,TrES-1,False,True,False,False
observations/2026-08-06/TRES-1/session_01/TRES-1260806093915.fits,2026-08-06,TRES-1,2026-08-06T09:39:15.399,61258.402,60.0,Clear,38.881,0,458.0,2934,0,61258.4022615625,2.9954000003635883,TrES-1,False,True,False,False
observations/2026-08-06/TRES-1/session_01/TRES-1260806094228.fits,2026-08-06,TRES-1,2026-08-06T09:42:28.181,61258.404,60.0,Clear,38.257,0,464.0,3198,0,61258.404492835645,3.213033329229802,TrES-1,False,True,False,False
observations/2026-08-06/TRES-1/session_01/TRES-1260806094515.fits,2026-08-06,TRES-1,2026-08-06T09:45:15.419,61258.406,60.0,Clear,37.712,0,472.0,2654,0,61258.40642846065,2.7873000071849674,TrES-1,False,True,False,False
observations/2026-08-06/TRES-1/session_01/TRES-1260806094815.fits,2026-08-06,TRES-1,2026-08-06T09:48:15.483,61258.409,60.0,Clear,37.128,0,481.0,2721,0,61258.40851253472,3.0010666593443602,TrES-1,False,True,False,False
observations/2026-08-06/TRES-1/session_01/TRES-1260806095128.fits,2026-08-06,TRES-1,2026-08-06T09:51:28.405,61258.411,60.0,Clear,36.507,0,492.0,2805,0,61258.41074542824,3.215366672957316,TrES-1,False,True,False,False
observations/2026-08-06/TRES-1/session_01/TRES-1260806095415.fits,2026-08-06,TRES-1,2026-08-06T09:54:15.168,61258.413,60.0,Clear,35.965,0,492.0,2594,0,61258.412675555555,2.7793833310715854,TrES-1,False,True,False,False
observations/2026-08-06/TRES-1/session_01/TRES-1260806095736.fits,2026-08-06,TRES-1,2026-08-06T09:57:36.652,61258.415,60.0,Clear,35.316,0,487.0,2626,0,61258.4150075463,3.358066667569801,TrES-1,False,True,False,False
observations/2026-08-06/TRES-1/session_01/TRES-1260806100015.fits,2026-08-06,TRES-1,2026-08-06T10:00:15.373,61258.417,60.0,Clear,34.804,0,493.0,2638,0,61258.41684459491,2.6453500043135136,TrES-1,False,True,False,False
observations/2026-08-06/TRES-1/session_01/TRES-1260806100315.fits,2026-08-06,TRES-1,2026-08-06T10:03:15.617,61258.419,60.0,Clear,34.226,0,490.0,2644,0,61258.41893075231,3.0040666577406228,TrES-1,False,True,False,False
observations/2026-08-06/TRES-1/session_01/TRES-1260806100634.fits,2026-08-06,TRES-1,2026-08-06T10:06:34.613,61258.421,60.0,Clear,33.587,0,488.0,2764,0,61258.421233946756,3.316599999088794,TrES-1,False,True,False,False
observations/2026-08-06/TRES-1/session_01/TRES-1260806100915.fits,2026-08-06,TRES-1,2026-08-06T10:09:15.755,61258.423,60.0,Clear,33.072,0,488.0,2860,0,61258.4230990162,2.6857000042218715,TrES-1,False,True,False,False
observations/2026-08-06/TRES-1/session_01/TRES-1260806101215.fits,2026-08-06,TRES-1,2026-08-06T10:12:15.995,61258.425,60.0,Clear,32.496,0,509.0,2882,0,61258.425185127315,3.004000000655651,TrES-1,False,True,False,False
observations/2026-08-06/TRES-1/session_01/TRES-1260806101528.fits,2026-08-06,TRES-1,2026-08-06T10:15:28.198,61258.427,60.0,Clear,31.883,0,524.0,2920,0,61258.42740969908,3.2033833384048194,TrES-1,False,True,False,False
observations/2026-08-06/TRES-1/session_01/TRES-1260806101815.fits,2026-08-06,TRES-1,2026-08-06T10:18:15.952,61258.429,60.0,Clear,31.348,0,533.0,2885,0,61258.4293512963,2.795899996999651,TrES-1,False,True,False,False
observations/2026-08-06/TRES-1/session_01/TRES-1260806102115.fits,2026-08-06,TRES-1,2026-08-06T10:21:15.812,61258.431,60.0,Clear,30.776,0,530.0,2730,0,61258.43143300926,2.997666666051373,TrES-1,False,True,False,False
observations/2026-08-06/TRES-1/session_01/TRES-1260806102425.fits,2026-08-06,TRES-1,2026-08-06T10:24:25.998,61258.434,60.0,Clear,30.173,0,533.0,2761,0,61258.43363423611,3.1697666679974645,TrES-1,False,True,False,False
observations/2026-08-06/TRES-1/session_01/TRES-1260806102715.fits,2026-08-06,TRES-1,2026-08-06T10:27:15.668,61258.436,60.0,Clear,29.635,0,510.0,2950,0,61258.43559800926,2.827833329793066,TrES-1,True,True,False,False
observations/2026-08-06/TRES-1/session_01/TRES-1260806103315.fits,2026-08-06,TRES-1,2026-08-06T10:33:15.855,61258.44,60.0,Clear,28.498,0,571.0,3040,0,61258.439766840274,6.0031166626140475,TrES-1,True,True,False,False
observations/2026-08-06/TRES-1/session_01/TRES-1260806103616.fits,2026-08-06,TRES-1,2026-08-06T10:36:16.687,61258.442,60.0,Clear,27.932,0,569.0,3074,0,61258.44185980324,3.013866674154997,TrES-1,True,True,False,False
observations/2026-08-06/TRES-1/session_01/TRES-1260806103933.fits,2026-08-06,TRES-1,2026-08-06T10:39:33.565,61258.444,60.0,Clear,27.31,0,566.0,2867,0,61258.4441384838,3.281300001544878,TrES-1,True,True,False,False
observations/2026-08-06/TRES-1/session_01/TRES-1260806104216.fits,2026-08-06,TRES-1,2026-08-06T10:42:16.271,61258.446,60.0,Clear,26.802,0,572.0,2884,0,61258.446021655094,2.7117666648700833,TrES-1,True,True,False,False
observations/2026-08-06/TRES-1/session_01/TRES-1260806104516.fits,2026-08-06,TRES-1,2026-08-06T10:45:16.498,61258.448,60.0,Clear,26.24,0,589.0,2899,0,61258.44810761574,3.003783328458667,TrES-1,True,True,False,False
observations/2026-08-06/TRES-1/session_01/TRES-1260806104830.fits,2026-08-06,TRES-1,2026-08-06T10:48:30.339,61258.45,60.0,Clear,25.632,0,592.0,3146,0,61258.45035114583,3.2306833332404494,TrES-1,True,True,False,False
observations/2026-08-06/TRES-1/session_01/TRES-1260806105116.fits,2026-08-06,TRES-1,2026-08-06T10:51:16.765,61258.452,60.0,Clear,25.115,0,580.0,2908,0,61258.452277372686,2.7737666701432317,TrES-1,True,True,False,False
observations/2026-08-06/TRES-1/session_01/TRES-1260806105416.fits,2026-08-06,TRES-1,2026-08-06T10:54:16.686,61258.454,60.0,Clear,24.559,0,614.0,3174,0,61258.45435979166,2.998683328041807,TrES-1,True,True,False,False
observations/2026-08-06/TRES-1/session_01/TRES-1260806105727.fits,2026-08-06,TRES-1,2026-08-06T10:57:27.619,61258.457,60.0,Clear,23.968,0,609.0,3071,0,61258.456569664355,3.1822166754864156,TrES-1,True,True,False,False
observations/2026-08-06/TRES-1/session_01/TRES-1260806110016.fits,2026-08-06,TRES-1,2026-08-06T11:00:16.270,61258.459,60.0,Clear,23.446,0,553.0,3053,0,61258.458521643515,2.8108499909285456,TrES-1,True,True,False,False
observations/2026-08-06/TRES-1/session_01/TRES-1260806110315.fits,2026-08-06,TRES-1,2026-08-06T11:03:15.383,61258.461,60.0,Clear,22.892,0,555.0,3053,0,61258.46059471065,2.9852166690398008,TrES-1,True,True,False,False
observations/2026-08-06/TRES-1/session_01/TRES-1260806110626.fits,2026-08-06,TRES-1,2026-08-06T11:06:26.707,61258.463,60.0,Clear,22.308,0,581.0,2995,0,61258.462809108794,3.1887333327904344,TrES-1,True,True,False,False
observations/2026-08-06/TRES-1/session_01/TRES-1260806110916.fits,2026-08-06,TRES-1,2026-08-06T11:09:16.311,61258.465,60.0,Clear,21.787,0,553.0,2911,0,61258.46477211806,2.826733341207728,TrES-1,True,True,False,False
observations/2026-08-06/TRES-1/session_01/TRES-1260806111236.fits,2026-08-06,TRES-1,2026-08-06T11:12:36.405,61258.467,60.0,Clear,21.173,0,554.0,3019,0,61258.467088020836,3.3348999987356365,TrES-1,True,True,False,False
observations/2026-08-06/TRES-1/session_01/TRES-1260806111515.fits,2026-08-06,TRES-1,2026-08-06T11:15:15.950,61258.469,60.0,Clear,20.688,0,559.0,2868,0,61258.468934606484,2.659083333564922,TrES-1,True,True,False,False
observations/2026-08-06/TRES-1/session_01/TRES-1260806111816.fits,2026-08-06,TRES-1,2026-08-06T11:18:16.895,61258.471,60.0,Clear,20.141,0,601.0,2927,0,61258.47102887731,3.015749993501231,TrES-1,True,True,False,False
observations/2026-08-06/TRES-1/session_01/TRES-1260806112133.fits,2026-08-06,TRES-1,2026-08-06T11:21:33.977,61258.473,60.0,Clear,19.542,0,590.0,2930,0,61258.47330991898,3.284700005315244,TrES-1,True,True,False,False
observations/2026-08-06/TRES-1/session_01/TRES-1260806112416.fits,2026-08-06,TRES-1,2026-08-06T11:24:16.699,61258.475,60.0,Clear,19.052,0,613.0,2954,0,61258.475193275466,2.712033335119486,TrES-1,True,True,False,False
observations/2026-08-06/TRES-1/session_01/TRES-1260806112717.fits,2026-08-06,TRES-1,2026-08-06T11:27:17.655,61258.477,60.0,Clear,18.507,0,619.0,2964,0,61258.47728767361,3.0159333266783506,TrES-1,True,True,False,False
observations/2026-08-06/TRES-1/session_01/TRES-1260806113030.fits,2026-08-06,TRES-1,2026-08-06T11:30:30.680,61258.48,60.0,Clear,17.925,0,609.0,2924,0,61258.47952175926,3.217083339113742,TrES-1,True,True,False,False
observations/2026-08-06/TRES-1/session_01/TRES-1260806113317.fits,2026-08-06,TRES-1,2026-08-06T11:33:17.222,61258.481,60.0,Clear,17.428,0,601.0,2950,0,61258.481449328705,2.775699998019263,TrES-1,True,True,False,False
observations/2026-08-06/TRES-1/session_01/TRES-1260806113615.fits,2026-08-06,TRES-1,2026-08-06T11:36:15.978,61258.484,60.0,Clear,16.894,0,605.0,2900,0,61258.483518263885,2.979266659822315,TrES-1,True,True,False,False
observations/2026-08-06/TRES-1/session_01/TRES-1260806113928.fits,2026-08-06,TRES-1,2026-08-06T11:39:28.538,61258.486,60.0,Clear,16.323,0,545.0,2861,0,61258.48574696759,3.209333337144926,TrES-1,True,True,False,False
observations/2026-08-06/TRES-1/session_01/TRES-1260806114215.fits,2026-08-06,TRES-1,2026-08-06T11:42:15.487,61258.488,60.0,Clear,15.825,0,575.0,2833,0,61258.487679247686,2.7824833360500634,TrES-1,True,True,False,False
observations/2026-08-06/TRES-1/session_01/TRES-1260806114517.fits,2026-08-06,TRES-1,2026-08-06T11:45:17.511,61258.49,60.0,Clear,15.29,0,646.0,2940,0,61258.48978600695,3.0337333353236318,TrES-1,True,True,False,False
observations/2026-08-06/TRES-1/session_01/TRES-1260806115238.fits,2026-08-06,TRES-1,2026-08-06T11:52:38.452,61258.495,60.0,Clear,13.996,0,658.0,3012,0,61258.49488949074,7.3490166664123535,TrES-1,True,True,False,False
observations/2026-08-06/TRES-1/session_01/TRES-1260806120015.fits,2026-08-06,TRES-1,2026-08-06T12:00:15.690,61258.5,60.0,Clear,12.666,0,967.0,3361,0,61258.50018159722,7.620633328333497,TrES-1,True,True,False,False
observations/2026-08-06/TRES-1/session_01/TRES-1260806120750.fits,2026-08-06,TRES-1,2026-08-06T12:07:50.844,61258.505,60.0,Clear,11.353,0,1799.0,4075,0,61258.50544958333,7.585899999830872,TrES-1,True,True,False,True
observations/2026-08-06/TRES-1/session_01/TRES-1260806121528.fits,2026-08-06,TRES-1,2026-08-06T12:15:28.065,61258.511,60.0,Clear,10.05,0,4095.0,4095,324500,61258.51074149305,7.620349999051541,TrES-1,True,True,True,True
observations/2026-08-06/TRES-1/session_01/TRES-1260806122303.fits,2026-08-06,TRES-1,2026-08-06T12:23:03.212,61258.516,60.0,Clear,8.767,0,4095.0,4095,325000,61258.51600939815,7.585783334216103,TrES-1,True,True,True,True
observations/2026-08-06/TRES-1/session_01/TRES-1260806123040.fits,2026-08-06,TRES-1,2026-08-06T12:30:40.120,61258.521,60.0,Clear,7.493,0,4095.0,4095,325000,61258.52129768518,7.615133333019912,TrES-1,True,True,True,True
observations/2026-08-06/TRES-1/session_01/TRES-1260806123815.fits,2026-08-06,TRES-1,2026-08-06T12:38:15.923,61258.527,60.0,Clear,6.238,0,4095.0,4095,325000,61258.52657318287,7.596716667758301,TrES-1,True,True,True,True
observations/2026-08-10/TRES-3/session_01/TRES-3260810060640.fits,2026-08-10,TRES-3,2026-08-10T06:06:40.229,61262.255,60.0,Clear,63.738,0,1448.0,3972,0,61262.25463228009,,TrES-3,False,True,False,True
observations/2026-08-10/TRES-3/session_01/TRES-3260810060916.fits,2026-08-10,TRES-3,2026-08-10T06:09:16.878,61262.256,60.0,Clear,63.222,0,546.0,3288,0,61262.25644534722,2.6108166680205613,TrES-3,False,True,False,False
observations/2026-08-10/TRES-3/session_01/TRES-3260810061215.fits,2026-08-10,TRES-3,2026-08-10T06:12:15.648,61262.259,60.0,Clear,62.63,0,740.0,3419,0,61262.258514444446,2.9795000015292317,TrES-3,False,True,False,False
observations/2026-08-10/TRES-3/session_01/TRES-3260810061516.fits,2026-08-10,TRES-3,2026-08-10T06:15:16.372,61262.261,60.0,Clear,62.034,0,700.0,3368,0,61262.260606157404,3.012066660448909,TrES-3,False,True,False,False
observations/2026-08-10/TRES-3/session_01/TRES-3260810061816.fits,2026-08-10,TRES-3,2026-08-10T06:18:16.907,61262.263,60.0,Clear,61.435,0,501.0,3150,0,61262.26269568287,3.0089166678953916,TrES-3,False,True,False,False
observations/2026-08-10/TRES-3/session_01/TRES-3260810062117.fits,2026-08-10,TRES-3,2026-08-10T06:21:17.566,61262.265,60.0,Clear,60.835,0,484.0,3085,0,61262.26478664352,3.010983341373503,TrES-3,False,True,False,False
observations/2026-08-10/TRES-3/session_01/TRES-3260810062416.fits,2026-08-10,TRES-3,2026-08-10T06:24:16.086,61262.267,60.0,Clear,60.246,0,454.0,3065,0,61262.26685284722,2.9753333260305226,TrES-3,False,True,False,False
observations/2026-08-10/TRES-3/session_01/TRES-3260810062715.fits,2026-08-10,TRES-3,2026-08-10T06:27:15.734,61262.269,60.0,Clear,59.649,0,450.0,2986,0,61262.26893210648,2.9941333376336843,TrES-3,False,True,False,False
observations/2026-08-10/TRES-3/session_01/TRES-3260810063015.fits,2026-08-10,TRES-3,2026-08-10T06:30:15.532,61262.271,60.0,Clear,59.053,0,449.0,2962,0,61262.271013101854,2.9966333345510066,TrES-3,False,True,False,False
observations/2026-08-10/TRES-3/session_01/TRES-3260810063316.fits,2026-08-10,TRES-3,2026-08-10T06:33:16.193,61262.273,60.0,Clear,58.457,14,447.0,2984,0,61262.273104085645,3.01101665943861,TrES-3,False,True,False,False
observations/2026-08-10/TRES-3/session_01/TRES-3260810063616.fits,2026-08-10,TRES-3,2026-08-10T06:36:16.737,61262.275,60.0,Clear,57.86,14,444.0,2943,0,61262.27519371528,3.0090666725300252,TrES-3,False,True,False,False
observations/2026-08-10/TRES-3/session_01/TRES-3260810063915.fits,2026-08-10,TRES-3,2026-08-10T06:39:15.222,61262.277,60.0,Clear,57.264,14,447.0,2910,0,61262.27725951389,2.9747499979566783,TrES-3,False,True,False,False
observations/2026-08-10/TRES-3/session_01/TRES-3260810064215.fits,2026-08-10,TRES-3,2026-08-10T06:42:15.845,61262.279,60.0,Clear,56.668,14,442.0,2891,0,61262.27935005787,3.0103833333123475,TrES-3,False,True,False,False
observations/2026-08-10/TRES-3/session_01/TRES-3260810064516.fits,2026-08-10,TRES-3,2026-08-10T06:45:16.290,61262.281,60.0,Clear,56.073,14,447.0,2912,0,61262.281438541664,3.007416663458571,TrES-3,False,True,False,False
observations/2026-08-10/TRES-3/session_01/TRES-3260810064816.fits,2026-08-10,TRES-3,2026-08-10T06:48:16.755,61262.284,60.0,Clear,55.474,14,452.0,2913,0,61262.28352725694,3.007750001270324,TrES-3,False,True,False,False
observations/2026-08-10/TRES-3/session_01/TRES-3260810065115.fits,2026-08-10,TRES-3,2026-08-10T06:51:15.325,61262.286,60.0,Clear,54.881,14,437.0,2885,0,61262.28559403935,2.976166665321216,TrES-3,False,True,False,False
observations/2026-08-10/TRES-3/session_01/TRES-3260810065415.fits,2026-08-10,TRES-3,2026-08-10T06:54:15.693,61262.288,60.0,Clear,54.286,14,484.0,2984,0,61262.28768163195,3.0061333416961133,TrES-3,False,True,False,False
observations/2026-08-10/TRES-3/session_01/TRES-3260810065717.fits,2026-08-10,TRES-3,2026-08-10T06:57:17.092,61262.29,60.0,Clear,53.688,14,427.0,2920,0,61262.28978115741,3.0233166622929275,TrES-3,False,True,False,False
observations/2026-08-10/TRES-3/session_01/TRES-3260810070015.fits,2026-08-10,TRES-3,2026-08-10T07:00:15.899,61262.292,60.0,Clear,53.097,14,424.0,2919,0,61262.29185068287,2.980116668622941,TrES-3,False,True,False,False
observations/2026-08-10/TRES-3/session_01/TRES-3260810070316.fits,2026-08-10,TRES-3,2026-08-10T07:03:16.513,61262.294,60.0,Clear,52.503,35,420.0,2914,0,61262.29394112268,3.010233328677714,TrES-3,False,True,False,False
observations/2026-08-10/TRES-3/session_01/TRES-3260810070616.fits,2026-08-10,TRES-3,2026-08-10T07:06:16.012,61262.296,60.0,Clear,51.909,35,419.0,2898,0,61262.296018657406,2.9916499997489154,TrES-3,False,True,False,False
observations/2026-08-10/TRES-3/session_01/TRES-3260810070915.fits,2026-08-10,TRES-3,2026-08-10T07:09:15.500,61262.298,60.0,Clear,51.315,35,418.0,2892,0,61262.29809606481,2.991466666571796,TrES-3,False,True,False,False
observations/2026-08-10/TRES-3/session_01/TRES-3260810071217.fits,2026-08-10,TRES-3,2026-08-10T07:12:17.114,61262.3,60.0,Clear,50.719,35,415.0,2936,0,61262.3001980787,3.0268999992404133,TrES-3,False,True,False,False
observations/2026-08-10/TRES-3/session_01/TRES-3260810071516.fits,2026-08-10,TRES-3,2026-08-10T07:15:16.629,61262.302,60.0,Clear,50.129,35,414.0,2949,0,61262.30227579861,2.991916669998318,TrES-3,False,True,False,False
observations/2026-08-10/TRES-3/session_01/TRES-3260810071817.fits,2026-08-10,TRES-3,2026-08-10T07:18:17.143,61262.304,60.0,Clear,49.534,35,415.0,2978,0,61262.30436508102,3.008566671051085,TrES-3,False,True,False,False
observations/2026-08-10/TRES-3/session_01/TRES-3260810072115.fits,2026-08-10,TRES-3,2026-08-10T07:21:15.535,61262.306,60.0,Clear,48.945,35,412.0,2929,0,61262.30642980324,2.9731999954674393,TrES-3,False,True,False,False
observations/2026-08-10/TRES-3/session_01/TRES-3260810072417.fits,2026-08-10,TRES-3,2026-08-10T07:24:17.094,61262.309,60.0,Clear,48.351,35,411.0,2925,0,61262.308531180555,3.025983333354816,TrES-3,False,True,False,False
observations/2026-08-10/TRES-3/session_01/TRES-3260810072715.fits,2026-08-10,TRES-3,2026-08-10T07:27:15.589,61262.311,60.0,Clear,47.763,35,404.0,3879,0,61262.31059709491,2.9749166721012443,TrES-3,False,True,False,False
observations/2026-08-10/TRES-3/session_01/TRES-3260810073016.fits,2026-08-10,TRES-3,2026-08-10T07:30:16.164,61262.313,60.0,Clear,47.17,35,402.0,4095,1,61262.31268708334,3.009583333041519,TrES-3,False,True,True,False
observations/2026-08-10/TRES-3/session_01/TRES-3260810073315.fits,2026-08-10,TRES-3,2026-08-10T07:33:15.736,61262.315,60.0,Clear,46.583,65,405.0,3224,0,61262.314765462965,2.9928666644264013,TrES-3,False,False,False,False
observations/2026-08-10/TRES-3/session_01/TRES-3260810073616.fits,2026-08-10,TRES-3,2026-08-10T07:36:16.322,61262.317,60.0,Clear,45.994,65,404.0,4095,1,61262.316855578705,3.0097666662186384,TrES-3,False,False,True,False
observations/2026-08-10/TRES-3/session_01/TRES-3260810073915.fits,2026-08-10,TRES-3,2026-08-10T07:39:15.959,61262.319,60.0,Clear,45.405,65,402.0,4095,5,61262.318934710645,2.993949993979186,TrES-3,False,False,True,False
observations/2026-08-10/TRES-3/session_01/TRES-3260810074215.fits,2026-08-10,TRES-3,2026-08-10T07:42:15.553,61262.321,60.0,Clear,44.818,65,402.0,4095,1,61262.32101334491,2.993233341258019,TrES-3,False,False,True,False
observations/2026-08-10/TRES-3/session_01/TRES-3260810074516.fits,2026-08-10,TRES-3,2026-08-10T07:45:16.360,61262.323,60.0,Clear,44.23,65,401.0,3970,0,61262.32310601852,3.0134499992709607,TrES-3,False,False,False,False
observations/2026-08-10/TRES-3/session_01/TRES-3260810074815.fits,2026-08-10,TRES-3,2026-08-10T07:48:15.974,61262.325,60.0,Clear,43.644,65,400.0,4095,3,61262.32518488426,2.9935666685923934,TrES-3,False,False,True,False
observations/2026-08-10/TRES-3/session_01/TRES-3260810075116.fits,2026-08-10,TRES-3,2026-08-10T07:51:16.512,61262.327,60.0,Clear,43.058,65,399.0,4095,6,61262.32727444445,3.00896666594781,TrES-3,False,False,True,False
observations/2026-08-10/TRES-3/session_01/TRES-3260810075416.fits,2026-08-10,TRES-3,2026-08-10T07:54:16.228,61262.329,60.0,Clear,42.472,65,399.0,4095,3,61262.32935449074,2.995266665238887,TrES-3,False,False,True,False
observations/2026-08-10/TRES-3/session_01/TRES-3260810075716.fits,2026-08-10,TRES-3,2026-08-10T07:57:16.675,61262.331,60.0,Clear,41.888,65,400.0,4095,8,61262.33144299768,3.0074499920010567,TrES-3,False,False,True,False
observations/2026-08-10/TRES-3/session_01/TRES-3260810080016.fits,2026-08-10,TRES-3,2026-08-10T08:00:16.242,61262.334,60.0,Clear,41.304,65,401.0,4095,3,61262.333521319444,2.992783337831497,TrES-3,False,False,True,False
observations/2026-08-10/TRES-3/session_01/TRES-3260810080315.fits,2026-08-10,TRES-3,2026-08-10T08:03:15.778,61262.336,60.0,Clear,40.721,85,401.0,4095,3,61262.33559928241,2.9922666668426245,TrES-3,False,False,True,False
observations/2026-08-10/TRES-3/session_01/TRES-3260810080615.fits,2026-08-10,TRES-3,2026-08-10T08:06:15.385,61262.338,60.0,Clear,40.138,85,403.0,3436,0,61262.33767806713,2.9934500029776245,TrES-3,False,False,False,False
observations/2026-08-10/TRES-3/session_01/TRES-3260810080915.fits,2026-08-10,TRES-3,2026-08-10T08:09:15.895,61262.34,60.0,Clear,39.557,85,403.0,4095,2,61262.33976730324,3.0084999930113554,TrES-3,False,False,True,False
observations/2026-08-10/TRES-3/session_01/TRES-3260810081216.fits,2026-08-10,TRES-3,2026-08-10T08:12:16.996,61262.342,60.0,Clear,38.973,85,401.0,4095,4,61262.34186337963,3.0183500074781477,TrES-3,False,False,True,False
observations/2026-08-10/TRES-3/session_01/TRES-3260810081515.fits,2026-08-10,TRES-3,2026-08-10T08:15:15.580,61262.344,60.0,Clear,38.396,85,401.0,4095,9,61262.343930324074,2.9763999965507537,TrES-3,False,False,True,False
observations/2026-08-10/TRES-3/session_01/TRES-3260810081815.fits,2026-08-10,TRES-3,2026-08-10T08:18:15.985,61262.346,60.0,Clear,37.817,85,401.0,4095,4,61262.346018344906,3.0067499983124435,TrES-3,False,False,True,False
observations/2026-08-10/TRES-3/session_01/TRES-3260810082115.fits,2026-08-10,TRES-3,2026-08-10T08:21:15.481,61262.348,60.0,Clear,37.239,85,400.0,4095,12,61262.34809584491,2.991600001696497,TrES-3,False,False,True,False
observations/2026-08-10/TRES-3/session_01/TRES-3260810082417.fits,2026-08-10,TRES-3,2026-08-10T08:24:17.038,61262.35,60.0,Clear,36.659,85,400.0,4095,14,61262.35019719908,3.02595000481233,TrES-3,False,False,True,False
observations/2026-08-10/TRES-3/session_01/TRES-3260810082715.fits,2026-08-10,TRES-3,2026-08-10T08:27:15.517,61262.352,60.0,Clear,36.086,85,401.0,4095,12,61262.35226292824,2.974649991374463,TrES-3,False,False,True,False
observations/2026-08-10/TRES-3/session_01/TRES-3260810083015.fits,2026-08-10,TRES-3,2026-08-10T08:30:15.939,61262.354,60.0,Clear,35.51,85,402.0,4095,8,61262.354351145834,3.0070333380717784,TrES-3,False,False,True,False
observations/2026-08-10/TRES-3/session_01/TRES-3260810083315.fits,2026-08-10,TRES-3,2026-08-10T08:33:15.297,61262.356,60.0,Clear,34.936,95,403.0,4095,4,61262.35642704861,2.989299996988848,TrES-3,False,False,True,False
observations/2026-08-10/TRES-3/session_01/TRES-3260810083615.fits,2026-08-10,TRES-3,2026-08-10T08:36:15.668,61262.359,60.0,Clear,34.362,95,405.0,4095,3,61262.35851467593,3.0061833397485316,TrES-3,False,False,True,False
observations/2026-08-10/TRES-3/session_01/TRES-3260810083916.fits,2026-08-10,TRES-3,2026-08-10T08:39:16.045,61262.361,60.0,Clear,33.79,95,405.0,3529,0,61262.36060237268,3.006283325375989,TrES-3,False,False,False,False
observations/2026-08-10/TRES-3/session_01/TRES-3260810084215.fits,2026-08-10,TRES-3,2026-08-10T08:42:15.414,61262.363,60.0,Clear,33.218,95,408.0,3489,0,61262.36267840278,2.9894833406433463,TrES-3,False,False,False,False
observations/2026-08-10/TRES-3/session_01/TRES-3260810084516.fits,2026-08-10,TRES-3,2026-08-10T08:45:16.017,61262.365,60.0,Clear,32.648,95,407.0,3973,0,61262.36476871528,3.0100499955005944,TrES-3,False,False,False,False
observations/2026-08-10/TRES-3/session_01/TRES-3260810084816.fits,2026-08-10,TRES-3,2026-08-10T08:48:16.526,61262.367,60.0,Clear,32.078,95,408.0,3876,0,61262.366857939815,3.008483333978802,TrES-3,False,False,False,False
observations/2026-08-10/TRES-3/session_01/TRES-3260810085117.fits,2026-08-10,TRES-3,2026-08-10T08:51:17.138,61262.369,60.0,Clear,31.507,95,407.0,3359,0,61262.36894835648,3.010200000135228,TrES-3,False,False,False,False
observations/2026-08-10/TRES-3/session_01/TRES-3260810085416.fits,2026-08-10,TRES-3,2026-08-10T08:54:16.608,61262.371,60.0,Clear,30.943,95,410.0,2959,0,61262.371025555556,2.9911666677799076,TrES-3,False,False,False,False
observations/2026-08-10/TRES-3/session_01/TRES-3260810085717.fits,2026-08-10,TRES-3,2026-08-10T08:57:17.142,61262.373,60.0,Clear,30.374,95,410.0,2940,0,61262.373115069444,3.008899998385459,TrES-3,False,False,False,False
observations/2026-08-10/TRES-3/session_01/TRES-3260810090015.fits,2026-08-10,TRES-3,2026-08-10T09:00:15.866,61262.375,60.0,Clear,29.812,95,410.0,3534,0,61262.375183634256,2.978733329800889,TrES-3,True,False,False,False
observations/2026-08-10/TRES-3/session_01/TRES-3260810090708.fits,2026-08-10,TRES-3,2026-08-10T09:07:08.523,61262.38,60.0,Clear,28.523,100,410.0,2943,0,61262.379959756945,6.877616671845317,TrES-3,True,False,False,False
observations/2026-08-10/TRES-3/session_01/TRES-3260810091249.fits,2026-08-10,TRES-3,2026-08-10T09:12:49.988,61262.384,60.0,Clear,27.458,100,411.0,2958,0,61262.38391189815,5.6910833332221955,TrES-3,True,False,False,False
observations/2026-08-10/TRES-3/session_01/TRES-3260810091436.fits,2026-08-10,TRES-3,2026-08-10T09:14:36.194,61262.385,60.0,Clear,27.129,100,411.0,2908,0,61262.38514113426,1.7701000033412129,TrES-3,True,False,False,False
observations/2026-08-10/TRES-3/session_01/TRES-3260810092014.fits,2026-08-10,TRES-3,2026-08-10T09:20:14.756,61262.389,60.0,Clear,26.083,100,409.0,2957,0,61262.38905967592,5.642699991585687,TrES-3,True,False,False,False
observations/2026-08-10/TRES-3/session_01/TRES-3260810092552.fits,2026-08-10,TRES-3,2026-08-10T09:25:52.331,61262.393,60.0,Clear,25.041,100,409.0,2934,0,61262.39296679398,5.626250003697351,TrES-3,True,False,False,False
observations/2026-08-10/TRES-3/session_01/TRES-3260810093318.fits,2026-08-10,TRES-3,2026-08-10T09:33:18.323,61262.398,60.0,Clear,23.674,100,410.0,2946,0,61262.39812873842,7.43319999659434,TrES-3,True,False,False,False
observations/2026-08-10/TRES-3/session_01/TRES-3260810093856.fits,2026-08-10,TRES-3,2026-08-10T09:38:56.827,61262.402,60.0,Clear,22.641,100,409.0,3194,0,61262.4020466088,5.64173333812505,TrES-3,True,False,False,False
observations/2026-08-10/TRES-3/session_01/TRES-3260810094042.fits,2026-08-10,TRES-3,2026-08-10T09:40:42.061,61262.403,60.0,Clear,22.322,100,410.0,2746,0,61262.403264594905,1.7538999952375889,TrES-3,True,False,False,False
observations/2026-08-10/TRES-3/session_01/TRES-3260810094809.fits,2026-08-10,TRES-3,2026-08-10T09:48:09.946,61262.408,60.0,Clear,20.966,100,410.0,3196,0,61262.408448449074,7.464750004000962,TrES-3,True,False,False,False
observations/2026-08-10/TRES-3/session_01/TRES-3260810094956.fits,2026-08-10,TRES-3,2026-08-10T09:49:56.192,61262.41,60.0,Clear,20.647,100,410.0,3244,0,61262.40967814815,1.7707666684873402,TrES-3,True,False,False,False
observations/2026-08-10/TRES-3/session_01/TRES-3260810095534.fits,2026-08-10,TRES-3,2026-08-10T09:55:34.777,61262.414,60.0,Clear,19.63,100,412.0,3062,0,61262.413596956016,5.643083327449858,TrES-3,True,False,False,False
observations/2026-08-14/TRES-3/session_01/TRES-3260814040928.fits,2026-08-14,TRES-3,2026-08-14T04:09:28.759,61266.173,60.0,Clear,82.433,11,409.0,2820,0,61266.17324952546,,TrES-3,False,True,False,False
observations/2026-08-14/TRES-3/session_01/TRES-3260814041319.fits,2026-08-14,TRES-3,2026-08-14T04:13:19.572,61266.176,60.0,Clear,81.924,11,411.0,2878,0,61266.17592097222,3.8468833349179476,TrES-3,False,True,False,False
observations/2026-08-14/TRES-3/session_01/TRES-3260814041712.fits,2026-08-14,TRES-3,2026-08-14T04:17:12.331,61266.179,60.0,Clear,81.355,11,406.0,4095,3,61266.17861494213,3.8793166691903025,TrES-3,False,True,True,False
observations/2026-08-14/TRES-3/session_01/TRES-3260814041858.fits,2026-08-14,TRES-3,2026-08-14T04:18:58.704,61266.18,60.0,Clear,81.063,11,403.0,4095,6,61266.17984611111,1.772883329540491,TrES-3,False,True,True,False
observations/2026-08-14/TRES-3/session_01/TRES-3260814042116.fits,2026-08-14,TRES-3,2026-08-14T04:21:16.578,61266.181,60.0,Clear,80.703,11,404.0,4095,1,61266.181441875,2.2979000012855977,TrES-3,False,True,True,False
observations/2026-08-14/TRES-3/session_01/TRES-3260814042416.fits,2026-08-14,TRES-3,2026-08-14T04:24:16.888,61266.184,60.0,Clear,80.216,11,404.0,4095,4,61266.1835287963,3.0051666672807187,TrES-3,False,True,True,False
observations/2026-08-14/TRES-3/session_01/TRES-3260814042716.fits,2026-08-14,TRES-3,2026-08-14T04:27:16.306,61266.186,60.0,Clear,79.712,11,399.0,4095,19,61266.18560539352,2.9902999999467283,TrES-3,False,True,True,False
observations/2026-08-14/TRES-3/session_01/TRES-3260814043015.fits,2026-08-14,TRES-3,2026-08-14T04:30:15.613,61266.188,60.0,Clear,79.201,11,398.0,4095,13,61266.18768070602,2.988449998665601,TrES-3,False,True,True,False
observations/2026-08-14/TRES-3/session_01/TRES-3260814043317.fits,2026-08-14,TRES-3,2026-08-14T04:33:17.109,61266.19,60.0,Clear,78.675,19,399.0,4095,19,61266.189781354165,3.024933332344517,TrES-3,False,True,True,False
observations/2026-08-14/TRES-3/session_01/TRES-3260814043615.fits,2026-08-14,TRES-3,2026-08-14T04:36:15.871,61266.192,60.0,Clear,78.146,19,398.0,4095,17,61266.191850358795,2.9793666664045304,TrES-3,False,True,True,False
observations/2026-08-14/TRES-3/session_01/TRES-3260814043917.fits,2026-08-14,TRES-3,2026-08-14T04:39:17.187,61266.194,60.0,Clear,77.603,19,397.0,4095,20,61266.19394892361,3.0219333339482546,TrES-3,False,True,True,False
observations/2026-08-14/TRES-3/session_01/TRES-3260814044216.fits,2026-08-14,TRES-3,2026-08-14T04:42:16.238,61266.196,60.0,Clear,77.056,19,396.0,4095,22,61266.19602127315,2.9841833375394344,TrES-3,False,True,True,False
observations/2026-08-14/TRES-3/session_01/TRES-3260814044517.fits,2026-08-14,TRES-3,2026-08-14T04:45:17.169,61266.198,60.0,Clear,76.503,19,397.0,4095,18,61266.19811538194,3.0155166622716933,TrES-3,False,True,True,False
observations/2026-08-14/TRES-3/session_01/TRES-3260814044816.fits,2026-08-14,TRES-3,2026-08-14T04:48:16.416,61266.2,60.0,Clear,75.948,19,397.0,4095,18,61266.20019,2.9874500061850995,TrES-3,False,True,True,False
observations/2026-08-14/TRES-3/session_01/TRES-3260814045116.fits,2026-08-14,TRES-3,2026-08-14T04:51:16.376,61266.202,60.0,Clear,75.386,19,398.0,4095,17,61266.20227287037,2.9993333236780018,TrES-3,False,True,True,False
observations/2026-08-14/TRES-3/session_01/TRES-3260814045417.fits,2026-08-14,TRES-3,2026-08-14T04:54:17.330,61266.204,60.0,Clear,74.816,19,401.0,4095,9,61266.20436724537,3.0159000086132437,TrES-3,False,True,True,False
observations/2026-08-14/TRES-3/session_01/TRES-3260814045716.fits,2026-08-14,TRES-3,2026-08-14T04:57:16.238,61266.206,60.0,Clear,74.246,19,402.0,4095,13,61266.206437939814,2.981799995759502,TrES-3,False,True,True,False
observations/2026-08-14/TRES-3/session_01/TRES-3260814050017.fits,2026-08-14,TRES-3,2026-08-14T05:00:17.184,61266.209,60.0,Clear,73.673,19,404.0,4095,8,61266.20853222222,3.0157666630111635,TrES-3,False,True,True,False
observations/2026-08-14/TRES-3/session_01/TRES-3260814050315.fits,2026-08-14,TRES-3,2026-08-14T05:03:15.807,61266.211,60.0,Clear,73.1,45,405.0,4095,3,61266.210599618054,2.9770500026643276,TrES-3,False,True,True,False
observations/2026-08-14/TRES-3/session_01/TRES-3260814050616.fits,2026-08-14,TRES-3,2026-08-14T05:06:16.081,61266.213,60.0,Clear,72.518,45,406.0,4095,2,61266.212686122686,3.004566669696942,TrES-3,False,True,True,False
observations/2026-08-14/TRES-3/session_01/TRES-3260814050916.fits,2026-08-14,TRES-3,2026-08-14T05:09:16.965,61266.215,60.0,Clear,71.938,45,406.0,4095,1,61266.2147796875,3.014733331510797,TrES-3,False,True,True,False
observations/2026-08-14/TRES-3/session_01/TRES-3260814051216.fits,2026-08-14,TRES-3,2026-08-14T05:12:16.911,61266.217,60.0,Clear,71.358,45,408.0,4095,1,61266.216862395835,2.999100002925843,TrES-3,False,True,True,False
observations/2026-08-14/TRES-3/session_01/TRES-3260814051517.fits,2026-08-14,TRES-3,2026-08-14T05:15:17.111,61266.219,60.0,Clear,70.771,45,406.0,4095,2,61266.218948043985,3.0033333355095237,TrES-3,False,True,True,False
observations/2026-08-14/TRES-3/session_01/TRES-3260814051817.fits,2026-08-14,TRES-3,2026-08-14T05:18:17.561,61266.221,60.0,Clear,70.185,45,407.0,4095,1,61266.22103658565,3.007500000530854,TrES-3,False,True,True,False
observations/2026-08-14/TRES-3/session_01/TRES-3260814052116.fits,2026-08-14,TRES-3,2026-08-14T05:21:16.561,61266.223,60.0,Clear,69.601,45,408.0,4095,1,61266.22310834491,2.9833333287388086,TrES-3,False,True,True,False
observations/2026-08-14/TRES-3/session_01/TRES-3260814052416.fits,2026-08-14,TRES-3,2026-08-14T05:24:16.775,61266.225,60.0,Clear,69.012,45,407.0,4095,2,61266.22519415509,3.0035666667390615,TrES-3,False,True,True,False
observations/2026-08-14/TRES-3/session_01/TRES-3260814052717.fits,2026-08-14,TRES-3,2026-08-14T05:27:17.124,61266.227,60.0,Clear,68.419,45,408.0,3065,0,61266.227281527776,3.0058166629169136,TrES-3,False,True,False,False
observations/2026-08-14/TRES-3/session_01/TRES-3260814053017.fits,2026-08-14,TRES-3,2026-08-14T05:30:17.926,61266.229,60.0,Clear,67.825,45,413.0,2816,0,61266.22937414352,3.0133666726760566,TrES-3,False,True,False,False
observations/2026-08-14/TRES-3/session_01/TRES-3260814053317.fits,2026-08-14,TRES-3,2026-08-14T05:33:17.183,61266.231,60.0,Clear,67.237,68,410.0,2857,0,61266.23144887731,2.9876166593749076,TrES-3,False,False,False,False
observations/2026-08-14/TRES-3/session_01/TRES-3260814053616.fits,2026-08-14,TRES-3,2026-08-14T05:36:16.217,61266.234,60.0,Clear,66.644,68,409.0,4095,1,61266.233521030095,2.9839000082574785,TrES-3,False,False,True,False
observations/2026-08-14/TRES-3/session_01/TRES-3260814053916.fits,2026-08-14,TRES-3,2026-08-14T05:39:16.231,61266.236,60.0,Clear,66.051,68,406.0,4095,1,61266.235604525464,3.000233330531046,TrES-3,False,False,True,False
observations/2026-08-14/TRES-3/session_01/TRES-3260814054217.fits,2026-08-14,TRES-3,2026-08-14T05:42:17.171,61266.238,60.0,Clear,65.457,68,407.0,3102,0,61266.23769873843,3.015666666906327,TrES-3,False,False,False,False
observations/2026-08-14/TRES-3/session_01/TRES-3260814054517.fits,2026-08-14,TRES-3,2026-08-14T05:45:17.181,61266.24,60.0,Clear,64.863,68,406.0,4095,1,61266.2397821875,3.000166662968695,TrES-3,False,False,True,False
observations/2026-08-14/TRES-3/session_01/TRES-3260814054816.fits,2026-08-14,TRES-3,2026-08-14T05:48:16.195,61266.242,60.0,Clear,64.268,68,398.0,4095,16,61266.2418541088,2.9835666704457253,TrES-3,False,False,True,False
observations/2026-08-14/TRES-3/session_01/TRES-3260814055117.fits,2026-08-14,TRES-3,2026-08-14T05:51:17.030,61266.244,60.0,Clear,63.673,68,396.0,4095,20,61266.24394710648,3.013916661730036,TrES-3,False,False,True,False
observations/2026-08-14/TRES-3/session_01/TRES-3260814055417.fits,2026-08-14,TRES-3,2026-08-14T05:54:17.031,61266.246,60.0,Clear,63.078,68,394.0,4095,19,61266.24603045139,3.0000166688114405,TrES-3,False,False,True,False
observations/2026-08-14/TRES-3/session_01/TRES-3260814055716.fits,2026-08-14,TRES-3,2026-08-14T05:57:16.324,61266.248,60.0,Clear,62.482,68,393.0,4095,23,61266.24810560185,2.9882166674360633,TrES-3,False,False,True,False
observations/2026-08-14/TRES-3/session_01/TRES-3260814060017.fits,2026-08-14,TRES-3,2026-08-14T06:00:17.420,61266.25,60.0,Clear,61.886,68,393.0,4095,29,61266.25020162037,3.0182666704058647,TrES-3,False,False,True,False
observations/2026-08-14/TRES-3/session_01/TRES-3260814060316.fits,2026-08-14,TRES-3,2026-08-14T06:03:16.846,61266.252,60.0,Clear,61.29,82,395.0,4095,28,61266.25227831019,2.9904333350714296,TrES-3,False,False,True,False
observations/2026-08-14/TRES-3/session_01/TRES-3260814060616.fits,2026-08-14,TRES-3,2026-08-14T06:06:16.900,61266.254,60.0,Clear,60.694,82,407.0,2814,0,61266.25436226852,3.000899995677173,TrES-3,False,False,False,False
observations/2026-08-14/TRES-3/session_01/TRES-3260814060916.fits,2026-08-14,TRES-3,2026-08-14T06:09:16.187,61266.256,60.0,Clear,60.098,82,410.0,2870,0,61266.25643734954,2.988116671331227,TrES-3,False,False,False,False
observations/2026-08-14/TRES-3/session_01/TRES-3260814061216.fits,2026-08-14,TRES-3,2026-08-14T06:12:16.648,61266.259,60.0,Clear,59.505,82,409.0,2864,0,61266.258526018515,3.0076833232305944,TrES-3,False,False,False,False
observations/2026-08-14/TRES-3/session_01/TRES-3260814061516.fits,2026-08-14,TRES-3,2026-08-14T06:15:16.468,61266.261,60.0,Clear,58.908,82,403.0,2805,0,61266.260607268516,2.9970000009052455,TrES-3,False,False,False,False
observations/2026-08-14/TRES-3/session_01/TRES-3260814061816.fits,2026-08-14,TRES-3,2026-08-14T06:18:16.449,61266.263,60.0,Clear,58.312,82,406.0,2800,0,61266.26269038195,2.9996833414770663,TrES-3,False,False,False,False
observations/2026-08-14/TRES-3/session_01/TRES-3260814062116.fits,2026-08-14,TRES-3,2026-08-14T06:21:16.337,61266.265,60.0,Clear,57.716,82,406.0,2802,0,61266.26477241898,2.9981333285104483,TrES-3,False,False,False,False
observations/2026-08-14/TRES-3/session_01/TRES-3260814062416.fits,2026-08-14,TRES-3,2026-08-14T06:24:16.721,61266.267,60.0,Clear,57.117,82,410.0,2766,0,61266.26686019676,3.006400001468137,TrES-3,False,False,False,False
observations/2026-08-14/TRES-3/session_01/TRES-3260814062715.fits,2026-08-14,TRES-3,2026-08-14T06:27:15.648,61266.269,60.0,Clear,56.524,82,411.0,2800,0,61266.26893111111,2.982116664061323,TrES-3,False,False,False,False
observations/2026-08-14/TRES-3/session_01/TRES-3260814063016.fits,2026-08-14,TRES-3,2026-08-14T06:30:16.591,61266.271,60.0,Clear,55.928,82,404.0,2876,0,61266.271025358794,3.0157166649587452,TrES-3,False,False,False,False
observations/2026-08-14/TRES-3/session_01/TRES-3260814063316.fits,2026-08-14,TRES-3,2026-08-14T06:33:16.557,61266.273,60.0,Clear,55.329,81,407.0,2827,0,61266.273108298614,2.999433340737596,TrES-3,False,False,False,False
observations/2026-08-14/TRES-3/session_01/TRES-3260814063616.fits,2026-08-14,TRES-3,2026-08-14T06:36:16.678,61266.275,60.0,Clear,54.737,81,406.0,2891,0,61266.27519303241,3.0020166642498225,TrES-3,False,False,False,False
observations/2026-08-14/TRES-3/session_01/TRES-3260814063916.fits,2026-08-14,TRES-3,2026-08-14T06:39:16.613,61266.277,60.0,Clear,54.139,81,404.0,2879,0,61266.27727561343,2.9989166697487235,TrES-3,False,False,False,False
observations/2026-08-27/TRES-3/session_01/TRES-3260827053937.fits,2026-08-27,TRES-3,2026-08-27T05:39:37.519,61279.236,60.0,Clear,55.836,100,582.0,4095,27,61279.23585091435,,TrES-3,False,False,True,False
observations/2026-08-27/TRES-3/session_01/TRES-3260827054215.fits,2026-08-27,TRES-3,2026-08-27T05:42:15.162,61279.238,60.0,Clear,55.313,100,584.0,4095,30,61279.23767548611,2.6273833320010453,TrES-3,False,False,True,False
observations/2026-08-27/TRES-3/session_01/TRES-3260827054515.fits,2026-08-27,TRES-3,2026-08-27T05:45:15.673,61279.24,60.0,Clear,54.715,100,588.0,4095,29,61279.23976473379,3.008516662521288,TrES-3,False,False,True,False
observations/2026-08-27/TRES-3/session_01/TRES-3260827054816.fits,2026-08-27,TRES-3,2026-08-27T05:48:16.323,61279.242,60.0,Clear,54.12,100,589.0,4095,30,61279.24185559028,3.0108333367388695,TrES-3,False,False,True,False
observations/2026-08-27/TRES-3/session_01/TRES-3260827055115.fits,2026-08-27,TRES-3,2026-08-27T05:51:15.888,61279.244,60.0,Clear,53.525,100,589.0,4095,28,61279.24393388889,2.9927499988116324,TrES-3,False,False,True,False
observations/2026-08-27/TRES-3/session_01/TRES-3260827055415.fits,2026-08-27,TRES-3,2026-08-27T05:54:15.483,61279.246,60.0,Clear,52.93,100,623.0,4095,18,61279.24601253472,2.9932500002905726,TrES-3,False,False,True,False
observations/2026-08-27/TRES-3/session_01/TRES-3260827055716.fits,2026-08-27,TRES-3,2026-08-27T05:57:16.044,61279.248,60.0,Clear,52.336,100,600.0,4095,24,61279.24810236111,3.009350001811981,TrES-3,False,False,True,False
observations/2026-08-27/TRES-3/session_01/TRES-3260827060015.fits,2026-08-27,TRES-3,2026-08-27T06:00:15.701,61279.25,60.0,Clear,51.742,100,600.0,4095,33,61279.250181724536,2.994283331790939,TrES-3,False,False,True,False
observations/2026-08-27/TRES-3/session_01/TRES-3260827060315.fits,2026-08-27,TRES-3,2026-08-27T06:03:15.336,61279.252,60.0,Clear,51.152,100,614.0,4095,26,61279.25226083333,2.9939166654367,TrES-3,False,False,True,False
observations/2026-08-27/TRES-3/session_01/TRES-3260827060616.fits,2026-08-27,TRES-3,2026-08-27T06:06:16.031,61279.254,60.0,Clear,50.556,100,649.0,4095,21,61279.25435221065,3.01158333895728,TrES-3,False,False,True,False
observations/2026-08-27/TRES-3/session_01/TRES-3260827060915.fits,2026-08-27,TRES-3,2026-08-27T06:09:15.504,61279.256,60.0,Clear,49.963,100,631.0,4095,19,61279.256429444446,2.991216665832326,TrES-3,False,False,True,False
observations/2026-08-27/TRES-3/session_01/TRES-3260827061215.fits,2026-08-27,TRES-3,2026-08-27T06:12:15.171,61279.259,60.0,Clear,49.371,100,654.0,4095,26,61279.25850892361,2.994449995458126,TrES-3,False,False,True,False
observations/2026-08-27/TRES-3/session_01/TRES-3260827061515.fits,2026-08-27,TRES-3,2026-08-27T06:15:15.652,61279.261,60.0,Clear,48.779,100,621.0,4095,25,61279.260597824075,3.0080166715197265,TrES-3,False,False,True,False
observations/2026-08-27/TRES-3/session_01/TRES-3260827061815.fits,2026-08-27,TRES-3,2026-08-27T06:18:15.200,61279.263,60.0,Clear,48.192,100,613.0,4095,31,61279.26267592593,2.9924666695296764,TrES-3,False,False,True,False
observations/2026-08-27/TRES-3/session_01/TRES-3260827062115.fits,2026-08-27,TRES-3,2026-08-27T06:21:15.793,61279.265,60.0,Clear,47.598,100,611.0,4095,27,61279.26476612269,3.0098833318334073,TrES-3,False,False,True,False
observations/2026-08-27/TRES-3/session_01/TRES-3260827062415.fits,2026-08-27,TRES-3,2026-08-27T06:24:15.423,61279.267,60.0,Clear,47.008,100,616.0,4095,30,61279.26684517361,2.993833328364417,TrES-3,False,False,True,False
observations/2026-08-27/TRES-3/session_01/TRES-3260827062716.fits,2026-08-27,TRES-3,2026-08-27T06:27:16.076,61279.269,60.0,Clear,46.418,100,621.0,4095,25,61279.268936064815,3.010883334791288,TrES-3,False,False,True,False
observations/2026-08-27/TRES-3/session_01/TRES-3260827063015.fits,2026-08-27,TRES-3,2026-08-27T06:30:15.625,61279.271,60.0,Clear,45.829,100,624.0,4095,29,61279.27101417824,2.99248332856223,TrES-3,False,False,True,False
observations/2026-08-27/TRES-3/session_01/TRES-3260827063315.fits,2026-08-27,TRES-3,2026-08-27T06:33:15.391,61279.273,60.0,Clear,45.241,100,623.0,4095,32,61279.27309480324,2.9961000045295805,TrES-3,False,False,True,False
observations/2026-08-27/TRES-3/session_01/TRES-3260827063615.fits,2026-08-27,TRES-3,2026-08-27T06:36:15.943,61279.275,60.0,Clear,44.653,100,626.0,4095,18,61279.27518452546,3.0091999971773475,TrES-3,False,False,True,False
observations/2026-08-27/TRES-3/session_01/TRES-3260827063915.fits,2026-08-27,TRES-3,2026-08-27T06:39:15.557,61279.277,60.0,Clear,44.066,100,631.0,4095,26,61279.2772633912,2.9935666685923934,TrES-3,False,False,True,False
observations/2026-08-27/TRES-3/session_01/TRES-3260827064215.fits,2026-08-27,TRES-3,2026-08-27T06:42:15.160,61279.279,60.0,Clear,43.479,100,636.0,4095,28,61279.27934212963,2.993383335415274,TrES-3,False,False,True,False
observations/2026-08-27/TRES-3/session_01/TRES-3260827064515.fits,2026-08-27,TRES-3,2026-08-27T06:45:15.725,61279.281,60.0,Clear,42.893,100,639.0,4095,27,61279.28143200232,3.009416669374332,TrES-3,False,False,True,False
observations/2026-08-27/TRES-3/session_01/TRES-3260827064815.fits,2026-08-27,TRES-3,2026-08-27T06:48:15.536,61279.284,60.0,Clear,42.308,100,640.0,4095,27,61279.28351314815,2.996849996270612,TrES-3,False,False,True,False
observations/2026-08-27/TRES-3/session_01/TRES-3260827065116.fits,2026-08-27,TRES-3,2026-08-27T06:51:16.121,61279.286,60.0,Clear,41.724,100,643.0,4095,24,61279.28560325231,3.009749996708706,TrES-3,False,False,True,False
observations/2026-08-27/TRES-3/session_01/TRES-3260827065416.fits,2026-08-27,TRES-3,2026-08-27T06:54:16.729,61279.288,60.0,Clear,41.14,100,646.0,4095,24,61279.28769362268,3.0101333325728774,TrES-3,False,False,True,False
observations/2026-08-27/TRES-3/session_01/TRES-3260827065715.fits,2026-08-27,TRES-3,2026-08-27T06:57:15.270,61279.29,60.0,Clear,40.557,100,649.0,4095,30,61279.28976006944,2.975683333352208,TrES-3,False,False,True,False
observations/2026-08-27/TRES-3/session_01/TRES-3260827070015.fits,2026-08-27,TRES-3,2026-08-27T07:00:15.929,61279.292,60.0,Clear,39.975,100,652.0,4095,23,61279.291851030095,3.010983341373503,TrES-3,False,False,True,False
observations/2026-08-27/TRES-3/session_01/TRES-3260827070315.fits,2026-08-27,TRES-3,2026-08-27T07:03:15.517,61279.294,60.0,Clear,39.394,100,658.0,4095,14,61279.29392959491,2.993133334675804,TrES-3,False,False,True,False
observations/2026-08-27/TRES-3/session_01/TRES-3260827070615.fits,2026-08-27,TRES-3,2026-08-27T07:06:15.221,61279.296,60.0,Clear,38.814,100,659.0,4095,21,61279.296009502315,2.995066662551835,TrES-3,False,False,True,False
observations/2026-08-27/TRES-3/session_01/TRES-3260827070916.fits,2026-08-27,TRES-3,2026-08-27T07:09:16.758,61279.298,60.0,Clear,38.234,100,663.0,4095,25,61279.298110625,3.025616667000577,TrES-3,False,False,True,False
observations/2026-08-27/TRES-3/session_01/TRES-3260827071215.fits,2026-08-27,TRES-3,2026-08-27T07:12:15.357,61279.3,60.0,Clear,37.655,100,668.0,4095,25,61279.300177743055,2.976649997290224,TrES-3,False,False,True,False
observations/2026-08-27/TRES-3/session_01/TRES-3260827071516.fits,2026-08-27,TRES-3,2026-08-27T07:15:16.088,61279.302,60.0,Clear,37.074,100,670.0,4095,23,61279.30226953704,3.0121833365410566,TrES-3,False,False,True,False
observations/2026-08-27/TRES-3/session_01/TRES-3260827071816.fits,2026-08-27,TRES-3,2026-08-27T07:18:16.716,61279.304,60.0,Clear,36.5,100,672.0,4095,20,61279.304360138885,3.0104666599072516,TrES-3,False,False,True,False
observations/2026-08-27/TRES-3/session_01/TRES-3260827072115.fits,2026-08-27,TRES-3,2026-08-27T07:21:15.278,61279.306,60.0,Clear,35.924,100,677.0,4095,28,61279.306426828705,2.9760333406738937,TrES-3,False,False,True,False
observations/2026-08-27/TRES-3/session_01/TRES-3260827072416.fits,2026-08-27,TRES-3,2026-08-27T07:24:16.820,61279.309,60.0,Clear,35.349,100,681.0,4095,22,61279.30852800926,3.025699993595481,TrES-3,False,False,True,False
observations/2026-08-27/TRES-3/session_01/TRES-3260827072715.fits,2026-08-27,TRES-3,2026-08-27T07:27:15.337,61279.311,60.0,Clear,34.775,100,686.0,4095,25,61279.31059417824,2.9752833384554833,TrES-3,False,False,True,False
observations/2026-08-27/TRES-3/session_01/TRES-3260827073015.fits,2026-08-27,TRES-3,2026-08-27T07:30:15.822,61279.313,60.0,Clear,34.202,100,689.0,4095,26,61279.312683125,3.008083328604698,TrES-3,False,False,True,False
observations/2026-08-27/TRES-3/session_01/TRES-3260827073315.fits,2026-08-27,TRES-3,2026-08-27T07:33:15.455,61279.315,60.0,Clear,33.629,100,692.0,4095,24,61279.31476221065,2.993883336894214,TrES-3,False,False,True,False
observations/2026-08-27/TRES-3/session_01/TRES-3260827073616.fits,2026-08-27,TRES-3,2026-08-27T07:36:16.028,61279.317,60.0,Clear,33.058,100,695.0,4095,27,61279.31685217593,3.009550004499033,TrES-3,False,False,True,False
observations/2026-08-27/TRES-3/session_01/TRES-3260827073916.fits,2026-08-27,TRES-3,2026-08-27T07:39:16.621,61279.319,60.0,Clear,32.488,100,699.0,4095,25,61279.31894237269,3.0098833318334073,TrES-3,False,False,True,False
observations/2026-08-27/TRES-3/session_01/TRES-3260827074215.fits,2026-08-27,TRES-3,2026-08-27T07:42:15.182,61279.321,60.0,Clear,31.922,100,704.0,4095,22,61279.321009050924,2.9760166606865823,TrES-3,False,False,True,False
observations/2026-08-27/TRES-3/session_01/TRES-3260827074516.fits,2026-08-27,TRES-3,2026-08-27T07:45:16.778,61279.323,60.0,Clear,31.351,100,708.0,4095,24,61279.32311085648,3.026600000448525,TrES-3,False,False,True,False
observations/2026-08-27/TRES-3/session_01/TRES-3260827074816.fits,2026-08-27,TRES-3,2026-08-27T07:48:16.276,61279.325,60.0,Clear,30.784,100,713.0,4095,15,61279.32518837963,2.991633340716362,TrES-3,False,False,True,False
observations/2026-08-27/TRES-3/session_01/TRES-3260827075115.fits,2026-08-27,TRES-3,2026-08-27T07:51:15.866,61279.327,60.0,Clear,30.218,100,719.0,4095,26,61279.32726696759,2.9931666632182896,TrES-3,False,False,True,False
observations/2026-08-27/TRES-3/session_01/TRES-3260827075415.fits,2026-08-27,TRES-3,2026-08-27T07:54:15.395,61279.329,60.0,Clear,29.654,100,722.0,4095,18,61279.32934484954,2.9921500012278557,TrES-3,True,False,True,False
observations/2026-08-27/TRES-3/session_01/TRES-3260827075716.fits,2026-08-27,TRES-3,2026-08-27T07:57:16.033,61279.331,60.0,Clear,29.09,100,734.0,4095,16,61279.33143556713,3.0106333340518177,TrES-3,True,False,True,False
observations/2026-08-27/TRES-3/session_01/TRES-3260827080016.fits,2026-08-27,TRES-3,2026-08-27T08:00:16.702,61279.334,60.0,Clear,28.528,100,738.0,4095,18,61279.33352664352,3.0111499945633113,TrES-3,True,False,True,False
observations/2026-08-27/TRES-3/session_01/TRES-3260827080316.fits,2026-08-27,TRES-3,2026-08-27T08:03:16.278,61279.336,60.0,Clear,27.967,100,741.0,4095,11,61279.33560506944,2.992933331988752,TrES-3,True,False,True,False
observations/2026-08-27/TRES-3/session_01/TRES-3260827080615.fits,2026-08-27,TRES-3,2026-08-27T08:06:15.799,61279.338,60.0,Clear,27.407,100,755.0,4095,22,61279.33768285879,2.9920166661031544,TrES-3,True,False,True,False
observations/2026-08-27/TRES-3/session_01/TRES-3260827080915.fits,2026-08-27,TRES-3,2026-08-27T08:09:15.414,61279.34,60.0,Clear,26.849,100,762.0,4095,21,61279.33976173611,2.993583338102326,TrES-3,True,False,True,False
observations/2026-08-27/TRES-3/session_01/TRES-3260827081216.fits,2026-08-27,TRES-3,2026-08-27T08:12:16.057,61279.342,60.0,Clear,26.292,100,768.0,4095,19,61279.34185251158,3.0107166711241007,TrES-3,True,False,True,False
observations/2026-08-27/TRES-3/session_01/TRES-3260827081515.fits,2026-08-27,TRES-3,2026-08-27T08:15:15.700,61279.344,60.0,Clear,25.736,100,769.0,4095,16,61279.34393171296,2.9940499900840223,TrES-3,True,False,True,False
observations/2026-08-27/TRES-3/session_01/TRES-3260827081815.fits,2026-08-27,TRES-3,2026-08-27T08:18:15.294,61279.346,60.0,Clear,25.181,100,773.0,4095,21,61279.346010347224,2.993233341258019,TrES-3,True,False,True,False
observations/2026-08-27/TRES-3/session_01/TRES-3260827082115.fits,2026-08-27,TRES-3,2026-08-27T08:21:15.883,61279.348,60.0,Clear,24.628,100,778.0,4095,22,61279.348100497686,3.0098166642710567,TrES-3,True,False,True,False
observations/2026-08-27/TRES-3/session_01/TRES-3260827082415.fits,2026-08-27,TRES-3,2026-08-27T08:24:15.491,61279.35,60.0,Clear,24.076,100,782.0,4095,16,61279.35017929398,2.993466662010178,TrES-3,True,False,True,False
observations/2026-08-27/TRES-3/session_01/TRES-3260827082716.fits,2026-08-27,TRES-3,2026-08-27T08:27:16.111,61279.352,60.0,Clear,23.526,100,786.0,4095,20,61279.35226980324,3.0103333352599293,TrES-3,True,False,True,False
observations/2026-08-27/TRES-3/session_01/TRES-3260827083015.fits,2026-08-27,TRES-3,2026-08-27T08:30:15.655,61279.354,60.0,Clear,22.977,100,791.0,4095,14,61279.354347858796,2.992400001967326,TrES-3,True,False,True,False
observations/2026-08-27/TRES-3/session_01/TRES-3260827083315.fits,2026-08-27,TRES-3,2026-08-27T08:33:15.186,61279.356,60.0,Clear,22.429,100,793.0,4095,16,61279.35642576389,2.9921833297703415,TrES-3,True,False,True,False
observations/2026-08-27/TRES-3/session_01/TRES-3260827083616.fits,2026-08-27,TRES-3,2026-08-27T08:36:16.784,61279.359,60.0,Clear,21.884,100,797.0,4095,16,61279.358527592594,3.0266333394683897,TrES-3,True,False,True,False
observations/2026-08-27/TRES-3/session_01/TRES-3260827083915.fits,2026-08-27,TRES-3,2026-08-27T08:39:15.305,61279.361,60.0,Clear,21.339,100,808.0,4095,16,61279.36059380787,2.975349995540455,TrES-3,True,False,True,False
observations/2026-08-27/TRES-3/session_01/TRES-3260827084215.fits,2026-08-27,TRES-3,2026-08-27T08:42:15.911,61279.363,60.0,Clear,20.796,100,812.0,4095,11,61279.362684155094,3.0101000040303916,TrES-3,True,False,True,False
observations/2026-08-27/TRES-3/session_01/TRES-3260827084515.fits,2026-08-27,TRES-3,2026-08-27T08:45:15.564,61279.365,60.0,Clear,20.255,100,819.0,4095,11,61279.36476347222,2.9942166642285883,TrES-3,True,False,True,False
observations/2026-08-27/TRES-3/session_01/TRES-3260827084816.fits,2026-08-27,TRES-3,2026-08-27T08:48:16.148,61279.367,60.0,Clear,19.712,100,825.0,4095,11,61279.36685356482,3.0097333376761526,TrES-3,True,False,True,False
observations/2026-08-27/TRES-3/session_01/TRES-3260827085115.fits,2026-08-27,TRES-3,2026-08-27T08:51:15.763,61279.369,60.0,Clear,19.177,100,830.0,4095,10,61279.36893244213,2.993583327624947,TrES-3,True,False,True,False
observations/2026-08-27/TRES-3/session_01/TRES-3260827085415.fits,2026-08-27,TRES-3,2026-08-27T08:54:15.355,61279.371,60.0,Clear,18.641,100,835.0,4095,13,61279.37101105324,2.9932000022381544,TrES-3,True,False,True,False
observations/2026-08-27/TRES-3/session_01/TRES-3260827085715.fits,2026-08-27,TRES-3,2026-08-27T08:57:16.001,61279.373,60.0,Clear,18.106,100,845.0,4095,7,61279.37310186343,3.010766669176519,TrES-3,True,False,True,False
observations/2026-08-27/TRES-3/session_01/TRES-3260827090015.fits,2026-08-27,TRES-3,2026-08-27T09:00:15.688,61279.375,60.0,Clear,17.573,100,863.0,4095,5,61279.375181574076,2.994783333269879,TrES-3,True,False,True,False
observations/2026-08-27/TRES-3/session_01/TRES-3260827090316.fits,2026-08-27,TRES-3,2026-08-27T09:03:16.288,61279.377,60.0,Clear,17.042,100,874.0,4095,7,61279.37727185185,3.009999997448176,TrES-3,True,False,True,False
observations/2026-08-27/TRES-3/session_01/TRES-3260827090617.fits,2026-08-27,TRES-3,2026-08-27T09:06:17.095,61279.379,60.0,Clear,16.509,100,883.0,4095,5,61279.37936452546,3.0134499992709607,TrES-3,True,False,True,False
observations/2026-08-31/TRES-3/session_01/TRES-3260831034710.fits,2026-08-31,TRES-3,2026-08-31T03:47:10.252,61283.158,60.0,Clear,74.868,40,462.0,4095,6,61283.157757546294,,TrES-3,False,True,True,False
observations/2026-08-31/TRES-3/session_01/TRES-3260831034855.fits,2026-08-31,TRES-3,2026-08-31T03:48:55.498,61283.159,60.0,Clear,74.533,40,473.0,4095,4,61283.15897567129,1.7540999979246408,TrES-3,False,True,True,False
observations/2026-08-31/TRES-3/session_01/TRES-3260831035040.fits,2026-08-31,TRES-3,2026-08-31T03:50:40.690,61283.16,60.0,Clear,74.2,40,455.0,4095,6,61283.160193171294,1.7532000015489757,TrES-3,False,True,True,False
observations/2026-08-31/TRES-3/session_01/TRES-3260831035224.fits,2026-08-31,TRES-3,2026-08-31T03:52:24.056,61283.161,60.0,Clear,73.872,40,452.0,4095,6,61283.16138953704,1.7227666731923819,TrES-3,False,True,True,False
observations/2026-08-31/TRES-3/session_01/TRES-3260831035416.fits,2026-08-31,TRES-3,2026-08-31T03:54:16.367,61283.163,60.0,Clear,73.515,40,453.0,4095,3,61283.16268943287,1.8718500004615635,TrES-3,False,True,True,False
observations/2026-08-31/TRES-3/session_01/TRES-3260831035715.fits,2026-08-31,TRES-3,2026-08-31T03:57:15.802,61283.165,60.0,Clear,72.938,40,462.0,4095,1,61283.16476622685,2.9905833292286843,TrES-3,False,True,True,False
observations/2026-08-31/TRES-3/session_01/TRES-3260831040015.fits,2026-08-31,TRES-3,2026-08-31T04:00:15.337,61283.167,60.0,Clear,72.362,40,442.0,4095,17,61283.16684417824,2.992249997332692,TrES-3,False,True,True,False
observations/2026-08-31/TRES-3/session_01/TRES-3260831040315.fits,2026-08-31,TRES-3,2026-08-31T04:03:15.811,61283.169,60.0,Clear,71.778,26,440.0,4095,17,61283.16893299769,3.0079000059049577,TrES-3,False,True,True,False
observations/2026-08-31/TRES-3/session_01/TRES-3260831040615.fits,2026-08-31,TRES-3,2026-08-31T04:06:15.261,61283.171,60.0,Clear,71.195,26,462.0,4095,6,61283.17100996528,2.9908333299681544,TrES-3,False,True,True,False
observations/2026-08-31/TRES-3/session_01/TRES-3260831040916.fits,2026-08-31,TRES-3,2026-08-31T04:09:16.729,61283.173,60.0,Clear,70.61,26,552.0,3314,0,61283.173110289354,3.0244666698854417,TrES-3,False,True,False,False
observations/2026-08-31/TRES-3/session_01/TRES-3260831041215.fits,2026-08-31,TRES-3,2026-08-31T04:12:15.178,61283.175,60.0,Clear,70.023,26,550.0,3360,0,61283.1751756713,2.9741500003729016,TrES-3,False,True,False,False
observations/2026-08-31/TRES-3/session_01/TRES-3260831041515.fits,2026-08-31,TRES-3,2026-08-31T04:15:15.622,61283.177,60.0,Clear,69.436,26,640.0,3380,0,61283.17726414352,3.0073999939486384,TrES-3,False,True,False,False
observations/2026-08-31/TRES-3/session_01/TRES-3260831041816.fits,2026-08-31,TRES-3,2026-08-31T04:18:16.052,61283.179,60.0,Clear,68.847,26,706.0,3348,0,61283.179352453706,3.0071666731964797,TrES-3,False,True,False,False
observations/2026-08-31/TRES-3/session_01/TRES-3260831042115.fits,2026-08-31,TRES-3,2026-08-31T04:21:15.484,61283.181,60.0,Clear,68.257,26,644.0,3244,0,61283.181429212964,2.990533331176266,TrES-3,False,True,False,False
observations/2026-08-31/TRES-3/session_01/TRES-3260831042415.fits,2026-08-31,TRES-3,2026-08-31T04:24:15.870,61283.184,60.0,Clear,67.666,26,756.0,4095,9,61283.18351701389,3.0064333300106227,TrES-3,False,True,True,False
observations/2026-08-31/TRES-3/session_01/TRES-3260831042715.fits,2026-08-31,TRES-3,2026-08-31T04:27:15.319,61283.186,60.0,Clear,67.074,26,768.0,3444,0,61283.18559396991,2.990816670935601,TrES-3,False,True,False,False
observations/2026-08-31/TRES-3/session_01/TRES-3260831043015.fits,2026-08-31,TRES-3,2026-08-31T04:30:15.736,61283.188,60.0,Clear,66.481,26,687.0,3244,0,61283.18768212963,3.0069500009994954,TrES-3,False,True,False,False
observations/2026-08-31/TRES-3/session_01/TRES-3260831043315.fits,2026-08-31,TRES-3,2026-08-31T04:33:15.152,61283.19,60.0,Clear,65.891,22,621.0,3258,0,61283.1897587037,2.9902666609268636,TrES-3,False,True,False,False
observations/2026-08-31/TRES-3/session_01/TRES-3260831043616.fits,2026-08-31,TRES-3,2026-08-31T04:36:16.638,61283.192,60.0,Clear,65.294,22,607.0,3220,0,61283.19185923611,3.02476666867733,TrES-3,False,True,False,False
observations/2026-08-31/TRES-3/session_01/TRES-3260831043917.fits,2026-08-31,TRES-3,2026-08-31T04:39:17.030,61283.194,60.0,Clear,64.696,22,630.0,3231,0,61283.19394710648,3.006533336592838,TrES-3,False,True,False,False
observations/2026-08-31/TRES-3/session_01/TRES-3260831044215.fits,2026-08-31,TRES-3,2026-08-31T04:42:15.335,61283.196,60.0,Clear,64.105,22,620.0,3323,0,61283.19601082176,2.9717499995604157,TrES-3,False,True,False,False
observations/2026-08-31/TRES-3/session_01/TRES-3260831044516.fits,2026-08-31,TRES-3,2026-08-31T04:45:16.722,61283.198,60.0,Clear,63.51,22,687.0,3303,0,61283.19811020833,3.0231166596058756,TrES-3,False,True,False,False
observations/2026-08-31/TRES-3/session_01/TRES-3260831044816.fits,2026-08-31,TRES-3,2026-08-31T04:48:16.133,61283.2,60.0,Clear,62.914,22,592.0,4095,6,61283.200186724534,2.9901833343319595,TrES-3,False,True,True,False
observations/2026-08-31/TRES-3/session_01/TRES-3260831045115.fits,2026-08-31,TRES-3,2026-08-31T04:51:15.464,61283.202,60.0,Clear,62.318,22,604.0,3891,0,61283.202262314815,2.988850004039705,TrES-3,False,True,False,False
observations/2026-08-31/TRES-3/session_01/TRES-3260831045415.fits,2026-08-31,TRES-3,2026-08-31T04:54:15.990,61283.204,60.0,Clear,61.722,22,646.0,3372,0,61283.20435173611,3.008766663260758,TrES-3,False,True,False,False
observations/2026-08-31/TRES-3/session_01/TRES-3260831045716.fits,2026-08-31,TRES-3,2026-08-31T04:57:16.489,61283.206,60.0,Clear,61.126,22,658.0,3991,0,61283.20644084491,3.008316670311615,TrES-3,False,True,False,False
observations/2026-08-31/TRES-3/session_01/TRES-3260831050016.fits,2026-08-31,TRES-3,2026-08-31T05:00:16.959,61283.209,60.0,Clear,60.527,22,655.0,3398,0,61283.20852961805,3.007833327865228,TrES-3,False,True,False,False
observations/2026-08-31/TRES-3/session_01/TRES-3260831050315.fits,2026-08-31,TRES-3,2026-08-31T05:03:15.463,61283.211,60.0,Clear,59.934,33,720.0,3441,0,61283.21059563658,2.975066676735878,TrES-3,False,True,False,False
observations/2026-08-31/TRES-3/session_01/TRES-3260831050615.fits,2026-08-31,TRES-3,2026-08-31T05:06:15.997,61283.213,60.0,Clear,59.338,33,809.0,3485,0,61283.212685150465,3.008899998385459,TrES-3,False,True,False,False
observations/2026-08-31/TRES-3/session_01/TRES-3260831050915.fits,2026-08-31,TRES-3,2026-08-31T05:09:15.477,61283.215,60.0,Clear,58.741,33,828.0,3478,0,61283.21476246528,2.9913333314470947,TrES-3,False,True,False,False
observations/2026-08-31/TRES-3/session_01/TRES-3260831051216.fits,2026-08-31,TRES-3,2026-08-31T05:12:16.148,61283.217,60.0,Clear,58.145,33,850.0,3500,0,61283.216853564816,3.011183333583176,TrES-3,False,True,False,False
observations/2026-08-31/TRES-3/session_01/TRES-3260831051515.fits,2026-08-31,TRES-3,2026-08-31T05:15:15.559,61283.219,60.0,Clear,57.549,33,885.0,3518,0,61283.21893008102,2.9901833343319595,TrES-3,False,True,False,False
observations/2026-08-31/TRES-3/session_01/TRES-3260831051816.fits,2026-08-31,TRES-3,2026-08-31T05:18:16.014,61283.221,60.0,Clear,56.953,33,877.0,3403,0,61283.22101868055,3.007583327125758,TrES-3,False,True,False,False
observations/2026-08-31/TRES-3/session_01/TRES-3260831052116.fits,2026-08-31,TRES-3,2026-08-31T05:21:16.461,61283.223,60.0,Clear,56.357,33,883.0,3510,0,61283.2231071875,3.0074500024784356,TrES-3,False,True,False,False
observations/2026-08-31/TRES-3/session_01/TRES-3260831052416.fits,2026-08-31,TRES-3,2026-08-31T05:24:16.882,61283.225,60.0,Clear,55.761,33,785.0,4095,9,61283.22519539352,3.007016668561846,TrES-3,False,True,True,False
observations/2026-08-31/TRES-3/session_01/TRES-3260831052715.fits,2026-08-31,TRES-3,2026-08-31T05:27:15.396,61283.227,60.0,Clear,55.166,33,719.0,3442,0,61283.227261527776,2.975233329925686,TrES-3,False,True,False,False
observations/2026-08-31/TRES-3/session_01/TRES-3260831053016.fits,2026-08-31,TRES-3,2026-08-31T05:30:16.960,61283.229,60.0,Clear,54.567,33,604.0,4095,8,61283.229362962964,3.026066670427099,TrES-3,False,True,True,False
observations/2026-08-31/TRES-3/session_01/TRES-3260831053316.fits,2026-08-31,TRES-3,2026-08-31T05:33:16.350,61283.231,60.0,Clear,53.975,47,657.0,4095,2,61283.23143923611,2.989833327010274,TrES-3,False,True,True,False
observations/2026-08-31/TRES-3/session_01/TRES-3260831053616.fits,2026-08-31,TRES-3,2026-08-31T05:36:16.718,61283.234,60.0,Clear,53.381,47,679.0,4095,1,61283.233526828706,3.0061333416961133,TrES-3,False,True,True,False
observations/2026-08-31/TRES-3/session_01/TRES-3260831053915.fits,2026-08-31,TRES-3,2026-08-31T05:39:15.145,61283.236,60.0,Clear,52.786,47,713.0,4095,1,61283.23559195602,2.9737833340186626,TrES-3,False,True,True,False
observations/2026-08-31/TRES-3/session_01/TRES-3260831054215.fits,2026-08-31,TRES-3,2026-08-31T05:42:15.497,61283.238,60.0,Clear,52.192,47,687.0,4095,1,61283.237679363425,3.005866660969332,TrES-3,False,True,True,False
observations/2026-08-31/TRES-3/session_01/TRES-3260831054516.fits,2026-08-31,TRES-3,2026-08-31T05:45:16.038,61283.24,60.0,Clear,51.598,47,713.0,4095,1,61283.23976895833,3.009016664000228,TrES-3,False,True,True,False
observations/2026-08-31/TRES-3/session_01/TRES-3260831054815.fits,2026-08-31,TRES-3,2026-08-31T05:48:15.509,61283.242,60.0,Clear,51.005,47,733.0,3773,0,61283.24184616898,2.99118333728984,TrES-3,False,True,False,False
observations/2026-08-31/TRES-3/session_01/TRES-3260831055116.fits,2026-08-31,TRES-3,2026-08-31T05:51:16.062,61283.244,60.0,Clear,50.412,47,708.0,3701,0,61283.24393590278,3.00921666668728,TrES-3,False,True,False,False
observations/2026-08-31/TRES-3/session_01/TRES-3260831055415.fits,2026-08-31,TRES-3,2026-08-31T05:54:15.471,61283.246,60.0,Clear,49.82,47,752.0,3460,0,61283.24601239583,2.9901499953120947,TrES-3,False,True,False,False
observations/2026-08-31/TRES-3/session_01/TRES-3260831055715.fits,2026-08-31,TRES-3,2026-08-31T05:57:15.940,61283.248,60.0,Clear,49.228,47,738.0,3450,0,61283.248101157405,3.0078166688326746,TrES-3,False,True,False,False
observations/2026-08-31/TRES-3/session_01/TRES-3260831060015.fits,2026-08-31,TRES-3,2026-08-31T06:00:15.350,61283.25,60.0,Clear,48.636,47,854.0,3511,0,61283.250177662034,2.990166664822027,TrES-3,False,True,False,False
observations/2026-08-31/TRES-3/session_01/TRES-3260831060315.fits,2026-08-31,TRES-3,2026-08-31T06:03:15.761,61283.252,60.0,Clear,48.045,85,744.0,3982,0,61283.252265752315,3.006850004894659,TrES-3,False,False,False,False
observations/2026-08-31/TRES-3/session_01/TRES-3260831060616.fits,2026-08-31,TRES-3,2026-08-31T06:06:16.314,61283.254,60.0,Clear,47.455,85,715.0,3423,0,61283.25435548611,3.00921666668728,TrES-3,False,False,False,False
observations/2026-08-31/TRES-3/session_01/TRES-3260831060916.fits,2026-08-31,TRES-3,2026-08-31T06:09:16.737,61283.256,60.0,Clear,46.865,85,559.0,4095,19,61283.256443715276,3.007049997104332,TrES-3,False,False,True,False
observations/2026-08-31/TRES-3/session_01/TRES-3260831061215.fits,2026-08-31,TRES-3,2026-08-31T06:12:15.238,61283.259,60.0,Clear,46.278,85,540.0,4095,20,61283.25850969907,2.975016668206081,TrES-3,False,False,True,False
observations/2026-08-31/TRES-3/session_01/TRES-3260831061515.fits,2026-08-31,TRES-3,2026-08-31T06:15:15.681,61283.261,60.0,Clear,45.686,85,590.0,4095,9,61283.26059815972,3.007383334916085,TrES-3,False,False,True,False
observations/2026-08-31/TRES-3/session_01/TRES-3260831061815.fits,2026-08-31,TRES-3,2026-08-31T06:18:15.175,61283.263,60.0,Clear,45.098,85,596.0,4095,5,61283.26267563657,2.9915666626766324,TrES-3,False,False,True,False
observations/2026-08-31/TRES-3/session_01/TRES-3260831062115.fits,2026-08-31,TRES-3,2026-08-31T06:21:15.626,61283.265,60.0,Clear,44.51,85,522.0,4095,24,61283.264764189815,3.0075166700407863,TrES-3,False,False,True,False
observations/2026-08-31/TRES-3/session_01/TRES-3260831062415.fits,2026-08-31,TRES-3,2026-08-31T06:24:15.191,61283.267,60.0,Clear,43.927,85,505.0,4095,30,61283.266842488425,2.9927499988116324,TrES-3,False,False,True,False
observations/2026-08-31/TRES-3/session_01/TRES-3260831062715.fits,2026-08-31,TRES-3,2026-08-31T06:27:15.594,61283.269,60.0,Clear,43.337,85,502.0,4095,17,61283.26893048611,3.0067166697699577,TrES-3,False,False,True,False
observations/2026-08-31/TRES-3/session_01/TRES-3260831063016.fits,2026-08-31,TRES-3,2026-08-31T06:30:16.942,61283.271,60.0,Clear,42.748,85,501.0,4095,28,61283.271029421296,3.0224666639696807,TrES-3,False,False,True,False
observations/2026-08-31/TRES-3/session_01/TRES-3260831063315.fits,2026-08-31,TRES-3,2026-08-31T06:33:15.418,61283.273,60.0,Clear,42.167,95,500.0,4095,28,61283.27309511574,2.9746000037994236,TrES-3,False,False,True,False
observations/2026-08-31/TRES-3/session_01/TRES-3260831063615.fits,2026-08-31,TRES-3,2026-08-31T06:36:15.848,61283.275,60.0,Clear,41.582,95,501.0,4095,21,61283.275183425925,3.0071666627191007,TrES-3,False,False,True,False
observations/2026-08-31/TRES-3/session_01/TRES-3260831063915.fits,2026-08-31,TRES-3,2026-08-31T06:39:15.368,61283.277,60.0,Clear,40.999,95,503.0,4095,28,61283.2772612037,2.991999996593222,TrES-3,False,False,True,False
observations/2026-08-31/TRES-3/session_01/TRES-3260831064215.fits,2026-08-31,TRES-3,2026-08-31T06:42:15.812,61283.279,60.0,Clear,40.416,95,506.0,4095,26,61283.279349675926,3.0074000044260174,TrES-3,False,False,True,False
observations/2026-08-31/TRES-3/session_01/TRES-3260831064515.fits,2026-08-31,TRES-3,2026-08-31T06:45:15.260,61283.281,60.0,Clear,39.838,95,508.0,4095,27,61283.28142662037,2.9908000014256686,TrES-3,False,False,True,False
observations/2026-08-31/TRES-3/session_01/TRES-3260831064815.fits,2026-08-31,TRES-3,2026-08-31T06:48:15.712,61283.284,60.0,Clear,39.253,95,510.0,4095,28,61283.28351518518,3.0075333290733397,TrES-3,False,False,True,False
observations/2026-08-31/TRES-3/session_01/TRES-3260831065115.fits,2026-08-31,TRES-3,2026-08-31T06:51:15.179,61283.286,60.0,Clear,38.676,95,511.0,4095,23,61283.28559234954,2.9911166697274894,TrES-3,False,False,True,False
observations/2026-08-31/TRES-3/session_01/TRES-3260831065415.fits,2026-08-31,TRES-3,2026-08-31T06:54:15.590,61283.288,60.0,Clear,38.094,95,515.0,4095,26,61283.28768043982,3.006850004894659,TrES-3,False,False,True,False
observations/2026-08-31/TRES-3/session_01/TRES-3260831065716.fits,2026-08-31,TRES-3,2026-08-31T06:57:16.940,61283.29,60.0,Clear,37.515,95,520.0,4095,23,61283.28977939815,3.0224999925121665,TrES-3,False,False,True,False
observations/2026-08-31/TRES-3/session_01/TRES-3260831070015.fits,2026-08-31,TRES-3,2026-08-31T07:00:15.403,61283.292,60.0,Clear,36.937,95,521.0,4095,19,61283.29184494213,2.9743833316024393,TrES-3,False,False,True,False
observations/2026-08-31/TRES-3/session_01/TRES-3260831070315.fits,2026-08-31,TRES-3,2026-08-31T07:03:15.979,61283.294,60.0,Clear,36.36,100,521.0,4095,30,61283.29393494213,3.0096000025514513,TrES-3,False,False,True,False
observations/2026-08-31/TRES-3/session_01/TRES-3260831070615.fits,2026-08-31,TRES-3,2026-08-31T07:06:15.432,61283.296,60.0,Clear,35.785,100,524.0,4095,25,61283.29601194445,2.9908833384979516,TrES-3,False,False,True,False
observations/2026-08-31/TRES-3/session_01/TRES-3260831070915.fits,2026-08-31,TRES-3,2026-08-31T07:09:15.183,61283.298,60.0,Clear,35.213,100,527.0,4095,22,61283.29809239583,2.9958499933127314,TrES-3,False,False,True,False
observations/2026-08-17/TRES-5/session_01/TRES-5260817091750.fits,2026-08-17,TRES-5,2026-08-17T09:17:50.399,61269.387,60.0,Clear,47.375,100,403.0,4095,24,61269.387388877316,,TrES-5,False,False,True,False
observations/2026-08-17/TRES-5/session_01/TRES-5260817092423.fits,2026-08-17,TRES-5,2026-08-17T09:24:23.429,61269.392,60.0,Clear,46.584,100,402.0,4095,31,61269.39193783565,6.55050000292249,TrES-5,False,False,True,False
observations/2026-08-17/TRES-5/session_01/TRES-5260817092606.fits,2026-08-17,TRES-5,2026-08-17T09:26:06.717,61269.393,60.0,Clear,46.373,100,402.0,4095,19,61269.39313329861,1.721466660965234,TrES-5,False,False,True,False
observations/2026-08-17/TRES-5/session_01/TRES-5260817093238.fits,2026-08-17,TRES-5,2026-08-17T09:32:38.686,61269.398,60.0,Clear,45.575,100,403.0,4095,27,61269.397669976854,6.532816670369357,TrES-5,False,False,True,False
observations/2026-08-17/TRES-5/session_01/TRES-5260817093730.fits,2026-08-17,TRES-5,2026-08-17T09:37:30.855,61269.401,60.0,Clear,44.975,100,404.0,4095,16,61269.4010515625,4.869483327493072,TrES-5,False,False,True,False
observations/2026-08-17/TRES-5/session_01/TRES-5260817093914.fits,2026-08-17,TRES-5,2026-08-17T09:39:14.112,61269.402,60.0,Clear,44.758,100,403.0,4095,22,61269.402246666665,1.7209500004537404,TrES-5,False,False,True,False
observations/2026-08-17/TRES-5/session_01/TRES-5260817094059.fits,2026-08-17,TRES-5,2026-08-17T09:40:59.288,61269.403,60.0,Clear,44.544,100,404.0,4095,20,61269.40346398148,1.7529333312995732,TrES-5,False,False,True,False
observations/2026-08-17/TRES-5/session_01/TRES-5260817094242.fits,2026-08-17,TRES-5,2026-08-17T09:42:42.458,61269.405,60.0,Clear,44.329,100,404.0,4095,17,61269.4046580787,1.7195000045467168,TrES-5,False,False,True,False
observations/2026-08-17/TRES-5/session_01/TRES-5260817094427.fits,2026-08-17,TRES-5,2026-08-17T09:44:27.649,61269.406,60.0,Clear,44.113,100,404.0,4095,17,61269.40587556713,1.7531833320390433,TrES-5,False,False,True,False
observations/2026-08-17/TRES-5/session_01/TRES-5260817094610.fits,2026-08-17,TRES-5,2026-08-17T09:46:10.829,61269.407,60.0,Clear,43.897,100,404.0,4095,21,61269.40706978009,1.719666668213904,TrES-5,False,False,True,False
observations/2026-08-17/TRES-5/session_01/TRES-5260817094753.fits,2026-08-17,TRES-5,2026-08-17T09:47:53.996,61269.408,60.0,Clear,43.683,100,404.0,4095,25,61269.40826384259,1.7194499960169196,TrES-5,False,False,True,False
observations/2026-08-17/TRES-5/session_01/TRES-5260817094938.fits,2026-08-17,TRES-5,2026-08-17T09:49:38.113,61269.409,60.0,Clear,43.467,100,405.0,4095,27,61269.40946890046,1.7352833377663046,TrES-5,False,False,True,False
observations/2026-08-17/TRES-5/session_01/TRES-5260817095122.fits,2026-08-17,TRES-5,2026-08-17T09:51:22.291,61269.411,60.0,Clear,43.248,100,405.0,4095,19,61269.41067466435,1.7362999997567385,TrES-5,False,False,True,False
observations/2026-08-17/TRES-5/session_01/TRES-5260817095415.fits,2026-08-17,TRES-5,2026-08-17T09:54:15.561,61269.413,60.0,Clear,42.887,100,405.0,4095,19,61269.412680104164,2.887833329150453,TrES-5,False,False,True,False
observations/2026-08-17/TRES-5/session_01/TRES-5260817095716.fits,2026-08-17,TRES-5,2026-08-17T09:57:16.047,61269.415,60.0,Clear,42.51,100,404.0,4095,22,61269.4147690625,3.0081000085920095,TrES-5,False,False,True,False
observations/2026-08-17/TRES-5/session_01/TRES-5260817100015.fits,2026-08-17,TRES-5,2026-08-17T10:00:15.435,61269.417,60.0,Clear,42.133,100,404.0,4095,25,61269.4168453125,2.989799998467788,TrES-5,False,False,True,False
observations/2026-08-17/TRES-5/session_01/TRES-5260817100315.fits,2026-08-17,TRES-5,2026-08-17T10:03:15.829,61269.419,60.0,Clear,41.755,100,403.0,4095,20,61269.41893320602,3.006566665135324,TrES-5,False,False,True,False
observations/2026-08-17/TRES-5/session_01/TRES-5260817100616.fits,2026-08-17,TRES-5,2026-08-17T10:06:16.073,61269.421,60.0,Clear,41.377,100,402.0,4095,20,61269.42101936343,3.0040666682180017,TrES-5,False,False,True,False
observations/2026-08-17/TRES-5/session_01/TRES-5260817100915.fits,2026-08-17,TRES-5,2026-08-17T10:09:15.603,61269.423,60.0,Clear,40.998,100,403.0,4095,23,61269.42309725694,2.992166660260409,TrES-5,False,False,True,False
observations/2026-08-17/TRES-5/session_01/TRES-5260817101216.fits,2026-08-17,TRES-5,2026-08-17T10:12:16.977,61269.425,60.0,Clear,40.616,100,403.0,4095,24,61269.42519649306,3.0229000083636492,TrES-5,False,False,True,False
observations/2026-08-17/TRES-5/session_01/TRES-5260817101515.fits,2026-08-17,TRES-5,2026-08-17T10:15:15.269,61269.427,60.0,Clear,40.239,100,403.0,4095,17,61269.42726005787,2.9715333273634315,TrES-5,False,False,True,False
observations/2026-08-17/TRES-5/session_01/TRES-5260817101815.fits,2026-08-17,TRES-5,2026-08-17T10:18:15.662,61269.429,60.0,Clear,39.858,100,403.0,4095,18,61269.42934793982,3.0065500061027706,TrES-5,False,False,True,False
observations/2026-08-17/TRES-5/session_01/TRES-5260817102116.fits,2026-08-17,TRES-5,2026-08-17T10:21:16.069,61269.431,60.0,Clear,39.478,100,402.0,4095,18,61269.431435983795,3.0067833268549293,TrES-5,False,False,True,False
observations/2026-08-17/TRES-5/session_01/TRES-5260817102415.fits,2026-08-17,TRES-5,2026-08-17T10:24:15.511,61269.434,60.0,Clear,39.097,100,403.0,4095,21,61269.4335128588,2.990700005320832,TrES-5,False,False,True,False
observations/2026-08-17/TRES-5/session_01/TRES-5260817102715.fits,2026-08-17,TRES-5,2026-08-17T10:27:15.746,61269.436,60.0,Clear,38.716,100,404.0,4095,21,61269.43559891204,3.003916663583368,TrES-5,False,False,True,False
observations/2026-08-17/TRES-5/session_01/TRES-5260817103015.fits,2026-08-17,TRES-5,2026-08-17T10:30:15.192,61269.438,60.0,Clear,38.335,100,403.0,4095,25,61269.43767583333,2.990766662405804,TrES-5,False,False,True,False
observations/2026-08-17/TRES-5/session_01/TRES-5260817103316.fits,2026-08-17,TRES-5,2026-08-17T10:33:16.611,61269.44,60.0,Clear,37.954,100,405.0,4095,21,61269.439775590276,3.0236500001046807,TrES-5,False,False,True,False
observations/2026-08-17/TRES-5/session_01/TRES-5260817103616.fits,2026-08-17,TRES-5,2026-08-17T10:36:16.255,61269.442,60.0,Clear,37.572,100,404.0,4095,21,61269.44185480324,2.9940666700713336,TrES-5,False,False,True,False
observations/2026-08-17/TRES-5/session_01/TRES-5260817103915.fits,2026-08-17,TRES-5,2026-08-17T10:39:15.707,61269.444,60.0,Clear,37.191,100,403.0,4095,17,61269.44393179398,2.9908666689880192,TrES-5,False,False,True,False
observations/2026-08-17/TRES-5/session_01/TRES-5260817104216.fits,2026-08-17,TRES-5,2026-08-17T10:42:16.150,61269.446,60.0,Clear,36.81,100,403.0,4095,15,61269.44602025463,3.007383334916085,TrES-5,False,False,True,False
observations/2026-08-17/TRES-5/session_01/TRES-5260817104515.fits,2026-08-17,TRES-5,2026-08-17T10:45:15.653,61269.448,60.0,Clear,36.429,100,404.0,4095,18,61269.44809783565,2.991716667311266,TrES-5,False,False,True,False
observations/2026-08-17/TRES-5/session_01/TRES-5260817104815.fits,2026-08-17,TRES-5,2026-08-17T10:48:15.985,61269.45,60.0,Clear,36.047,100,403.0,4095,18,61269.45018501158,3.0055333336349577,TrES-5,False,False,True,False
observations/2026-08-17/TRES-5/session_01/TRES-5260817105115.fits,2026-08-17,TRES-5,2026-08-17T10:51:15.347,61269.452,60.0,Clear,35.667,100,403.0,4095,18,61269.45226096065,2.9893666645511985,TrES-5,False,False,True,False
observations/2026-08-17/TRES-5/session_01/TRES-5260817105415.fits,2026-08-17,TRES-5,2026-08-17T10:54:15.761,61269.454,60.0,Clear,35.286,100,403.0,4095,28,61269.454349085645,3.006899992469698,TrES-5,False,False,True,False
observations/2026-08-17/TRES-5/session_01/TRES-5260817105715.fits,2026-08-17,TRES-5,2026-08-17T10:57:15.255,61269.456,60.0,Clear,34.906,100,404.0,4095,19,61269.4564265625,2.9915666731540114,TrES-5,False,False,True,False
observations/2026-08-17/TRES-5/session_01/TRES-5260817110015.fits,2026-08-17,TRES-5,2026-08-17T11:00:15.837,61269.459,60.0,Clear,34.526,100,403.0,4095,18,61269.458516631945,3.009699998656288,TrES-5,False,False,True,False
observations/2026-08-17/TRES-5/session_01/TRES-5260817110315.fits,2026-08-17,TRES-5,2026-08-17T11:03:15.195,61269.461,60.0,Clear,34.148,100,405.0,4095,14,61269.46059253472,2.989299996988848,TrES-5,False,False,True,False
observations/2026-08-17/TRES-5/session_01/TRES-5260817110616.fits,2026-08-17,TRES-5,2026-08-17T11:06:16.522,61269.463,60.0,Clear,33.767,100,407.0,4095,16,61269.46269122685,3.022116667125374,TrES-5,False,False,True,False
observations/2026-08-17/TRES-5/session_01/TRES-5260817110915.fits,2026-08-17,TRES-5,2026-08-17T11:09:15.850,61269.465,60.0,Clear,33.388,100,407.0,4095,15,61269.46476678241,2.9888000059872866,TrES-5,False,False,True,False
observations/2026-08-17/TRES-5/session_01/TRES-5260817111215.fits,2026-08-17,TRES-5,2026-08-17T11:12:15.211,61269.467,60.0,Clear,33.009,100,407.0,4095,13,61269.46684271991,2.989349995041266,TrES-5,False,False,True,False
observations/2026-08-17/TRES-5/session_01/TRES-5260817111515.fits,2026-08-17,TRES-5,2026-08-17T11:15:15.713,61269.469,60.0,Clear,32.632,100,409.0,4095,15,61269.46893186343,3.008366668364033,TrES-5,False,False,True,False
observations/2026-08-17/TRES-5/session_01/TRES-5260817111815.fits,2026-08-17,TRES-5,2026-08-17T11:18:15.268,61269.471,60.0,Clear,32.254,100,409.0,4095,13,61269.4710100463,2.9925833351444453,TrES-5,False,False,True,False
observations/2026-08-17/TRES-5/session_01/TRES-5260817112115.fits,2026-08-17,TRES-5,2026-08-17T11:21:15.600,61269.473,60.0,Clear,31.878,100,409.0,4095,15,61269.473097222224,3.0055333336349577,TrES-5,False,False,True,False
observations/2026-08-17/TRES-5/session_01/TRES-5260817112416.fits,2026-08-17,TRES-5,2026-08-17T11:24:16.967,61269.475,60.0,Clear,31.5,100,409.0,4095,13,61269.475196377316,3.0227833322715014,TrES-5,False,False,True,False
observations/2026-08-17/TRES-5/session_01/TRES-5260817112715.fits,2026-08-17,TRES-5,2026-08-17T11:27:15.257,61269.477,60.0,Clear,31.127,100,410.0,4095,12,61269.47725991898,2.9714999988209456,TrES-5,False,False,True,False
observations/2026-08-17/TRES-5/session_01/TRES-5260817113015.fits,2026-08-17,TRES-5,2026-08-17T11:30:15.588,61269.479,60.0,Clear,30.752,100,412.0,4095,14,61269.47934708333,3.0055166641250253,TrES-5,False,False,True,False
observations/2026-08-17/TRES-5/session_01/TRES-5260817113315.fits,2026-08-17,TRES-5,2026-08-17T11:33:15.936,61269.481,60.0,Clear,30.379,100,412.0,4095,14,61269.481434444446,3.00580000388436,TrES-5,False,False,True,False
observations/2026-08-17/TRES-5/session_01/TRES-5260817113615.fits,2026-08-17,TRES-5,2026-08-17T11:36:15.345,61269.484,60.0,Clear,30.006,100,415.0,4095,11,61269.4835109375,2.9901499953120947,TrES-5,False,False,True,False
observations/2026-08-17/TRES-5/session_01/TRES-5260817113915.fits,2026-08-17,TRES-5,2026-08-17T11:39:15.697,61269.486,60.0,Clear,29.634,100,419.0,4095,13,61269.48559834491,3.005866671446711,TrES-5,True,False,True,False
observations/2026-08-17/TRES-5/session_01/TRES-5260817114216.fits,2026-08-17,TRES-5,2026-08-17T11:42:16.076,61269.488,60.0,Clear,29.262,100,426.0,4095,13,61269.487686064815,3.006316664395854,TrES-5,True,False,True,False
observations/2026-08-17/TRES-5/session_01/TRES-5260817114516.fits,2026-08-17,TRES-5,2026-08-17T11:45:16.424,61269.49,60.0,Clear,28.892,100,438.0,4095,18,61269.48977342593,3.00580000388436,TrES-5,True,False,True,False
observations/2026-08-17/TRES-5/session_01/TRES-5260817114815.fits,2026-08-17,TRES-5,2026-08-17T11:48:15.753,61269.492,60.0,Clear,28.523,100,457.0,4095,31,61269.49184899306,2.98881666501984,TrES-5,True,False,True,False
observations/2026-08-17/TRES-5/session_01/TRES-5260817115116.fits,2026-08-17,TRES-5,2026-08-17T11:51:16.048,61269.494,60.0,Clear,28.153,100,492.0,4095,18,61269.49393574074,3.0049166665412486,TrES-5,True,False,True,False
observations/2026-08-17/TRES-5/session_01/TRES-5260817115416.fits,2026-08-17,TRES-5,2026-08-17T11:54:16.357,61269.496,60.0,Clear,27.788,100,553.0,4095,61,61269.49602265046,3.0051499977707863,TrES-5,True,False,True,False
observations/2026-08-17/TRES-5/session_01/TRES-5260817120203.fits,2026-08-17,TRES-5,2026-08-17T12:02:03.628,61269.501,60.0,Clear,26.838,100,1033.0,4095,77,61269.50143087963,7.787850002059713,TrES-5,True,False,True,True
observations/2026-08-17/TRES-5/session_01/TRES-5260817120952.fits,2026-08-17,TRES-5,2026-08-17T12:09:52.861,61269.507,60.0,Clear,25.895,100,3305.0,4095,355,61269.50686181713,7.820549996104091,TrES-5,True,False,True,True
observations/2026-08-17/TRES-5/session_01/TRES-5260817121746.fits,2026-08-17,TRES-5,2026-08-17T12:17:46.115,61269.512,60.0,Clear,24.952,100,4095.0,4095,324500,61269.51233929398,7.887566664721817,TrES-5,True,False,True,True
observations/2026-08-17/TRES-5/session_01/TRES-5260817122550.fits,2026-08-17,TRES-5,2026-08-17T12:25:50.578,61269.518,60.0,Clear,23.997,100,4095.0,4095,325000,61269.51794650463,8.074383339844644,TrES-5,True,False,True,True
observations/2026-08-17/TRES-5/session_01/TRES-5260817123344.fits,2026-08-17,TRES-5,2026-08-17T12:33:44.687,61269.523,60.0,Clear,23.07,100,4095.0,4095,325000,61269.523433877315,7.901816664962098,TrES-5,True,False,True,True
observations/2026-08-17/TRES-5/session_01/TRES-5260817124139.fits,2026-08-17,TRES-5,2026-08-17T12:41:39.936,61269.529,60.0,Clear,22.154,100,4095.0,4095,325000,61269.528934444446,7.920816668774933,TrES-5,True,False,True,True
observations/2026-08-17/TRES-5/session_01/TRES-5260817124936.fits,2026-08-17,TRES-5,2026-08-17T12:49:36.210,61269.534,60.0,Clear,21.246,100,4095.0,4095,325000,61269.534446875,7.93789999326691,TrES-5,True,False,True,True
observations/2026-08-17/TRES-5/session_01/TRES-5260817125735.fits,2026-08-17,TRES-5,2026-08-17T12:57:35.450,61269.54,60.0,Clear,20.346,100,4095.0,4095,325000,61269.53999363426,7.987333335913718,TrES-5,True,False,True,True
observations/2026-08-17/TRES-5/session_01/TRES-5260817130536.fits,2026-08-17,TRES-5,2026-08-17T13:05:36.720,61269.546,60.0,Clear,19.458,100,4095.0,4095,325000,61269.54556388889,8.021166668040678,TrES-5,True,False,True,True
observations/2026-08-17/TRES-5/session_01/TRES-5260817131349.fits,2026-08-17,TRES-5,2026-08-17T13:13:49.133,61269.551,60.0,Clear,18.559,100,4095.0,4095,325000,61269.551263113426,8.20688333362341,TrES-5,True,False,True,True
observations/2026-08-17/TRES-5/session_01/TRES-5260817132155.fits,2026-08-17,TRES-5,2026-08-17T13:21:55.480,61269.557,60.0,Clear,17.688,100,4095.0,4095,325000,61269.55689212963,8.105783332139254,TrES-5,True,False,True,True
observations/2026-08-17/TRES-5/session_01/TRES-5260817133002.fits,2026-08-17,TRES-5,2026-08-17T13:30:02.844,61269.563,60.0,Clear,16.829,100,4095.0,4095,325000,61269.562532916665,8.122733331983909,TrES-5,True,False,True,True
observations/2026-08-17/TRES-5/session_01/TRES-5260817133809.fits,2026-08-17,TRES-5,2026-08-17T13:38:09.219,61269.568,60.0,Clear,15.99,100,4095.0,4095,325000,61269.56816225695,8.106250005075708,TrES-5,True,False,True,True
observations/2026-08-17/TRES-5/session_01/TRES-5260817134616.fits,2026-08-17,TRES-5,2026-08-17T13:46:16.600,61269.574,60.0,Clear,15.164,100,4095.0,4095,325000,61269.57380324074,8.123016661265865,TrES-5,True,False,True,True
observations/2026-08-17/TRES-5/session_01/TRES-5260817135425.fits,2026-08-17,TRES-5,2026-08-17T13:54:25.968,61269.579,60.0,Clear,14.354,100,4095.0,4095,325000,61269.579467222226,8.156133340671659,TrES-5,True,False,True,True
observations/2026-08-17/TRES-5/session_01/TRES-5260817140233.fits,2026-08-17,TRES-5,2026-08-17T14:02:33.347,61269.585,60.0,Clear,13.565,100,4095.0,4095,325000,61269.58510818287,8.12298333272338,TrES-5,True,False,True,True
observations/2026-08-17/TRES-5/session_01/TRES-5260817140932.fits,2026-08-17,TRES-5,2026-08-17T14:09:32.823,61269.59,60.0,Clear,12.9,100,4095.0,4095,325000,61269.58996322917,6.991266666445881,TrES-5,True,False,True,True
observations/2026-08-17/TRES-5/session_01/TRES-5260817141136.fits,2026-08-17,TRES-5,2026-08-17T14:11:36.339,61269.591,60.0,Clear,12.708,100,4095.0,4095,325000,61269.5913928125,2.058599997544661,TrES-5,True,False,True,True
observations/2026-08-17/TRES-5/session_01/TRES-5260817141952.fits,2026-08-17,TRES-5,2026-08-17T14:19:52.723,61269.597,60.0,Clear,11.945,100,4095.0,4095,325000,61269.59713799768,8.273066662950441,TrES-5,True,False,True,True
observations/2026-08-17/TRES-5/session_01/TRES-5260817142801.fits,2026-08-17,TRES-5,2026-08-17T14:28:01.998,61269.603,60.0,Clear,11.214,100,4095.0,4095,325000,61269.60280090278,8.15458333818242,TrES-5,True,False,True,True
observations/2026-08-20/TRES-5/session_01/TRES-5260820082456.fits,2026-08-20,TRES-5,2026-08-20T08:24:56.775,61272.351,60.0,Clear,52.139,0,427.0,2567,0,61272.350657118055,,TrES-5,False,True,False,False
observations/2026-08-20/TRES-5/session_01/TRES-5260820082716.fits,2026-08-20,TRES-5,2026-08-20T08:27:16.123,61272.352,60.0,Clear,51.881,0,422.0,2751,0,61272.35226994213,2.3224666679743677,TrES-5,False,True,False,False
observations/2026-08-20/TRES-5/session_01/TRES-5260820083016.fits,2026-08-20,TRES-5,2026-08-20T08:30:16.545,61272.354,60.0,Clear,51.547,0,420.0,2585,0,61272.35435815972,3.0070333275943995,TrES-5,False,True,False,False
observations/2026-08-20/TRES-5/session_01/TRES-5260820083615.fits,2026-08-20,TRES-5,2026-08-20T08:36:15.197,61272.359,60.0,Clear,50.872,2,411.0,2925,0,61272.358509224534,5.9775333339348435,TrES-5,False,True,False,False
observations/2026-08-20/TRES-5/session_01/TRES-5260820083915.fits,2026-08-20,TRES-5,2026-08-20T08:39:15.485,61272.361,60.0,Clear,50.528,2,418.0,2737,0,61272.3605958912,3.0048000009264797,TrES-5,False,True,False,False
observations/2026-08-20/TRES-5/session_01/TRES-5260820084216.fits,2026-08-20,TRES-5,2026-08-20T08:42:16.014,61272.363,60.0,Clear,50.183,2,419.0,2773,0,61272.36268534722,3.008816671790555,TrES-5,False,True,False,False
observations/2026-08-20/TRES-5/session_01/TRES-5260820084515.fits,2026-08-20,TRES-5,2026-08-20T08:45:15.422,61272.365,60.0,Clear,49.836,2,419.0,2667,0,61272.36476182871,2.9901333362795413,TrES-5,False,True,False,False
observations/2026-08-20/TRES-5/session_01/TRES-5260820084815.fits,2026-08-20,TRES-5,2026-08-20T08:48:15.761,61272.367,60.0,Clear,49.487,2,415.0,3311,0,61272.36684908565,3.0056499992497265,TrES-5,False,True,False,False
observations/2026-08-20/TRES-5/session_01/TRES-5260820085115.fits,2026-08-20,TRES-5,2026-08-20T08:51:15.172,61272.369,60.0,Clear,49.138,2,416.0,3203,0,61272.368925601855,2.9901833343319595,TrES-5,False,True,False,False
observations/2026-08-20/TRES-5/session_01/TRES-5260820085416.fits,2026-08-20,TRES-5,2026-08-20T08:54:16.558,61272.371,60.0,Clear,48.782,2,414.0,3334,0,61272.37102497685,3.023099990095943,TrES-5,False,True,False,False
observations/2026-08-20/TRES-5/session_01/TRES-5260820085716.fits,2026-08-20,TRES-5,2026-08-20T08:57:16.034,61272.373,60.0,Clear,48.427,2,421.0,2910,0,61272.37310224537,2.991266674362123,TrES-5,False,True,False,False
observations/2026-08-20/TRES-5/session_01/TRES-5260820090015.fits,2026-08-20,TRES-5,2026-08-20T09:00:15.389,61272.375,60.0,Clear,48.07,2,420.0,2755,0,61272.37517811343,2.9892499989364296,TrES-5,False,True,False,False
observations/2026-08-20/TRES-5/session_01/TRES-5260820090315.fits,2026-08-20,TRES-5,2026-08-20T09:03:15.680,61272.377,60.0,Clear,47.71,4,419.0,2939,0,61272.377264814815,3.004849998978898,TrES-5,False,True,False,False
observations/2026-08-20/TRES-5/session_01/TRES-5260820090617.fits,2026-08-20,TRES-5,2026-08-20T09:06:17.072,61272.379,60.0,Clear,47.347,4,423.0,2859,0,61272.37936425926,3.0231999966781586,TrES-5,False,True,False,False
observations/2026-08-20/TRES-5/session_01/TRES-5260820090915.fits,2026-08-20,TRES-5,2026-08-20T09:09:15.416,61272.381,60.0,Clear,46.987,4,425.0,2875,0,61272.38142842593,2.9724000056739897,TrES-5,False,True,False,False
observations/2026-08-20/TRES-5/session_01/TRES-5260820091215.fits,2026-08-20,TRES-5,2026-08-20T09:12:15.826,61272.384,60.0,Clear,46.623,4,423.0,2711,0,61272.38351650463,3.0068333353847265,TrES-5,False,True,False,False
observations/2026-08-20/TRES-5/session_01/TRES-5260820091515.fits,2026-08-20,TRES-5,2026-08-20T09:15:15.235,61272.386,60.0,Clear,46.257,4,426.0,2897,0,61272.385592997685,2.9901499953120947,TrES-5,False,True,False,False
observations/2026-08-20/TRES-5/session_01/TRES-5260820091815.fits,2026-08-20,TRES-5,2026-08-20T09:18:15.730,61272.388,60.0,Clear,45.89,4,425.0,2715,0,61272.38768206019,3.0082500027492642,TrES-5,False,True,False,False
observations/2026-08-20/TRES-5/session_01/TRES-5260820092116.fits,2026-08-20,TRES-5,2026-08-20T09:21:16.030,61272.39,60.0,Clear,45.522,4,422.0,2973,0,61272.38976886574,3.0049999931361526,TrES-5,False,True,False,False
observations/2026-08-20/TRES-5/session_01/TRES-5260820092415.fits,2026-08-20,TRES-5,2026-08-20T09:24:15.448,61272.392,60.0,Clear,45.152,4,421.0,3063,0,61272.39184546296,2.9902999999467283,TrES-5,False,True,False,False
observations/2026-08-20/TRES-5/session_01/TRES-5260820092716.fits,2026-08-20,TRES-5,2026-08-20T09:27:16.763,61272.394,60.0,Clear,44.782,4,422.0,3579,0,61272.39394401621,3.021916674915701,TrES-5,False,True,False,False
observations/2026-08-20/TRES-5/session_01/TRES-5260820093016.fits,2026-08-20,TRES-5,2026-08-20T09:30:16.109,61272.396,60.0,Clear,44.41,4,425.0,2983,0,61272.39601978009,2.989099994301796,TrES-5,False,True,False,False
observations/2026-08-20/TRES-5/session_01/TRES-5260820093315.fits,2026-08-20,TRES-5,2026-08-20T09:33:15.478,61272.398,60.0,Clear,44.037,15,430.0,2742,0,61272.39809581018,2.9894833301659673,TrES-5,False,True,False,False
observations/2026-08-20/TRES-5/session_01/TRES-5260820093615.fits,2026-08-20,TRES-5,2026-08-20T09:36:15.859,61272.4,60.0,Clear,43.663,15,430.0,2798,0,61272.40018355324,3.0063500034157187,TrES-5,False,True,False,False
observations/2026-08-20/TRES-5/session_01/TRES-5260820093915.fits,2026-08-20,TRES-5,2026-08-20T09:39:15.155,61272.402,60.0,Clear,43.29,15,424.0,2912,0,61272.402258738424,2.9882666654884815,TrES-5,False,True,False,False
observations/2026-08-20/TRES-5/session_01/TRES-5260820094215.fits,2026-08-20,TRES-5,2026-08-20T09:42:15.678,61272.404,60.0,Clear,42.913,15,430.0,2933,0,61272.404348125,3.0087166652083397,TrES-5,False,True,False,False
observations/2026-08-20/TRES-5/session_01/TRES-5260820094516.fits,2026-08-20,TRES-5,2026-08-20T09:45:16.036,61272.406,60.0,Clear,42.536,15,443.0,2766,0,61272.40643560185,3.0059666675515473,TrES-5,False,True,False,False
observations/2026-08-20/TRES-5/session_01/TRES-5260820094815.fits,2026-08-20,TRES-5,2026-08-20T09:48:15.493,61272.409,60.0,Clear,42.159,15,447.0,2999,0,61272.408512650465,2.9909500060603023,TrES-5,False,True,False,False
observations/2026-08-20/TRES-5/session_01/TRES-5260820095115.fits,2026-08-20,TRES-5,2026-08-20T09:51:15.810,61272.411,60.0,Clear,41.781,15,441.0,2973,0,61272.41059965278,3.0052833328954875,TrES-5,False,True,False,False
observations/2026-08-20/TRES-5/session_01/TRES-5260820095415.fits,2026-08-20,TRES-5,2026-08-20T09:54:15.201,61272.413,60.0,Clear,41.403,15,446.0,2841,0,61272.4126759375,2.9898499965202063,TrES-5,False,True,False,False
observations/2026-08-20/TRES-5/session_01/TRES-5260820095715.fits,2026-08-20,TRES-5,2026-08-20T09:57:15.611,61272.415,60.0,Clear,41.024,15,448.0,2902,0,61272.414764016205,3.0068333353847265,TrES-5,False,True,False,False
observations/2026-08-20/TRES-5/session_01/TRES-5260820100015.fits,2026-08-20,TRES-5,2026-08-20T10:00:15.895,61272.417,60.0,Clear,40.644,15,449.0,3138,0,61272.416850636575,3.004733333364129,TrES-5,False,True,False,False
observations/2026-08-20/TRES-5/session_01/TRES-5260820100315.fits,2026-08-20,TRES-5,2026-08-20T10:03:15.179,61272.419,60.0,Clear,40.267,22,455.0,2955,0,61272.41892568287,2.9880666628014296,TrES-5,False,True,False,False
observations/2026-08-20/TRES-5/session_01/TRES-5260820100616.fits,2026-08-20,TRES-5,2026-08-20T10:06:16.488,61272.421,60.0,Clear,39.884,22,449.0,2969,0,61272.421024166666,3.0218166683334857,TrES-5,False,True,False,False
observations/2026-08-20/TRES-5/session_01/TRES-5260820100915.fits,2026-08-20,TRES-5,2026-08-20T10:09:15.851,61272.423,60.0,Clear,39.504,22,445.0,3080,0,61272.423100127315,2.989383334061131,TrES-5,False,True,False,False
observations/2026-08-20/TRES-5/session_01/TRES-5260820101215.fits,2026-08-20,TRES-5,2026-08-20T10:12:15.171,61272.425,60.0,Clear,39.123,22,449.0,3113,0,61272.42517559028,2.9886666708625853,TrES-5,False,True,False,False
observations/2026-08-20/TRES-5/session_01/TRES-5260820101515.fits,2026-08-20,TRES-5,2026-08-20T10:15:15.610,61272.427,60.0,Clear,38.742,22,440.0,2873,0,61272.42726400463,3.0073166673537344,TrES-5,False,True,False,False
observations/2026-08-20/TRES-5/session_01/TRES-5260820101816.fits,2026-08-20,TRES-5,2026-08-20T10:18:16.045,61272.429,60.0,Clear,38.361,22,440.0,3000,0,61272.42935237269,3.0072499997913837,TrES-5,False,True,False,False
observations/2026-08-20/TRES-5/session_01/TRES-5260820102115.fits,2026-08-20,TRES-5,2026-08-20T10:21:15.325,61272.431,60.0,Clear,37.98,22,438.0,3012,0,61272.431427372685,2.987999995239079,TrES-5,False,True,False,False
observations/2026-08-20/TRES-5/session_01/TRES-5260820102415.fits,2026-08-20,TRES-5,2026-08-20T10:24:15.651,61272.434,60.0,Clear,37.598,22,449.0,3172,0,61272.43351447917,3.005433337530121,TrES-5,False,True,False,False
observations/2026-08-20/TRES-5/session_01/TRES-5260820102715.fits,2026-08-20,TRES-5,2026-08-20T10:27:15.952,61272.436,60.0,Clear,37.217,22,447.0,2971,0,61272.435601296296,3.005016662646085,TrES-5,False,True,False,False
observations/2026-08-20/TRES-5/session_01/TRES-5260820103015.fits,2026-08-20,TRES-5,2026-08-20T10:30:15.242,61272.438,60.0,Clear,36.836,22,435.0,2905,0,61272.43767641204,2.988166669383645,TrES-5,False,True,False,False
observations/2026-08-20/TRES-5/session_01/TRES-5260820103315.fits,2026-08-20,TRES-5,2026-08-20T10:33:15.637,61272.44,60.0,Clear,36.455,36,427.0,3306,0,61272.43976431713,3.0065833346452564,TrES-5,False,True,False,False
observations/2026-08-20/TRES-5/session_01/TRES-5260820103616.fits,2026-08-20,TRES-5,2026-08-20T10:36:16.033,61272.442,60.0,Clear,36.073,36,448.0,3122,0,61272.441852233795,3.00659999367781,TrES-5,False,True,False,False
observations/2026-08-20/TRES-5/session_01/TRES-5260820103915.fits,2026-08-20,TRES-5,2026-08-20T10:39:15.422,61272.444,60.0,Clear,35.693,36,432.0,2990,0,61272.44392849537,2.9898166679777205,TrES-5,False,True,False,False
observations/2026-08-20/TRES-5/session_01/TRES-5260820104215.fits,2026-08-20,TRES-5,2026-08-20T10:42:15.828,61272.446,60.0,Clear,35.312,36,426.0,3005,0,61272.44601652778,3.006766667822376,TrES-5,False,True,False,False
observations/2026-08-20/TRES-5/session_01/TRES-5260820104516.fits,2026-08-20,TRES-5,2026-08-20T10:45:16.243,61272.448,60.0,Clear,34.932,36,419.0,4095,2,61272.44810466435,3.0069166619796306,TrES-5,False,True,True,False
observations/2026-08-20/TRES-5/session_01/TRES-5260820104815.fits,2026-08-20,TRES-5,2026-08-20T10:48:15.529,61272.45,60.0,Clear,34.551,36,418.0,4095,1,61272.450179733794,2.9881000018212944,TrES-5,False,True,True,False
observations/2026-08-20/TRES-5/session_01/TRES-5260820105115.fits,2026-08-20,TRES-5,2026-08-20T10:51:15.859,61272.452,60.0,Clear,34.172,36,443.0,2999,0,61272.452266886576,3.005500005092472,TrES-5,False,True,False,False
observations/2026-08-20/TRES-5/session_01/TRES-5260820105415.fits,2026-08-20,TRES-5,2026-08-20T10:54:15.228,61272.454,60.0,Clear,33.792,36,439.0,3118,0,61272.454342916666,2.9894833301659673,TrES-5,False,True,False,False
observations/2026-08-20/TRES-5/session_01/TRES-5260820105715.fits,2026-08-20,TRES-5,2026-08-20T10:57:15.645,61272.456,60.0,Clear,33.414,36,451.0,2899,0,61272.45643107639,3.0069500009994954,TrES-5,False,True,False,False
observations/2026-08-20/TRES-5/session_01/TRES-5260820110016.fits,2026-08-20,TRES-5,2026-08-20T11:00:16.932,61272.459,60.0,Clear,33.035,36,445.0,2905,0,61272.45852930556,3.0214500019792467,TrES-5,False,True,False,False
observations/2026-08-20/TRES-5/session_01/TRES-5260820110315.fits,2026-08-20,TRES-5,2026-08-20T11:03:15.371,61272.461,60.0,Clear,32.657,78,430.0,3279,0,61272.460594571756,2.9739833262283355,TrES-5,False,False,False,False
observations/2026-08-20/TRES-5/session_01/TRES-5260820110615.fits,2026-08-20,TRES-5,2026-08-20T11:06:15.666,61272.463,60.0,Clear,32.28,78,424.0,3591,0,61272.46268131944,3.0049166665412486,TrES-5,False,False,False,False
observations/2026-08-20/TRES-5/session_01/TRES-5260820110916.fits,2026-08-20,TRES-5,2026-08-20T11:09:16.123,61272.465,60.0,Clear,31.904,78,430.0,3117,0,61272.46476994213,3.0076166766230017,TrES-5,False,False,False,False
observations/2026-08-20/TRES-5/session_01/TRES-5260820111216.fits,2026-08-20,TRES-5,2026-08-20T11:12:16.421,61272.467,60.0,Clear,31.528,78,429.0,4095,4,61272.46685672454,3.004966664593667,TrES-5,False,False,True,False
observations/2026-08-20/TRES-5/session_01/TRES-5260820111516.fits,2026-08-20,TRES-5,2026-08-20T11:15:16.990,61272.469,60.0,Clear,31.15,78,428.0,4095,24,61272.468946643516,3.0094833264593035,TrES-5,False,False,True,False
observations/2026-08-20/TRES-5/session_01/TRES-5260820111815.fits,2026-08-20,TRES-5,2026-08-20T11:18:15.410,61272.471,60.0,Clear,30.778,78,425.0,4095,27,61272.47101168981,2.9736666684038937,TrES-5,False,False,True,False
observations/2026-08-20/TRES-5/session_01/TRES-5260820112115.fits,2026-08-20,TRES-5,2026-08-20T11:21:15.746,61272.473,60.0,Clear,30.404,78,424.0,4095,33,61272.473098912036,3.0056000011973083,TrES-5,False,False,True,False
observations/2026-08-20/TRES-5/session_01/TRES-5260820112416.fits,2026-08-20,TRES-5,2026-08-20T11:24:16.108,61272.475,60.0,Clear,30.031,78,425.0,4095,30,61272.475186435186,3.006033335113898,TrES-5,False,False,True,False
observations/2026-08-20/TRES-5/session_01/TRES-5260820112716.fits,2026-08-20,TRES-5,2026-08-20T11:27:16.465,61272.477,60.0,Clear,29.659,78,433.0,4095,20,61272.47727390046,3.005949998041615,TrES-5,True,False,True,False
observations/2026-08-20/TRES-5/session_01/TRES-5260820113015.fits,2026-08-20,TRES-5,2026-08-20T11:30:15.883,61272.479,60.0,Clear,29.288,78,415.0,4095,55,61272.479350497684,2.9902999999467283,TrES-5,True,False,True,False
observations/2026-08-20/TRES-5/session_01/TRES-5260820113316.fits,2026-08-20,TRES-5,2026-08-20T11:33:16.141,61272.481,60.0,Clear,28.917,94,427.0,4095,33,61272.48143681713,3.0042999994475394,TrES-5,True,False,True,False
observations/2026-08-20/TRES-5/session_01/TRES-5260820113615.fits,2026-08-20,TRES-5,2026-08-20T11:36:15.570,61272.484,60.0,Clear,28.548,94,429.0,4095,34,61272.483513541665,2.990483333123848,TrES-5,True,False,True,False
observations/2026-08-20/TRES-5/session_01/TRES-5260820113915.fits,2026-08-20,TRES-5,2026-08-20T11:39:15.889,61272.486,60.0,Clear,28.18,94,424.0,4095,48,61272.48560056713,3.0053166719153523,TrES-5,True,False,True,False
observations/2026-08-20/TRES-5/session_01/TRES-5260820114216.fits,2026-08-20,TRES-5,2026-08-20T11:42:16.266,61272.488,60.0,Clear,27.813,94,431.0,4095,40,61272.487688263886,3.006283325375989,TrES-5,True,False,True,False
observations/2026-08-20/TRES-5/session_01/TRES-5260820114515.fits,2026-08-20,TRES-5,2026-08-20T11:45:15.673,61272.49,60.0,Clear,27.446,94,439.0,4095,39,61272.48976473379,2.990116666769609,TrES-5,True,False,True,False
observations/2026-08-20/TRES-5/session_01/TRES-5260820114817.fits,2026-08-20,TRES-5,2026-08-20T11:48:17.145,61272.492,60.0,Clear,27.079,94,463.0,4095,26,61272.491865104166,3.0245333374477923,TrES-5,True,False,True,False
observations/2026-08-20/TRES-5/session_01/TRES-5260820115115.fits,2026-08-20,TRES-5,2026-08-20T11:51:15.525,61272.494,60.0,Clear,26.718,94,512.0,4095,18,61272.4939296875,2.9730000032577664,TrES-5,True,False,True,False
observations/2026-08-20/TRES-5/session_01/TRES-5260820115415.fits,2026-08-20,TRES-5,2026-08-20T11:54:15.870,61272.496,60.0,Clear,26.355,94,517.0,4095,38,61272.49601701389,3.005749995354563,TrES-5,True,False,True,False
observations/2026-08-20/TRES-5/session_01/TRES-5260820115716.fits,2026-08-20,TRES-5,2026-08-20T11:57:16.276,61272.498,60.0,Clear,25.993,94,563.0,4095,48,61272.498105046296,3.006766667822376,TrES-5,True,False,True,False
observations/2026-08-20/TRES-5/session_01/TRES-5260820120508.fits,2026-08-20,TRES-5,2026-08-20T12:05:08.479,61272.504,60.0,Clear,25.05,94,1046.0,4095,59,61272.50357035879,7.8700499958358705,TrES-5,True,False,True,True
observations/2026-08-20/TRES-5/session_01/TRES-5260820121301.fits,2026-08-20,TRES-5,2026-08-20T12:13:01.883,61272.509,60.0,Clear,24.115,99,3432.0,4095,294,61272.50904957176,7.890066672116518,TrES-5,True,False,True,True
observations/2026-08-20/TRES-5/session_01/TRES-5260820122059.fits,2026-08-20,TRES-5,2026-08-20T12:20:59.071,61272.515,60.0,Clear,23.183,99,4095.0,4095,324623,61272.51457258102,7.953133337432519,TrES-5,True,False,True,True
observations/2026-08-26/TRES-5/session_01/TRES-5260826064446.fits,2026-08-26,TRES-5,2026-08-26T06:44:46.938,61278.281,60.0,Clear,59.253,100,530.0,4095,17,61278.28109881945,,TrES-5,False,False,True,False
observations/2026-08-26/TRES-5/session_01/TRES-5260826064630.fits,2026-08-26,TRES-5,2026-08-26T06:46:30.182,61278.282,60.0,Clear,59.131,100,530.0,4095,17,61278.28229377315,1.720733328256756,TrES-5,False,False,True,False
observations/2026-08-26/TRES-5/session_01/TRES-5260826064815.fits,2026-08-26,TRES-5,2026-08-26T06:48:15.285,61278.284,60.0,Clear,59.004,100,529.0,4095,14,61278.283510243054,1.7517166666220874,TrES-5,False,False,True,False
observations/2026-08-26/TRES-5/session_01/TRES-5260826065116.fits,2026-08-26,TRES-5,2026-08-26T06:51:16.826,61278.286,60.0,Clear,58.78,100,528.0,4095,14,61278.28561141204,3.0256833345629275,TrES-5,False,False,True,False
observations/2026-08-26/TRES-5/session_01/TRES-5260826065416.fits,2026-08-26,TRES-5,2026-08-26T06:54:16.151,61278.288,60.0,Clear,58.552,100,529.0,4095,18,61278.28768693287,2.9887499974574894,TrES-5,False,False,True,False
observations/2026-08-26/TRES-5/session_01/TRES-5260826065715.fits,2026-08-26,TRES-5,2026-08-26T06:57:15.561,61278.29,60.0,Clear,58.317,100,530.0,4095,19,61278.2897634375,2.990166664822027,TrES-5,False,False,True,False
observations/2026-08-26/TRES-5/session_01/TRES-5260826070015.fits,2026-08-26,TRES-5,2026-08-26T07:00:15.915,61278.292,60.0,Clear,58.077,100,530.0,4095,17,61278.29185086805,3.0058999999891967,TrES-5,False,False,True,False
observations/2026-08-26/TRES-5/session_01/TRES-5260826070315.fits,2026-08-26,TRES-5,2026-08-26T07:03:15.462,61278.294,60.0,Clear,57.83,100,530.0,4095,22,61278.29392895833,2.992450000019744,TrES-5,False,False,True,False
observations/2026-08-26/TRES-5/session_01/TRES-5260826070615.fits,2026-08-26,TRES-5,2026-08-26T07:06:15.907,61278.296,60.0,Clear,57.579,100,532.0,4095,14,61278.29601744213,3.00741667393595,TrES-5,False,False,True,False
observations/2026-08-26/TRES-5/session_01/TRES-5260826070915.fits,2026-08-26,TRES-5,2026-08-26T07:09:15.178,61278.298,60.0,Clear,57.323,100,532.0,4095,18,61278.298092337965,2.9878500010818243,TrES-5,False,False,True,False
observations/2026-08-26/TRES-5/session_01/TRES-5260826071215.fits,2026-08-26,TRES-5,2026-08-26T07:12:15.486,61278.3,60.0,Clear,57.059,100,532.0,4095,21,61278.30017923611,3.005133328260854,TrES-5,False,False,True,False
observations/2026-08-26/TRES-5/session_01/TRES-5260826071516.fits,2026-08-26,TRES-5,2026-08-26T07:15:16.786,61278.302,60.0,Clear,56.791,100,532.0,4095,16,61278.30227761574,3.021666663698852,TrES-5,False,False,True,False
observations/2026-08-26/TRES-5/session_01/TRES-5260826071816.fits,2026-08-26,TRES-5,2026-08-26T07:18:16.058,61278.304,60.0,Clear,56.518,100,532.0,4095,23,61278.30435252315,2.9878666705917567,TrES-5,False,False,True,False
observations/2026-08-26/TRES-5/session_01/TRES-5260826072115.fits,2026-08-26,TRES-5,2026-08-26T07:21:15.402,61278.306,60.0,Clear,56.241,100,533.0,4095,21,61278.30642826389,2.98906666575931,TrES-5,False,False,True,False
observations/2026-08-26/TRES-5/session_01/TRES-5260826072415.fits,2026-08-26,TRES-5,2026-08-26T07:24:15.946,61278.309,60.0,Clear,55.959,100,533.0,4095,16,61278.30851789352,3.0090666725300252,TrES-5,False,False,True,False
observations/2026-08-26/TRES-5/session_01/TRES-5260826072716.fits,2026-08-26,TRES-5,2026-08-26T07:27:16.276,61278.311,60.0,Clear,55.672,100,534.0,4095,18,61278.310605046296,3.005499994615093,TrES-5,False,False,True,False
observations/2026-08-26/TRES-5/session_01/TRES-5260826073016.fits,2026-08-26,TRES-5,2026-08-26T07:30:16.840,61278.313,60.0,Clear,55.381,100,534.0,4095,19,61278.31269490741,3.0093999998643994,TrES-5,False,False,True,False
observations/2026-08-26/TRES-5/session_01/TRES-5260826073315.fits,2026-08-26,TRES-5,2026-08-26T07:33:15.153,61278.315,60.0,Clear,55.087,100,534.0,4095,17,61278.31475871528,2.971883334685117,TrES-5,False,False,True,False
observations/2026-08-26/TRES-5/session_01/TRES-5260826073615.fits,2026-08-26,TRES-5,2026-08-26T07:36:15.494,61278.317,60.0,Clear,54.786,100,532.0,4095,21,61278.31684599537,3.0056833277922124,TrES-5,False,False,True,False
observations/2026-08-26/TRES-5/session_01/TRES-5260826073915.fits,2026-08-26,TRES-5,2026-08-26T07:39:15.966,61278.319,60.0,Clear,54.482,100,532.0,4095,19,61278.31893479166,3.007866666885093,TrES-5,False,False,True,False
observations/2026-08-26/TRES-5/session_01/TRES-5260826074215.fits,2026-08-26,TRES-5,2026-08-26T07:42:15.489,61278.321,60.0,Clear,54.175,100,532.0,4095,20,61278.32101260417,2.992050005123019,TrES-5,False,False,True,False
observations/2026-08-26/TRES-5/session_01/TRES-5260826074516.fits,2026-08-26,TRES-5,2026-08-26T07:45:16.822,61278.323,60.0,Clear,53.864,100,532.0,4095,22,61278.32311136574,3.0222166632302105,TrES-5,False,False,True,False
observations/2026-08-26/TRES-5/session_01/TRES-5260826074815.fits,2026-08-26,TRES-5,2026-08-26T07:48:15.159,61278.325,60.0,Clear,53.549,100,533.0,4095,21,61278.32517545139,2.972283340059221,TrES-5,False,False,True,False
observations/2026-08-26/TRES-5/session_01/TRES-5260826075115.fits,2026-08-26,TRES-5,2026-08-26T07:51:15.531,61278.327,60.0,Clear,53.231,100,531.0,4095,18,61278.32726309028,3.006199998781085,TrES-5,False,False,True,False
observations/2026-08-26/TRES-5/session_01/TRES-5260826075416.fits,2026-08-26,TRES-5,2026-08-26T07:54:16.985,61278.329,60.0,Clear,52.91,100,532.0,4095,19,61278.32936325231,3.024233328178525,TrES-5,False,False,True,False
observations/2026-08-26/TRES-5/session_01/TRES-5260826075716.fits,2026-08-26,TRES-5,2026-08-26T07:57:16.437,61278.331,60.0,Clear,52.585,100,533.0,4095,19,61278.331440243055,2.9908666689880192,TrES-5,False,False,True,False
observations/2026-08-26/TRES-5/session_01/TRES-5260826080015.fits,2026-08-26,TRES-5,2026-08-26T08:00:15.998,61278.334,60.0,Clear,52.257,100,534.0,4095,20,61278.33351849537,2.9926833312492818,TrES-5,False,False,True,False
observations/2026-08-26/TRES-5/session_01/TRES-5260826080315.fits,2026-08-26,TRES-5,2026-08-26T08:03:15.405,61278.336,60.0,Clear,51.926,100,534.0,4095,22,61278.335594965276,2.990116666769609,TrES-5,False,False,True,False
observations/2026-08-26/TRES-5/session_01/TRES-5260826080615.fits,2026-08-26,TRES-5,2026-08-26T08:06:15.786,61278.338,60.0,Clear,51.592,100,534.0,4095,23,61278.337682708334,3.0063500034157187,TrES-5,False,False,True,False
observations/2026-08-26/TRES-5/session_01/TRES-5260826080916.fits,2026-08-26,TRES-5,2026-08-26T08:09:16.034,61278.34,60.0,Clear,51.256,100,534.0,4095,16,61278.33976891204,3.0041333357803524,TrES-5,False,False,True,False
observations/2026-08-26/TRES-5/session_01/TRES-5260826081215.fits,2026-08-26,TRES-5,2026-08-26T08:12:15.515,61278.342,60.0,Clear,50.917,100,535.0,4095,17,61278.34184623843,2.991350000957027,TrES-5,False,False,True,False
observations/2026-08-26/TRES-5/session_01/TRES-5260826081516.fits,2026-08-26,TRES-5,2026-08-26T08:15:16.870,61278.344,60.0,Clear,50.575,100,536.0,4095,22,61278.34394525463,3.0225833295844495,TrES-5,False,False,True,False
observations/2026-08-26/TRES-5/session_01/TRES-5260826081815.fits,2026-08-26,TRES-5,2026-08-26T08:18:15.252,61278.346,60.0,Clear,50.231,100,536.0,4095,18,61278.34600986111,2.973033331800252,TrES-5,False,False,True,False
observations/2026-08-26/TRES-5/session_01/TRES-5260826082115.fits,2026-08-26,TRES-5,2026-08-26T08:21:15.808,61278.348,60.0,Clear,49.884,100,536.0,4095,18,61278.34809962963,3.009266664739698,TrES-5,False,False,True,False
observations/2026-08-26/TRES-5/session_01/TRES-5260826082415.fits,2026-08-26,TRES-5,2026-08-26T08:24:15.183,61278.35,60.0,Clear,49.535,100,535.0,4095,21,61278.35017572917,2.9895833367481828,TrES-5,False,False,True,False
observations/2026-08-26/TRES-5/session_01/TRES-5260826082715.fits,2026-08-26,TRES-5,2026-08-26T08:27:15.586,61278.352,60.0,Clear,49.184,100,536.0,4095,19,61278.352263726854,3.0067166697699577,TrES-5,False,False,True,False
observations/2026-08-26/TRES-5/session_01/TRES-5260826083015.fits,2026-08-26,TRES-5,2026-08-26T08:30:15.930,61278.354,60.0,Clear,48.831,100,535.0,4095,19,61278.354351041664,3.0057333258446306,TrES-5,False,False,True,False
observations/2026-08-26/TRES-5/session_01/TRES-5260826083316.fits,2026-08-26,TRES-5,2026-08-26T08:33:16.321,61278.356,60.0,Clear,48.475,100,534.0,4095,21,61278.35643890046,3.0065166670829058,TrES-5,False,False,True,False
observations/2026-08-26/TRES-5/session_01/TRES-5260826083616.fits,2026-08-26,TRES-5,2026-08-26T08:36:16.690,61278.359,60.0,Clear,48.118,100,534.0,4095,13,61278.35852650463,3.006150000728667,TrES-5,False,False,True,False
observations/2026-08-26/TRES-5/session_01/TRES-5260826083915.fits,2026-08-26,TRES-5,2026-08-26T08:39:15.949,61278.361,60.0,Clear,47.759,100,534.0,4095,19,61278.36060126157,2.9876499983947724,TrES-5,False,False,True,False
observations/2026-08-26/TRES-5/session_01/TRES-5260826084215.fits,2026-08-26,TRES-5,2026-08-26T08:42:15.381,61278.363,60.0,Clear,47.399,100,533.0,4095,18,61278.362678020836,2.990533341653645,TrES-5,False,False,True,False
observations/2026-08-26/TRES-5/session_01/TRES-5260826084515.fits,2026-08-26,TRES-5,2026-08-26T08:45:15.749,61278.365,60.0,Clear,47.036,100,532.0,4095,16,61278.36476561343,3.0061333312187344,TrES-5,False,False,True,False
observations/2026-08-26/TRES-5/session_01/TRES-5260826084816.fits,2026-08-26,TRES-5,2026-08-26T08:48:16.157,61278.367,60.0,Clear,46.673,100,533.0,4095,18,61278.36685366898,3.0067999963648617,TrES-5,False,False,True,False
observations/2026-08-26/TRES-5/session_01/TRES-5260826085116.fits,2026-08-26,TRES-5,2026-08-26T08:51:16.477,61278.369,60.0,Clear,46.307,100,533.0,4095,16,61278.368940706016,3.005333330947906,TrES-5,False,False,True,False
observations/2026-08-26/TRES-5/session_01/TRES-5260826085417.fits,2026-08-26,TRES-5,2026-08-26T08:54:17.089,61278.371,60.0,Clear,45.938,100,532.0,4095,20,61278.37103112268,3.010200000135228,TrES-5,False,False,True,False
observations/2026-08-26/TRES-5/session_01/TRES-5260826085715.fits,2026-08-26,TRES-5,2026-08-26T08:57:15.521,61278.373,60.0,Clear,45.572,100,533.0,4095,17,61278.37309630787,2.9738666710909456,TrES-5,False,False,True,False
observations/2026-08-26/TRES-5/session_01/TRES-5260826090015.fits,2026-08-26,TRES-5,2026-08-26T09:00:15.978,61278.375,60.0,Clear,45.203,100,533.0,4095,15,61278.375184930555,3.0076166661456227,TrES-5,False,False,True,False
observations/2026-08-26/TRES-5/session_01/TRES-5260826090315.fits,2026-08-26,TRES-5,2026-08-26T09:03:15.330,61278.377,60.0,Clear,44.832,100,533.0,4095,21,61278.37726076389,2.9892000008840114,TrES-5,False,False,True,False
observations/2026-08-26/TRES-5/session_01/TRES-5260826090615.fits,2026-08-26,TRES-5,2026-08-26T09:06:15.712,61278.379,60.0,Clear,44.461,100,533.0,4095,21,61278.379348518516,3.006366662448272,TrES-5,False,False,True,False
observations/2026-08-26/TRES-5/session_01/TRES-5260826090916.fits,2026-08-26,TRES-5,2026-08-26T09:09:16.026,61278.381,60.0,Clear,44.088,100,534.0,4095,19,61278.38143548611,3.0052333348430693,TrES-5,False,False,True,False
observations/2026-08-26/TRES-5/session_01/TRES-5260826091215.fits,2026-08-26,TRES-5,2026-08-26T09:12:15.469,61278.384,60.0,Clear,43.714,100,533.0,4095,14,61278.38351237268,2.9907166643533856,TrES-5,False,False,True,False
observations/2026-08-26/TRES-5/session_01/TRES-5260826091515.fits,2026-08-26,TRES-5,2026-08-26T09:15:15.843,61278.386,60.0,Clear,43.339,100,534.0,4095,14,61278.38560003472,3.00623333780095,TrES-5,False,False,True,False
observations/2026-08-26/TRES-5/session_01/TRES-5260826091815.fits,2026-08-26,TRES-5,2026-08-26T09:18:15.335,61278.388,60.0,Clear,42.964,100,533.0,4095,18,61278.38767748843,2.9915333341341466,TrES-5,False,False,True,False
observations/2026-08-26/TRES-5/session_01/TRES-5260826092115.fits,2026-08-26,TRES-5,2026-08-26T09:21:15.647,61278.39,60.0,Clear,42.588,100,533.0,4095,22,61278.38976443287,3.0051999958232045,TrES-5,False,False,True,False
observations/2026-08-26/TRES-5/session_01/TRES-5260826092415.fits,2026-08-26,TRES-5,2026-08-26T09:24:15.181,61278.392,60.0,Clear,42.21,100,533.0,4095,16,61278.39184237269,2.9922333383001387,TrES-5,False,False,True,False
observations/2026-08-26/TRES-5/session_01/TRES-5260826092715.fits,2026-08-26,TRES-5,2026-08-26T09:27:15.488,61278.394,60.0,Clear,41.833,100,532.0,4095,21,61278.39392925926,3.0051166692283005,TrES-5,False,False,True,False
observations/2026-08-26/TRES-5/session_01/TRES-5260826093016.fits,2026-08-26,TRES-5,2026-08-26T09:30:16.947,61278.396,60.0,Clear,41.452,100,532.0,4095,18,61278.39602947917,3.024316665250808,TrES-5,False,False,True,False
observations/2026-08-26/TRES-5/session_01/TRES-5260826093315.fits,2026-08-26,TRES-5,2026-08-26T09:33:15.303,61278.398,60.0,Clear,41.076,100,531.0,4095,20,61278.39809378472,2.9725999978836626,TrES-5,False,False,True,False
observations/2026-08-26/TRES-5/session_01/TRES-5260826093615.fits,2026-08-26,TRES-5,2026-08-26T09:36:15.700,61278.4,60.0,Clear,40.696,100,532.0,4095,18,61278.40018171296,3.0066166631877422,TrES-5,False,False,True,False
observations/2026-08-26/TRES-5/session_01/TRES-5260826093916.fits,2026-08-26,TRES-5,2026-08-26T09:39:16.030,61278.402,60.0,Clear,40.316,100,532.0,4095,16,61278.40226886574,3.005500005092472,TrES-5,False,False,True,False
observations/2026-08-26/TRES-5/session_01/TRES-5260826094215.fits,2026-08-26,TRES-5,2026-08-26T09:42:15.461,61278.404,60.0,Clear,39.936,100,531.0,4095,16,61278.404345613424,2.9905166616663337,TrES-5,False,False,True,False
observations/2026-08-26/TRES-5/session_01/TRES-5260826094515.fits,2026-08-26,TRES-5,2026-08-26T09:45:15.817,61278.406,60.0,Clear,39.556,100,531.0,4095,18,61278.40643306713,3.0059333390090615,TrES-5,False,False,True,False
observations/2026-08-26/TRES-5/session_01/TRES-5260826094816.fits,2026-08-26,TRES-5,2026-08-26T09:48:16.183,61278.409,60.0,Clear,39.175,100,531.0,4095,18,61278.40852063657,3.0060999921988696,TrES-5,False,False,True,False
observations/2026-08-26/TRES-5/session_01/TRES-5260826095115.fits,2026-08-26,TRES-5,2026-08-26T09:51:15.537,61278.411,60.0,Clear,38.794,100,531.0,4095,16,61278.41059649306,2.989233339903876,TrES-5,False,False,True,False
observations/2026-08-26/TRES-5/session_01/TRES-5260826095415.fits,2026-08-26,TRES-5,2026-08-26T09:54:15.968,61278.413,60.0,Clear,38.413,100,530.0,4095,15,61278.412684814815,3.007183332229033,TrES-5,False,False,True,False
observations/2026-08-26/TRES-5/session_01/TRES-5260826095715.fits,2026-08-26,TRES-5,2026-08-26T09:57:15.334,61278.415,60.0,Clear,38.032,100,531.0,4095,15,61278.414760810185,2.989433332113549,TrES-5,False,False,True,False
observations/2026-08-26/TRES-5/session_01/TRES-5260826100015.fits,2026-08-26,TRES-5,2026-08-26T10:00:15.755,61278.417,60.0,Clear,37.65,100,530.0,4095,15,61278.416849016205,3.007016668561846,TrES-5,False,False,True,False
observations/2026-08-26/TRES-5/session_01/TRES-5260826100315.fits,2026-08-26,TRES-5,2026-08-26T10:03:15.142,61278.419,60.0,Clear,37.269,100,530.0,4095,17,61278.41892525463,2.9897833289578557,TrES-5,False,False,True,False
observations/2026-08-26/TRES-5/session_01/TRES-5260826100615.fits,2026-08-26,TRES-5,2026-08-26T10:06:15.497,61278.421,60.0,Clear,36.888,100,529.0,4095,18,61278.42101269676,3.005916669499129,TrES-5,False,False,True,False
observations/2026-08-26/TRES-5/session_01/TRES-5260826100915.fits,2026-08-26,TRES-5,2026-08-26T10:09:15.880,61278.423,60.0,Clear,36.506,100,529.0,4095,19,61278.42310046296,3.0063833319582045,TrES-5,False,False,True,False
observations/2026-08-26/TRES-5/session_01/TRES-5260826101215.fits,2026-08-26,TRES-5,2026-08-26T10:12:15.321,61278.425,60.0,Clear,36.125,100,528.0,4095,18,61278.42517732639,2.9906833358108997,TrES-5,False,False,True,False
observations/2026-08-26/TRES-5/session_01/TRES-5260826101516.fits,2026-08-26,TRES-5,2026-08-26T10:15:16.712,61278.427,60.0,Clear,35.744,100,526.0,4095,21,61278.42727675926,3.023183337645605,TrES-5,False,False,True,False
observations/2026-08-26/TRES-5/session_01/TRES-5260826101817.fits,2026-08-26,TRES-5,2026-08-26T10:18:17.153,61278.429,60.0,Clear,35.362,100,525.0,4095,20,61278.42936519676,3.00734999589622,TrES-5,False,False,True,False
observations/2026-08-26/TRES-5/session_01/TRES-5260826102115.fits,2026-08-26,TRES-5,2026-08-26T10:21:15.525,61278.431,60.0,Clear,34.983,100,524.0,4095,19,61278.4314296875,2.972866668133065,TrES-5,False,False,True,False
observations/2026-08-29/TRES-5/session_01/TRES-5260829055250.fits,2026-08-29,TRES-5,2026-08-29T05:52:50.942,61281.245,60.0,Clear,61.442,94,608.0,4095,44,61281.245034050924,,TrES-5,False,False,True,False
observations/2026-08-29/TRES-5/session_01/TRES-5260829055721.fits,2026-08-29,TRES-5,2026-08-29T05:57:21.979,61281.248,60.0,Clear,61.265,94,607.0,4095,31,61281.24817105324,4.517283331369981,TrES-5,False,False,True,False
observations/2026-08-29/TRES-5/session_01/TRES-5260829060207.fits,2026-08-29,TRES-5,2026-08-29T06:02:07.961,61281.251,60.0,Clear,61.058,99,606.0,4095,27,61281.25148103009,4.76636667153798,TrES-5,False,False,True,False
observations/2026-08-29/TRES-5/session_01/TRES-5260829060706.fits,2026-08-29,TRES-5,2026-08-29T06:07:06.017,61281.255,60.0,Clear,60.821,99,610.0,4095,27,61281.254930752315,4.967600000090897,TrES-5,False,False,True,False
observations/2026-08-29/TRES-5/session_01/TRES-5260829060851.fits,2026-08-29,TRES-5,2026-08-29T06:08:51.200,61281.256,60.0,Clear,60.732,99,611.0,4095,23,61281.256148148146,1.753049996914342,TrES-5,False,False,True,False
observations/2026-08-29/TRES-5/session_01/TRES-5260829061035.fits,2026-08-29,TRES-5,2026-08-29T06:10:35.381,61281.257,60.0,Clear,60.641,99,611.0,4095,29,61281.257353946756,1.7363499978091568,TrES-5,False,False,True,False
observations/2026-08-29/TRES-5/session_01/TRES-5260829061219.fits,2026-08-29,TRES-5,2026-08-29T06:12:19.532,61281.259,60.0,Clear,60.548,99,610.0,4095,32,61281.25855939815,1.7358500068075955,TrES-5,False,False,True,False
observations/2026-08-29/TRES-5/session_01/TRES-5260829061402.fits,2026-08-29,TRES-5,2026-08-29T06:14:02.685,61281.26,60.0,Clear,60.453,99,610.0,4095,30,61281.25975329861,1.7192166647873819,TrES-5,False,False,True,False
observations/2026-08-29/TRES-5/session_01/TRES-5260829061546.fits,2026-08-29,TRES-5,2026-08-29T06:15:46.847,61281.261,60.0,Clear,60.355,99,610.0,4095,27,61281.26095887731,1.736033329507336,TrES-5,False,False,True,False
observations/2026-08-29/TRES-5/session_01/TRES-5260829061815.fits,2026-08-29,TRES-5,2026-08-29T06:18:15.305,61281.263,60.0,Clear,60.211,99,609.0,4095,25,61281.2626771412,2.4743000033777207,TrES-5,False,False,True,False
observations/2026-08-29/TRES-5/session_01/TRES-5260829062115.fits,2026-08-29,TRES-5,2026-08-29T06:21:15.772,61281.265,60.0,Clear,60.029,99,608.0,4095,25,61281.26476587963,3.00778332981281,TrES-5,False,False,True,False
observations/2026-08-29/TRES-5/session_01/TRES-5260829062415.fits,2026-08-29,TRES-5,2026-08-29T06:24:15.338,61281.267,60.0,Clear,59.841,99,608.0,4095,27,61281.26684418981,2.992766668321565,TrES-5,False,False,True,False
observations/2026-08-29/TRES-5/session_01/TRES-5260829062715.fits,2026-08-29,TRES-5,2026-08-29T06:27:15.729,61281.269,60.0,Clear,59.645,99,607.0,4095,21,61281.26893204861,3.0065166670829058,TrES-5,False,False,True,False
observations/2026-08-29/TRES-5/session_01/TRES-5260829063015.fits,2026-08-29,TRES-5,2026-08-29T06:30:15.212,61281.271,60.0,Clear,59.443,99,606.0,4095,26,61281.27100939815,2.991383339976892,TrES-5,False,False,True,False
observations/2026-08-29/TRES-5/session_01/TRES-5260829063315.fits,2026-08-29,TRES-5,2026-08-29T06:33:15.700,61281.273,60.0,Clear,59.233,100,607.0,4095,25,61281.27309837963,3.0081333266571164,TrES-5,False,False,True,False
observations/2026-08-29/TRES-5/session_01/TRES-5260829063616.fits,2026-08-29,TRES-5,2026-08-29T06:36:16.131,61281.275,60.0,Clear,59.018,100,610.0,4095,21,61281.27518670139,3.007183332229033,TrES-5,False,False,True,False
observations/2026-08-29/TRES-5/session_01/TRES-5260829063915.fits,2026-08-29,TRES-5,2026-08-29T06:39:15.551,61281.277,60.0,Clear,58.796,100,609.0,4095,24,61281.27726332176,2.990333338966593,TrES-5,False,False,True,False
observations/2026-08-29/TRES-5/session_01/TRES-5260829064216.fits,2026-08-29,TRES-5,2026-08-29T06:42:16.888,61281.279,60.0,Clear,58.566,100,609.0,4095,26,61281.27936212963,3.022283330792561,TrES-5,False,False,True,False
observations/2026-08-29/TRES-5/session_01/TRES-5260829064515.fits,2026-08-29,TRES-5,2026-08-29T06:45:15.161,61281.281,60.0,Clear,58.333,100,609.0,4095,24,61281.28142547454,2.9712166695389897,TrES-5,False,False,True,False
observations/2026-08-29/TRES-5/session_01/TRES-5260829064815.fits,2026-08-29,TRES-5,2026-08-29T06:48:15.637,61281.284,60.0,Clear,58.093,100,609.0,4095,21,61281.28351431713,3.0079333344474435,TrES-5,False,False,True,False
observations/2026-08-29/TRES-5/session_01/TRES-5260829065115.fits,2026-08-29,TRES-5,2026-08-29T06:51:15.957,61281.286,60.0,Clear,57.847,100,612.0,4095,23,61281.28560135417,3.005333330947906,TrES-5,False,False,True,False
observations/2026-08-29/TRES-5/session_01/TRES-5260829065415.fits,2026-08-29,TRES-5,2026-08-29T06:54:15.369,61281.288,60.0,Clear,57.596,100,614.0,4095,26,61281.28767788194,2.990199993364513,TrES-5,False,False,True,False
observations/2026-08-29/TRES-5/session_01/TRES-5260829065715.fits,2026-08-29,TRES-5,2026-08-29T06:57:15.811,61281.29,60.0,Clear,57.339,100,614.0,4095,24,61281.28976633102,3.0073666758835316,TrES-5,False,False,True,False
observations/2026-08-29/TRES-5/session_01/TRES-5260829070015.fits,2026-08-29,TRES-5,2026-08-29T07:00:15.243,61281.292,60.0,Clear,57.077,100,616.0,4095,23,61281.29184309028,2.990533331176266,TrES-5,False,False,True,False
observations/2026-08-29/TRES-5/session_01/TRES-5260829070315.fits,2026-08-29,TRES-5,2026-08-29T07:03:15.751,61281.294,60.0,Clear,56.809,100,618.0,4095,24,61281.29393230324,3.0084666644688696,TrES-5,False,False,True,False
observations/2026-08-29/TRES-5/session_01/TRES-5260829070615.fits,2026-08-29,TRES-5,2026-08-29T07:06:15.168,61281.296,60.0,Clear,56.539,100,620.0,4095,25,61281.29600888889,2.990283330436796,TrES-5,False,False,True,False
observations/2026-08-29/TRES-5/session_01/TRES-5260829070915.fits,2026-08-29,TRES-5,2026-08-29T07:09:15.569,61281.298,60.0,Clear,56.26,100,620.0,4095,25,61281.29809686343,3.006683341227472,TrES-5,False,False,True,False
observations/2026-08-29/TRES-5/session_01/TRES-5260829071215.fits,2026-08-29,TRES-5,2026-08-29T07:12:15.980,61281.3,60.0,Clear,55.978,100,623.0,4095,25,61281.3001849537,3.00684999441728,TrES-5,False,False,True,False
observations/2026-08-29/TRES-5/session_01/TRES-5260829071516.fits,2026-08-29,TRES-5,2026-08-29T07:15:16.498,61281.302,60.0,Clear,55.692,100,625.0,4095,22,61281.30227428241,3.0086333386134356,TrES-5,False,False,True,False
observations/2026-08-29/TRES-5/session_01/TRES-5260829071815.fits,2026-08-29,TRES-5,2026-08-29T07:18:15.850,61281.304,60.0,Clear,55.401,100,626.0,4095,24,61281.30435011574,2.9891999904066324,TrES-5,False,False,True,False
observations/2026-08-29/TRES-5/session_01/TRES-5260829072115.fits,2026-08-29,TRES-5,2026-08-29T07:21:15.178,61281.306,60.0,Clear,55.106,100,626.0,4095,24,61281.3064256713,2.9888000059872866,TrES-5,False,False,True,False
observations/2026-08-29/TRES-5/session_01/TRES-5260829072415.fits,2026-08-29,TRES-5,2026-08-29T07:24:15.633,61281.309,60.0,Clear,54.806,100,627.0,4095,24,61281.30851427084,3.007583337603137,TrES-5,False,False,True,False
observations/2026-08-29/TRES-5/session_01/TRES-5260829072716.fits,2026-08-29,TRES-5,2026-08-29T07:27:16.103,61281.311,60.0,Clear,54.503,100,628.0,4095,26,61281.31060304398,3.007833327865228,TrES-5,False,False,True,False
observations/2026-08-29/TRES-5/session_01/TRES-5260829073016.fits,2026-08-29,TRES-5,2026-08-29T07:30:16.518,61281.313,60.0,Clear,54.196,100,629.0,4095,28,61281.31269118055,3.0069166619796306,TrES-5,False,False,True,False
observations/2026-08-29/TRES-5/session_01/TRES-5260829073315.fits,2026-08-29,TRES-5,2026-08-29T07:33:15.964,61281.315,60.0,Clear,53.885,100,629.0,4095,25,61281.31476810185,2.9907666728831828,TrES-5,False,False,True,False
observations/2026-08-29/TRES-5/session_01/TRES-5260829073615.fits,2026-08-29,TRES-5,2026-08-29T07:36:15.339,61281.317,60.0,Clear,53.571,100,630.0,4095,25,61281.31684420139,2.9895833367481828,TrES-5,False,False,True,False
observations/2026-08-29/TRES-5/session_01/TRES-5260829073915.fits,2026-08-29,TRES-5,2026-08-29T07:39:15.722,61281.319,60.0,Clear,53.253,100,632.0,4095,24,61281.318931967595,3.0063833319582045,TrES-5,False,False,True,False
observations/2026-08-29/TRES-5/session_01/TRES-5260829074217.fits,2026-08-29,TRES-5,2026-08-29T07:42:17.091,61281.321,60.0,Clear,52.93,100,633.0,4095,24,61281.32103114583,3.0228166608139873,TrES-5,False,False,True,False
observations/2026-08-29/TRES-5/session_01/TRES-5260829074515.fits,2026-08-29,TRES-5,2026-08-29T07:45:15.537,61281.323,60.0,Clear,52.607,100,633.0,4095,25,61281.323096493055,2.9741000023204833,TrES-5,False,False,True,False
observations/2026-08-29/TRES-5/session_01/TRES-5260829074815.fits,2026-08-29,TRES-5,2026-08-29T07:48:15.862,61281.325,60.0,Clear,52.279,100,633.0,4095,23,61281.325183587964,3.005416668020189,TrES-5,False,False,True,False
observations/2026-08-29/TRES-5/session_01/TRES-5260829075115.fits,2026-08-29,TRES-5,2026-08-29T07:51:15.293,61281.327,60.0,Clear,51.949,100,636.0,4095,22,61281.327260335645,2.9905166616663337,TrES-5,False,False,True,False
observations/2026-08-29/TRES-5/session_01/TRES-5260829075415.fits,2026-08-29,TRES-5,2026-08-29T07:54:15.677,61281.329,60.0,Clear,51.615,100,636.0,4095,23,61281.329348113424,3.006400001468137,TrES-5,False,False,True,False
observations/2026-08-29/TRES-5/session_01/TRES-5260829075716.fits,2026-08-29,TRES-5,2026-08-29T07:57:16.066,61281.331,60.0,Clear,51.279,100,633.0,4095,20,61281.331435949076,3.00648333854042,TrES-5,False,False,True,False
observations/2026-08-29/TRES-5/session_01/TRES-5260829080015.fits,2026-08-29,TRES-5,2026-08-29T08:00:15.420,61281.334,60.0,Clear,50.94,100,636.0,4095,24,61281.333511805555,2.989233329426497,TrES-5,False,False,True,False
observations/2026-08-29/TRES-5/session_01/TRES-5260829080315.fits,2026-08-29,TRES-5,2026-08-29T08:03:15.854,61281.336,60.0,Clear,50.598,100,636.0,4095,24,61281.335600162034,3.0072333302814513,TrES-5,False,False,True,False
observations/2026-08-29/TRES-5/session_01/TRES-5260829080615.fits,2026-08-29,TRES-5,2026-08-29T08:06:15.282,61281.338,60.0,Clear,50.254,100,639.0,4095,24,61281.337676875,2.9904666740912944,TrES-5,False,False,True,False
observations/2026-08-29/TRES-5/session_01/TRES-5260829080915.fits,2026-08-29,TRES-5,2026-08-29T08:09:15.663,61281.34,60.0,Clear,49.908,100,641.0,4095,22,61281.33976461805,3.0063499929383397,TrES-5,False,False,True,False
observations/2026-08-29/TRES-5/session_01/TRES-5260829081216.fits,2026-08-29,TRES-5,2026-08-29T08:12:16.129,61281.342,60.0,Clear,49.559,100,641.0,4095,23,61281.34185334491,3.0077666707802564,TrES-5,False,False,True,False
observations/2026-08-29/TRES-5/session_01/TRES-5260829081515.fits,2026-08-29,TRES-5,2026-08-29T08:15:15.528,61281.344,60.0,Clear,49.208,100,642.0,4095,23,61281.34392972222,2.9899833316449076,TrES-5,False,False,True,False
observations/2026-08-29/TRES-5/session_01/TRES-5260829081815.fits,2026-08-29,TRES-5,2026-08-29T08:18:15.920,61281.346,60.0,Clear,48.855,100,644.0,4095,21,61281.346017592594,3.006533336592838,TrES-5,False,False,True,False
observations/2026-08-29/TRES-5/session_01/TRES-5260829082115.fits,2026-08-29,TRES-5,2026-08-29T08:21:15.467,61281.348,60.0,Clear,48.5,100,645.0,4095,23,61281.34809568287,2.992450000019744,TrES-5,False,False,True,False
observations/2026-08-29/TRES-5/session_01/TRES-5260829082415.fits,2026-08-29,TRES-5,2026-08-29T08:24:15.856,61281.35,60.0,Clear,48.143,100,646.0,4095,23,61281.350183518516,3.006483328063041,TrES-5,False,False,True,False
observations/2026-08-29/TRES-5/session_01/TRES-5260829082715.fits,2026-08-29,TRES-5,2026-08-29T08:27:15.404,61281.352,60.0,Clear,47.784,100,651.0,4095,27,61281.35226162037,2.9924666695296764,TrES-5,False,False,True,False
observations/2026-08-29/TRES-5/session_01/TRES-5260829083016.fits,2026-08-29,TRES-5,2026-08-29T08:30:16.906,61281.354,60.0,Clear,47.423,100,651.0,4095,24,61281.35436233797,3.0250333389267325,TrES-5,False,False,True,False
observations/2026-08-29/TRES-5/session_01/TRES-5260829083315.fits,2026-08-29,TRES-5,2026-08-29T08:33:15.277,61281.356,60.0,Clear,47.063,100,652.0,4095,23,61281.35642681713,2.9728499986231327,TrES-5,False,False,True,False
observations/2026-08-29/TRES-5/session_01/TRES-5260829083615.fits,2026-08-29,TRES-5,2026-08-29T08:36:15.754,61281.359,60.0,Clear,46.697,100,649.0,4095,23,61281.358515671294,3.007949993479997,TrES-5,False,False,True,False
observations/2026-08-29/TRES-5/session_01/TRES-5260829083915.fits,2026-08-29,TRES-5,2026-08-29T08:39:15.249,61281.361,60.0,Clear,46.334,100,648.0,4095,23,61281.36059315972,2.991583332186565,TrES-5,False,False,True,False
observations/2026-08-29/TRES-5/session_01/TRES-5260829084215.fits,2026-08-29,TRES-5,2026-08-29T08:42:15.643,61281.363,60.0,Clear,45.965,100,651.0,4095,23,61281.362681053244,3.006566675612703,TrES-5,False,False,True,False
observations/2026-08-29/TRES-5/session_01/TRES-5260829084516.fits,2026-08-29,TRES-5,2026-08-29T08:45:16.078,61281.365,60.0,Clear,45.597,100,655.0,4095,22,61281.3647694213,3.0072499997913837,TrES-5,False,False,True,False
observations/2026-08-29/TRES-5/session_01/TRES-5260829084815.fits,2026-08-29,TRES-5,2026-08-29T08:48:15.461,61281.367,60.0,Clear,45.228,100,661.0,4095,21,61281.366845613426,2.989716661395505,TrES-5,False,False,True,False
observations/2026-08-29/TRES-5/session_01/TRES-5260829085115.fits,2026-08-29,TRES-5,2026-08-29T08:51:15.906,61281.369,60.0,Clear,44.858,100,661.0,4095,26,61281.36893409722,3.007416663458571,TrES-5,False,False,True,False
observations/2026-08-29/TRES-5/session_01/TRES-5260829085415.fits,2026-08-29,TRES-5,2026-08-29T08:54:15.345,61281.371,60.0,Clear,44.486,100,662.0,4095,22,61281.3710109375,2.990650007268414,TrES-5,False,False,True,False
observations/2026-08-29/TRES-5/session_01/TRES-5260829085715.fits,2026-08-29,TRES-5,2026-08-29T08:57:15.871,61281.373,60.0,Clear,44.113,100,661.0,4095,22,61281.3731003588,3.008766663260758,TrES-5,False,False,True,False
observations/2026-08-29/TRES-5/session_01/TRES-5260829090015.fits,2026-08-29,TRES-5,2026-08-29T09:00:15.275,61281.375,60.0,Clear,43.74,100,663.0,4095,24,61281.37517679398,2.9900666687171906,TrES-5,False,False,True,False
observations/2026-08-29/TRES-5/session_01/TRES-5260829090315.fits,2026-08-29,TRES-5,2026-08-29T09:03:15.642,61281.377,60.0,Clear,43.365,100,665.0,4095,28,61281.377264375,3.006116661708802,TrES-5,False,False,True,False
observations/2026-08-29/TRES-5/session_01/TRES-5260829090617.fits,2026-08-29,TRES-5,2026-08-29T09:06:17.119,61281.379,60.0,Clear,42.987,100,669.0,4095,27,61281.379364803244,3.0246166745200753,TrES-5,False,False,True,False
observations/2026-08-29/TRES-5/session_01/TRES-5260829090915.fits,2026-08-29,TRES-5,2026-08-29T09:09:15.603,61281.381,60.0,Clear,42.613,100,669.0,4095,23,61281.38143059028,2.974733328446746,TrES-5,False,False,True,False
observations/2026-08-29/TRES-5/session_01/TRES-5260829091216.fits,2026-08-29,TRES-5,2026-08-29T09:12:16.082,61281.384,60.0,Clear,42.236,100,668.0,4095,21,61281.38351946759,3.0079833324998617,TrES-5,False,False,True,False
observations/2026-08-29/TRES-5/session_01/TRES-5260829091516.fits,2026-08-29,TRES-5,2026-08-29T09:15:16.553,61281.386,60.0,Clear,41.859,100,666.0,4095,26,61281.38560825231,3.0078499973751605,TrES-5,False,False,True,False
observations/2026-08-29/TRES-5/session_01/TRES-5260829091817.fits,2026-08-29,TRES-5,2026-08-29T09:18:17.035,61281.388,60.0,Clear,41.478,100,667.0,4095,25,61281.387697164355,3.008033341029659,TrES-5,False,False,True,False
observations/2026-08-29/TRES-5/session_01/TRES-5260829092115.fits,2026-08-29,TRES-5,2026-08-29T09:21:15.391,61281.39,60.0,Clear,41.101,100,667.0,4095,20,61281.38976146991,2.9725999978836626,TrES-5,False,False,True,False
observations/2026-08-29/TRES-5/session_01/TRES-5260829092415.fits,2026-08-29,TRES-5,2026-08-29T09:24:15.733,61281.392,60.0,Clear,40.722,100,668.0,4095,29,61281.391848761574,3.0056999973021448,TrES-5,False,False,True,False
observations/2026-08-29/TRES-5/session_01/TRES-5260829092716.fits,2026-08-29,TRES-5,2026-08-29T09:27:16.120,61281.394,60.0,Clear,40.34,100,668.0,4095,25,61281.39393657407,3.006449999520555,TrES-5,False,False,True,False
observations/2026-08-29/TRES-5/session_01/TRES-5260829093015.fits,2026-08-29,TRES-5,2026-08-29T09:30:15.547,61281.396,60.0,Clear,39.962,100,670.0,4095,23,61281.396013275466,2.990450004581362,TrES-5,False,False,True,False
observations/2026-09-01/TRES-5/session_01/TRES-5260901050038.fits,2026-09-01,TRES-5,2026-09-01T05:00:38.463,61284.209,60.0,Clear,62.144,42,491.0,4095,19,61284.208778506945,,TrES-5,False,True,True,False
observations/2026-09-01/TRES-5/session_01/TRES-5260901050316.fits,2026-09-01,TRES-5,2026-09-01T05:03:16.101,61284.211,60.0,Clear,62.148,61,485.0,4095,22,61284.21060302083,2.6272999949287623,TrES-5,False,False,True,False
observations/2026-09-01/TRES-5/session_01/TRES-5260901050615.fits,2026-09-01,TRES-5,2026-09-01T05:06:15.402,61284.213,60.0,Clear,62.144,61,486.0,4095,20,61284.21267826389,2.9883500025607646,TrES-5,False,False,True,False
observations/2026-09-01/TRES-5/session_01/TRES-5260901050915.fits,2026-09-01,TRES-5,2026-09-01T05:09:15.809,61284.215,60.0,Clear,62.131,61,493.0,4095,16,61284.21476630787,3.0067833373323083,TrES-5,False,False,True,False
observations/2026-09-01/TRES-5/session_01/TRES-5260901051215.fits,2026-09-01,TRES-5,2026-09-01T05:12:15.242,61284.217,60.0,Clear,62.109,61,499.0,4095,20,61284.216843078706,2.9905500006861985,TrES-5,False,False,True,False
observations/2026-09-01/TRES-5/session_01/TRES-5260901051515.fits,2026-09-01,TRES-5,2026-09-01T05:15:15.609,61284.219,60.0,Clear,62.078,61,585.0,4095,2,61284.21893065972,3.006116661708802,TrES-5,False,False,True,False
observations/2026-09-01/TRES-5/session_01/TRES-5260901051816.fits,2026-09-01,TRES-5,2026-09-01T05:18:16.067,61284.221,60.0,Clear,62.037,61,551.0,4095,14,61284.22101929398,3.007633335655555,TrES-5,False,False,True,False
observations/2026-09-01/TRES-5/session_01/TRES-5260901052115.fits,2026-09-01,TRES-5,2026-09-01T05:21:15.437,61284.223,60.0,Clear,61.988,61,469.0,4095,30,61284.22309533565,2.9894999996758997,TrES-5,False,False,True,False
observations/2026-09-01/TRES-5/session_01/TRES-5260901052415.fits,2026-09-01,TRES-5,2026-09-01T05:24:15.888,61284.225,60.0,Clear,61.93,61,474.0,4095,29,61284.22518388889,3.0075166700407863,TrES-5,False,False,True,False
observations/2026-09-01/TRES-5/session_01/TRES-5260901052716.fits,2026-09-01,TRES-5,2026-09-01T05:27:16.284,61284.227,60.0,Clear,61.862,61,546.0,4095,20,61284.227271805554,3.00659999367781,TrES-5,False,False,True,False
observations/2026-09-01/TRES-5/session_01/TRES-5260901053015.fits,2026-09-01,TRES-5,2026-09-01T05:30:15.759,61284.229,60.0,Clear,61.786,61,553.0,4095,12,61284.2293490625,2.9912500048521906,TrES-5,False,False,True,False
observations/2026-09-01/TRES-5/session_01/TRES-5260901053316.fits,2026-09-01,TRES-5,2026-09-01T05:33:16.046,61284.231,60.0,Clear,61.702,70,602.0,4095,5,61284.23143571759,3.0047833314165473,TrES-5,False,False,True,False
observations/2026-09-01/TRES-5/session_01/TRES-5260901053615.fits,2026-09-01,TRES-5,2026-09-01T05:36:15.477,61284.234,60.0,Clear,61.608,70,605.0,4095,4,61284.233512465275,2.9905166616663337,TrES-5,False,False,True,False
observations/2026-09-01/TRES-5/session_01/TRES-5260901053916.fits,2026-09-01,TRES-5,2026-09-01T05:39:16.007,61284.236,60.0,Clear,61.506,70,534.0,4095,17,61284.23560193287,3.0088333413004875,TrES-5,False,False,True,False
observations/2026-09-01/TRES-5/session_01/TRES-5260901054215.fits,2026-09-01,TRES-5,2026-09-01T05:42:15.410,61284.238,60.0,Clear,61.396,70,471.0,4095,36,61284.23767835648,2.9900499992072582,TrES-5,False,False,True,False
observations/2026-09-01/TRES-5/session_01/TRES-5260901054516.fits,2026-09-01,TRES-5,2026-09-01T05:45:16.706,61284.24,60.0,Clear,61.277,70,453.0,4095,41,61284.239776689814,3.0215999961365014,TrES-5,False,False,True,False
observations/2026-09-01/TRES-5/session_01/TRES-5260901054817.fits,2026-09-01,TRES-5,2026-09-01T05:48:17.082,61284.242,60.0,Clear,61.15,70,453.0,4095,41,61284.241864375,3.0062666663434356,TrES-5,False,False,True,False
observations/2026-09-01/TRES-5/session_01/TRES-5260901055115.fits,2026-09-01,TRES-5,2026-09-01T05:51:15.516,61284.244,60.0,Clear,61.015,70,454.0,4095,37,61284.24392958333,2.9738999996334314,TrES-5,False,False,True,False
observations/2026-09-01/TRES-5/session_01/TRES-5260901055415.fits,2026-09-01,TRES-5,2026-09-01T05:54:15.828,61284.246,60.0,Clear,60.872,70,455.0,4095,38,61284.24601652778,3.0052000063005835,TrES-5,False,False,True,False
observations/2026-09-01/TRES-5/session_01/TRES-5260901055716.fits,2026-09-01,TRES-5,2026-09-01T05:57:16.309,61284.248,60.0,Clear,60.721,70,454.0,4095,39,61284.24810542824,3.0080166610423476,TrES-5,False,False,True,False
observations/2026-09-01/TRES-5/session_01/TRES-5260901060015.fits,2026-09-01,TRES-5,2026-09-01T06:00:15.818,61284.25,60.0,Clear,60.563,70,453.0,4095,36,61284.2501830787,2.9918166634161025,TrES-5,False,False,True,False
observations/2026-09-01/TRES-5/session_01/TRES-5260901060315.fits,2026-09-01,TRES-5,2026-09-01T06:03:15.197,61284.252,60.0,Clear,60.396,97,455.0,4095,35,61284.25225922454,2.9896500043105334,TrES-5,False,False,True,False
observations/2026-09-01/TRES-5/session_01/TRES-5260901060615.fits,2026-09-01,TRES-5,2026-09-01T06:06:15.643,61284.254,60.0,Clear,60.223,97,456.0,4095,37,61284.25434771991,3.0074333329685032,TrES-5,False,False,True,False
observations/2026-09-01/TRES-5/session_01/TRES-5260901060916.fits,2026-09-01,TRES-5,2026-09-01T06:09:16.056,61284.256,60.0,Clear,60.042,97,456.0,4095,46,61284.25643583333,3.0068833334371448,TrES-5,False,False,True,False
observations/2026-09-01/TRES-5/session_01/TRES-5260901061215.fits,2026-09-01,TRES-5,2026-09-01T06:12:15.444,61284.259,60.0,Clear,59.854,97,456.0,4095,41,61284.25851208333,2.989799998467788,TrES-5,False,False,True,False
observations/2026-09-01/TRES-5/session_01/TRES-5260901061515.fits,2026-09-01,TRES-5,2026-09-01T06:15:15.835,61284.261,60.0,Clear,59.659,97,457.0,4095,38,61284.26059994213,3.0065166670829058,TrES-5,False,False,True,False
observations/2026-09-01/TRES-5/session_01/TRES-5260901061815.fits,2026-09-01,TRES-5,2026-09-01T06:18:15.219,61284.263,60.0,Clear,59.457,97,458.0,4095,38,61284.26267614583,2.9897333309054375,TrES-5,False,False,True,False
observations/2026-09-01/TRES-5/session_01/TRES-5260901062115.fits,2026-09-01,TRES-5,2026-09-01T06:21:15.654,61284.265,60.0,Clear,59.248,97,458.0,4095,40,61284.264764513886,3.0072499997913837,TrES-5,False,False,True,False
observations/2026-09-01/TRES-5/session_01/TRES-5260901062416.fits,2026-09-01,TRES-5,2026-09-01T06:24:16.078,61284.267,60.0,Clear,59.033,97,458.0,4095,38,61284.26685275463,3.0070666666142642,TrES-5,False,False,True,False
observations/2026-09-01/TRES-5/session_01/TRES-5260901062715.fits,2026-09-01,TRES-5,2026-09-01T06:27:15.489,61284.269,60.0,Clear,58.811,97,459.0,4095,37,61284.26892927083,2.9901833343319595,TrES-5,False,False,True,False
observations/2026-09-01/TRES-5/session_01/TRES-5260901063015.fits,2026-09-01,TRES-5,2026-09-01T06:30:15.919,61284.271,60.0,Clear,58.583,97,459.0,4095,43,61284.27101758102,3.0071666731964797,TrES-5,False,False,True,False
observations/2026-09-01/TRES-5/session_01/TRES-5260901063315.fits,2026-09-01,TRES-5,2026-09-01T06:33:15.289,61284.273,60.0,Clear,58.35,100,459.0,4095,40,61284.27309362269,2.9894999996758997,TrES-5,False,False,True,False
observations/2026-09-01/TRES-5/session_01/TRES-5260901063615.fits,2026-09-01,TRES-5,2026-09-01T06:36:15.686,61284.275,60.0,Clear,58.11,100,460.0,4095,38,61284.275181550925,3.0066166631877422,TrES-5,False,False,True,False
observations/2026-09-01/TRES-5/session_01/TRES-5260901063916.fits,2026-09-01,TRES-5,2026-09-01T06:39:16.065,61284.277,60.0,Clear,57.864,100,461.0,4095,39,61284.27726927083,3.006316664395854,TrES-5,False,False,True,False
observations/2026-09-01/TRES-5/session_01/TRES-5260901064215.fits,2026-09-01,TRES-5,2026-09-01T06:42:15.426,61284.279,60.0,Clear,57.613,100,461.0,4095,33,61284.279345208335,2.989350005518645,TrES-5,False,False,True,False
observations/2026-09-01/TRES-5/session_01/TRES-5260901064516.fits,2026-09-01,TRES-5,2026-09-01T06:45:16.939,61284.281,60.0,Clear,57.355,100,461.0,4095,41,61284.28144605324,3.025216661626473,TrES-5,False,False,True,False
observations/2026-09-01/TRES-5/session_01/TRES-5260901064815.fits,2026-09-01,TRES-5,2026-09-01T06:48:15.440,61284.284,60.0,Clear,57.095,100,462.0,4095,40,61284.28351203704,2.975016668206081,TrES-5,False,False,True,False
observations/2026-09-01/TRES-5/session_01/TRES-5260901065116.fits,2026-09-01,TRES-5,2026-09-01T06:51:16.998,61284.286,60.0,Clear,56.826,100,462.0,4095,42,61284.285613402775,3.0259666638448834,TrES-5,False,False,True,False
observations/2026-09-01/TRES-5/session_01/TRES-5260901065416.fits,2026-09-01,TRES-5,2026-09-01T06:54:16.579,61284.288,60.0,Clear,56.556,100,462.0,4095,39,61284.28769188657,2.993016669061035,TrES-5,False,False,True,False
observations/2026-09-01/TRES-5/session_01/TRES-5260901065716.fits,2026-09-01,TRES-5,2026-09-01T06:57:16.013,61284.29,60.0,Clear,56.279,100,462.0,4095,40,61284.28976866898,2.990566670196131,TrES-5,False,False,True,False
observations/2026-09-01/TRES-5/session_01/TRES-5260901070016.fits,2026-09-01,TRES-5,2026-09-01T07:00:16.416,61284.292,60.0,Clear,55.997,100,461.0,4095,33,61284.29185666666,3.0067166592925787,TrES-5,False,False,True,False
observations/2026-09-01/TRES-5/session_01/TRES-5260901070315.fits,2026-09-01,TRES-5,2026-09-01T07:03:15.860,61284.294,60.0,Clear,55.711,100,461.0,4095,42,61284.29393356481,2.990733333863318,TrES-5,False,False,True,False
observations/2026-09-01/TRES-5/session_01/TRES-5260901070615.fits,2026-09-01,TRES-5,2026-09-01T07:06:15.288,61284.296,60.0,Clear,55.421,100,461.0,4095,32,61284.29601027778,2.9904666740912944,TrES-5,False,False,True,False
observations/2026-09-01/TRES-5/session_01/TRES-5260901070915.fits,2026-09-01,TRES-5,2026-09-01T07:09:15.655,61284.298,60.0,Clear,55.126,100,461.0,4095,38,61284.298097858795,3.006116661708802,TrES-5,False,False,True,False
observations/2026-09-01/TRES-5/session_01/TRES-5260901071215.fits,2026-09-01,TRES-5,2026-09-01T07:12:15.223,61284.3,60.0,Clear,54.827,100,460.0,4095,45,61284.30017619213,2.9928000073414296,TrES-5,False,False,True,False
observations/2026-09-01/TRES-5/session_01/TRES-5260901071515.fits,2026-09-01,TRES-5,2026-09-01T07:15:15.634,61284.302,60.0,Clear,54.524,100,461.0,4095,48,61284.30226428241,3.00684999441728,TrES-5,False,False,True,False
observations/2026-09-01/TRES-5/session_01/TRES-5260901071817.fits,2026-09-01,TRES-5,2026-09-01T07:18:17.004,61284.304,60.0,Clear,54.215,100,460.0,4095,39,61284.30436347222,3.0228333303239197,TrES-5,False,False,True,False
observations/2026-09-01/TRES-5/session_01/TRES-5260901072115.fits,2026-09-01,TRES-5,2026-09-01T07:21:15.502,61284.306,60.0,Clear,53.907,100,460.0,4095,45,61284.306429421296,2.9749666701536626,TrES-5,False,False,True,False
observations/2026-09-01/TRES-5/session_01/TRES-5260901072416.fits,2026-09-01,TRES-5,2026-09-01T07:24:16.035,61284.309,60.0,Clear,53.592,100,461.0,4095,39,61284.30851892361,3.008883328875527,TrES-5,False,False,True,False
observations/2026-09-01/TRES-5/session_01/TRES-5260901072715.fits,2026-09-01,TRES-5,2026-09-01T07:27:15.413,61284.311,60.0,Clear,53.275,100,460.0,4095,41,61284.31059505787,2.989633334800601,TrES-5,False,False,True,False
observations/2026-09-01/TRES-5/session_01/TRES-5260901073015.fits,2026-09-01,TRES-5,2026-09-01T07:30:15.790,61284.313,60.0,Clear,52.954,100,460.0,4095,46,61284.31268275463,3.006283335853368,TrES-5,False,False,True,False
observations/2026-09-01/TRES-5/session_01/TRES-5260901073315.fits,2026-09-01,TRES-5,2026-09-01T07:33:15.372,61284.315,60.0,Clear,52.629,100,460.0,4095,42,61284.31476125,2.9930333385709673,TrES-5,False,False,True,False
observations/2026-09-01/TRES-5/session_01/TRES-5260901073616.fits,2026-09-01,TRES-5,2026-09-01T07:36:16.756,61284.317,60.0,Clear,52.302,100,460.0,4095,39,61284.31686060185,3.0230666615534574,TrES-5,False,False,True,False
observations/2026-09-01/TRES-5/session_01/TRES-5260901073915.fits,2026-09-01,TRES-5,2026-09-01T07:39:15.234,61284.319,60.0,Clear,51.971,100,461.0,4095,36,61284.31892631944,2.9746333323419094,TrES-5,False,False,True,False
observations/2026-09-01/TRES-5/session_01/TRES-5260901074215.fits,2026-09-01,TRES-5,2026-09-01T07:42:15.613,61284.321,60.0,Clear,51.638,100,460.0,4095,41,61284.32101403935,3.006316664395854,TrES-5,False,False,True,False
observations/2026-09-01/TRES-5/session_01/TRES-5260901074516.fits,2026-09-01,TRES-5,2026-09-01T07:45:16.047,61284.323,60.0,Clear,51.302,100,460.0,4095,40,61284.323102395836,3.0072333407588303,TrES-5,False,False,True,False
observations/2026-09-01/TRES-5/session_01/TRES-5260901074815.fits,2026-09-01,TRES-5,2026-09-01T07:48:15.566,61284.325,60.0,Clear,50.963,100,460.0,4095,48,61284.325180162035,2.9919833270832896,TrES-5,False,False,True,False
observations/2026-09-01/TRES-5/session_01/TRES-5260901075115.fits,2026-09-01,TRES-5,2026-09-01T07:51:15.969,61284.327,60.0,Clear,50.622,100,460.0,4095,54,61284.32726815972,3.0067166697699577,TrES-5,False,False,True,False
observations/2026-09-01/TRES-5/session_01/TRES-5260901075415.fits,2026-09-01,TRES-5,2026-09-01T07:54:15.373,61284.329,60.0,Clear,50.278,100,460.0,4095,44,61284.32934459491,2.9900666687171906,TrES-5,False,False,True,False
observations/2026-09-01/TRES-5/session_01/TRES-5260901075715.fits,2026-09-01,TRES-5,2026-09-01T07:57:15.770,61284.331,60.0,Clear,49.931,100,459.0,4095,42,61284.33143252315,3.0066166631877422,TrES-5,False,False,True,False
observations/2026-09-01/TRES-5/session_01/TRES-5260901080015.fits,2026-09-01,TRES-5,2026-09-01T08:00:15.175,61284.334,60.0,Clear,49.585,100,459.0,4095,51,61284.33350896991,2.990083338227123,TrES-5,False,False,True,False
observations/2026-09-01/TRES-5/session_01/TRES-5260901080315.fits,2026-09-01,TRES-5,2026-09-01T08:03:15.604,61284.336,60.0,Clear,49.232,100,459.0,4095,39,61284.33559726852,3.0071499932091683,TrES-5,False,False,True,False
observations/2026-09-01/TRES-5/session_01/TRES-5260901080616.fits,2026-09-01,TRES-5,2026-09-01T08:06:16.015,61284.338,60.0,Clear,48.879,100,460.0,4095,38,61284.3376853588,3.006850004894659,TrES-5,False,False,True,False
observations/2026-09-01/TRES-5/session_01/TRES-5260901080916.fits,2026-09-01,TRES-5,2026-09-01T08:09:16.386,61284.34,60.0,Clear,48.524,100,461.0,4095,45,61284.33977298611,3.0061833292711526,TrES-5,False,False,True,False
observations/2026-09-01/TRES-5/session_01/TRES-5260901081215.fits,2026-09-01,TRES-5,2026-09-01T08:12:15.774,61284.342,60.0,Clear,48.167,100,462.0,4095,40,61284.34184923611,2.989799998467788,TrES-5,False,False,True,False
observations/2026-09-01/TRES-5/session_01/TRES-5260901081515.fits,2026-09-01,TRES-5,2026-09-01T08:15:15.201,61284.344,60.0,Clear,47.81,100,462.0,4095,57,61284.3439259375,2.990450004581362,TrES-5,False,False,True,False
observations/2026-09-01/TRES-5/session_01/TRES-5260901081815.fits,2026-09-01,TRES-5,2026-09-01T08:18:15.653,61284.346,60.0,Clear,47.448,100,462.0,4095,47,61284.34601450231,3.0075333290733397,TrES-5,False,False,True,False
observations/2026-09-01/TRES-5/session_01/TRES-5260901082116.fits,2026-09-01,TRES-5,2026-09-01T08:21:16.147,61284.348,60.0,Clear,47.086,100,462.0,4095,42,61284.34810355324,3.008233333239332,TrES-5,False,False,True,False
observations/2026-09-01/TRES-5/session_01/TRES-5260901082415.fits,2026-09-01,TRES-5,2026-09-01T08:24:15.598,61284.35,60.0,Clear,46.722,100,462.0,4095,44,61284.350180532405,2.990849999478087,TrES-5,False,False,True,False
observations/2026-09-01/TRES-5/session_01/TRES-5260901082715.fits,2026-09-01,TRES-5,2026-09-01T08:27:15.858,61284.352,60.0,Clear,46.357,100,462.0,4095,45,61284.352266875,3.0043333384674042,TrES-5,False,False,True,False
observations/2026-09-01/TRES-5/session_01/TRES-5260901083015.fits,2026-09-01,TRES-5,2026-09-01T08:30:15.361,61284.354,60.0,Clear,45.99,100,462.0,4095,44,61284.35434445602,2.991716667311266,TrES-5,False,False,True,False
observations/2026-09-01/TRES-5/session_01/TRES-5260901083315.fits,2026-09-01,TRES-5,2026-09-01T08:33:15.782,61284.356,60.0,Clear,45.623,100,463.0,4095,48,61284.35643266204,3.007016668561846,TrES-5,False,False,True,False
observations/2026-09-01/TRES-5/session_01/TRES-5260901083616.fits,2026-09-01,TRES-5,2026-09-01T08:36:16.076,61284.359,60.0,Clear,45.253,100,463.0,4095,39,61284.35851939815,3.004899997031316,TrES-5,False,False,True,False
observations/2026-09-01/TRES-5/session_01/TRES-5260901083915.fits,2026-09-01,TRES-5,2026-09-01T08:39:15.461,61284.361,60.0,Clear,44.885,100,463.0,4095,47,61284.36059561343,2.98975000041537,TrES-5,False,False,True,False
observations/2026-09-04/TRES-5/session_01/TRES-5260904041043.fits,2026-09-04,TRES-5,2026-09-04T04:10:43.762,61287.174,60.0,Clear,61.313,94,394.0,4095,54,61287.17411761574,,TrES-5,False,False,True,False
observations/2026-09-04/TRES-5/session_01/TRES-5260904041229.fits,2026-09-04,TRES-5,2026-09-04T04:12:29.912,61287.175,60.0,Clear,61.383,94,394.0,4095,40,61287.1753462037,1.769166667945683,TrES-5,False,False,True,False
observations/2026-09-04/TRES-5/session_01/TRES-5260904041515.fits,2026-09-04,TRES-5,2026-09-04T04:15:15.673,61287.177,60.0,Clear,61.486,94,394.0,4095,32,61287.17726473379,2.7626833319664,TrES-5,False,False,True,False
observations/2026-09-04/TRES-5/session_01/TRES-5260904041817.fits,2026-09-04,TRES-5,2026-09-04T04:18:17.080,61287.179,60.0,Clear,61.59,94,394.0,4095,36,61287.179364351854,3.0234500078950077,TrES-5,False,False,True,False
observations/2026-09-04/TRES-5/session_01/TRES-5260904042115.fits,2026-09-04,TRES-5,2026-09-04T04:21:15.406,61287.181,60.0,Clear,61.685,94,395.0,4095,38,61287.181428310185,2.9720999964047223,TrES-5,False,False,True,False
observations/2026-09-04/TRES-5/session_01/TRES-5260904042415.fits,2026-09-04,TRES-5,2026-09-04T04:24:15.892,61287.184,60.0,Clear,61.771,94,395.0,4095,30,61287.18351726852,3.0080999981146306,TrES-5,False,False,True,False
observations/2026-09-04/TRES-5/session_01/TRES-5260904042715.fits,2026-09-04,TRES-5,2026-09-04T04:27:15.222,61287.186,60.0,Clear,61.849,94,396.0,4095,27,61287.18559284722,2.9888333345297724,TrES-5,False,False,True,False
observations/2026-09-04/TRES-5/session_01/TRES-5260904043015.fits,2026-09-04,TRES-5,2026-09-04T04:30:15.587,61287.188,60.0,Clear,61.918,94,396.0,4095,30,61287.18768040509,3.006083333166316,TrES-5,False,False,True,False
observations/2026-09-04/TRES-5/session_01/TRES-5260904043316.fits,2026-09-04,TRES-5,2026-09-04T04:33:16.921,61287.19,60.0,Clear,61.978,100,396.0,4095,38,61287.18977917824,3.022233332740143,TrES-5,False,False,True,False
observations/2026-09-04/TRES-5/session_01/TRES-5260904043615.fits,2026-09-04,TRES-5,2026-09-04T04:36:15.325,61287.192,60.0,Clear,62.029,100,396.0,4095,36,61287.19184403935,2.973399998154491,TrES-5,False,False,True,False
observations/2026-09-04/TRES-5/session_01/TRES-5260904043915.fits,2026-09-04,TRES-5,2026-09-04T04:39:15.736,61287.194,60.0,Clear,62.071,100,396.0,4095,30,61287.19393212963,3.006850004894659,TrES-5,False,False,True,False
observations/2026-09-04/TRES-5/session_01/TRES-5260904044215.fits,2026-09-04,TRES-5,2026-09-04T04:42:15.163,61287.196,60.0,Clear,62.104,100,397.0,4095,35,61287.196008831015,2.990449994103983,TrES-5,False,False,True,False
observations/2026-09-04/TRES-5/session_01/TRES-5260904044516.fits,2026-09-04,TRES-5,2026-09-04T04:45:16.540,61287.198,60.0,Clear,62.128,100,398.0,4095,37,61287.19810810185,3.0229500064160675,TrES-5,False,False,True,False
observations/2026-09-04/TRES-5/session_01/TRES-5260904044816.fits,2026-09-04,TRES-5,2026-09-04T04:48:16.926,61287.2,60.0,Clear,62.143,100,398.0,4095,33,61287.20019590278,3.0064333300106227,TrES-5,False,False,True,False
observations/2026-09-04/TRES-5/session_01/TRES-5260904045115.fits,2026-09-04,TRES-5,2026-09-04T04:51:15.330,61287.202,60.0,Clear,62.148,100,397.0,4095,38,61287.20226076389,2.973399998154491,TrES-5,False,False,True,False
observations/2026-09-04/TRES-5/session_01/TRES-5260904045415.fits,2026-09-04,TRES-5,2026-09-04T04:54:15.642,61287.204,60.0,Clear,62.145,100,397.0,4095,30,61287.204347708335,3.0052000063005835,TrES-5,False,False,True,False
observations/2026-09-04/TRES-5/session_01/TRES-5260904045717.fits,2026-09-04,TRES-5,2026-09-04T04:57:17.017,61287.206,60.0,Clear,62.132,100,398.0,4095,39,61287.20644695602,3.0229166673962027,TrES-5,False,False,True,False
observations/2026-09-04/TRES-5/session_01/TRES-5260904050015.fits,2026-09-04,TRES-5,2026-09-04T05:00:15.285,61287.209,60.0,Clear,62.111,100,398.0,4095,38,61287.20851024306,2.9711333324667066,TrES-5,False,False,True,False
observations/2026-09-04/TRES-5/session_01/TRES-5260904050315.fits,2026-09-04,TRES-5,2026-09-04T05:03:15.718,61287.211,60.0,Clear,62.08,100,398.0,4095,28,61287.21059858796,3.007216660771519,TrES-5,False,False,True,False
observations/2026-09-04/TRES-5/session_01/TRES-5260904050616.fits,2026-09-04,TRES-5,2026-09-04T05:06:16.077,61287.213,60.0,Clear,62.04,100,398.0,4095,37,61287.21268607639,3.0059833370614797,TrES-5,False,False,True,False
observations/2026-09-04/TRES-5/session_01/TRES-5260904050915.fits,2026-09-04,TRES-5,2026-09-04T05:09:15.465,61287.215,60.0,Clear,61.992,100,397.0,4095,40,61287.21476232639,2.989799998467788,TrES-5,False,False,True,False
observations/2026-09-04/TRES-5/session_01/TRES-5260904051216.fits,2026-09-04,TRES-5,2026-09-04T05:12:16.750,61287.217,60.0,Clear,61.934,100,397.0,4095,36,61287.216860532404,3.021416662959382,TrES-5,False,False,True,False
observations/2026-09-04/TRES-5/session_01/TRES-5260904051516.fits,2026-09-04,TRES-5,2026-09-04T05:15:16.155,61287.219,60.0,Clear,61.867,100,397.0,4095,39,61287.21893697917,2.990083338227123,TrES-5,False,False,True,False
observations/2026-09-04/TRES-5/session_01/TRES-5260904051816.fits,2026-09-04,TRES-5,2026-09-04T05:18:16.504,61287.221,60.0,Clear,61.792,100,397.0,4095,35,61287.22102435185,3.0058166629169136,TrES-5,False,False,True,False
observations/2026-09-04/TRES-5/session_01/TRES-5260904052115.fits,2026-09-04,TRES-5,2026-09-04T05:21:15.936,61287.223,60.0,Clear,61.708,100,397.0,4095,37,61287.223101111114,2.990533341653645,TrES-5,False,False,True,False
observations/2026-09-04/TRES-5/session_01/TRES-5260904052415.fits,2026-09-04,TRES-5,2026-09-04T05:24:15.287,61287.225,60.0,Clear,61.615,100,397.0,4095,34,61287.22517693287,2.989183331374079,TrES-5,False,False,True,False
observations/2026-09-04/TRES-5/session_01/TRES-5260904052715.fits,2026-09-04,TRES-5,2026-09-04T05:27:15.861,61287.227,60.0,Clear,61.514,100,397.0,4095,32,61287.22726690972,3.0095666635315865,TrES-5,False,False,True,False
observations/2026-09-04/TRES-5/session_01/TRES-5260904053016.fits,2026-09-04,TRES-5,2026-09-04T05:30:16.202,61287.229,60.0,Clear,61.404,100,400.0,4095,13,61287.22935418982,3.0056833382695913,TrES-5,False,False,True,False
observations/2026-09-04/TRES-5/session_01/TRES-5260904053315.fits,2026-09-04,TRES-5,2026-09-04T05:33:15.515,61287.231,60.0,Clear,61.286,100,403.0,4095,4,61287.23142957176,2.9885499947704375,TrES-5,False,False,True,False
observations/2026-09-04/TRES-5/session_01/TRES-5260904053615.fits,2026-09-04,TRES-5,2026-09-04T05:36:15.772,61287.234,60.0,Clear,61.159,100,403.0,4095,5,61287.23351587963,3.004283329937607,TrES-5,False,False,True,False
observations/2026-09-04/TRES-5/session_01/TRES-5260904053916.fits,2026-09-04,TRES-5,2026-09-04T05:39:16.211,61287.236,60.0,Clear,61.025,100,400.0,4095,22,61287.23560429398,3.0073166673537344,TrES-5,False,False,True,False
observations/2026-09-04/TRES-5/session_01/TRES-5260904054215.fits,2026-09-04,TRES-5,2026-09-04T05:42:15.602,61287.238,60.0,Clear,60.882,100,399.0,4095,23,61287.237680578706,2.9898500069975853,TrES-5,False,False,True,False
observations/2026-09-04/TRES-5/session_01/TRES-5260904054515.fits,2026-09-04,TRES-5,2026-09-04T05:45:15.930,61287.24,60.0,Clear,60.732,100,399.0,4095,29,61287.239767708335,3.005466666072607,TrES-5,False,False,True,False
observations/2026-09-04/TRES-5/session_01/TRES-5260904054815.fits,2026-09-04,TRES-5,2026-09-04T05:48:15.180,61287.242,60.0,Clear,60.574,100,399.0,4095,28,61287.24184236111,2.9874999937601388,TrES-5,False,False,True,False
observations/2026-09-04/TRES-5/session_01/TRES-5260904055116.fits,2026-09-04,TRES-5,2026-09-04T05:51:16.491,61287.244,60.0,Clear,60.408,100,400.0,4095,30,61287.24394086806,3.0218500073533505,TrES-5,False,False,True,False
observations/2026-09-04/TRES-5/session_01/TRES-5260904055415.fits,2026-09-04,TRES-5,2026-09-04T05:54:15.969,61287.246,60.0,Clear,60.235,100,400.0,4095,32,61287.24601815972,2.99129999242723,TrES-5,False,False,True,False
observations/2026-09-04/TRES-5/session_01/TRES-5260904055715.fits,2026-09-04,TRES-5,2026-09-04T05:57:15.288,61287.248,60.0,Clear,60.054,100,400.0,4095,31,61287.24809361111,2.988650001352653,TrES-5,False,False,True,False
observations/2026-09-04/TRES-5/session_01/TRES-5260904060015.fits,2026-09-04,TRES-5,2026-09-04T06:00:15.773,61287.25,60.0,Clear,59.867,100,400.0,4095,33,61287.25018255787,3.008083339082077,TrES-5,False,False,True,False
observations/2026-09-04/TRES-5/session_01/TRES-5260904060317.fits,2026-09-04,TRES-5,2026-09-04T06:03:17.117,61287.252,60.0,Clear,59.671,100,400.0,4095,32,61287.25228144676,3.02239999640733,TrES-5,False,False,True,False
observations/2026-09-04/TRES-5/session_01/TRES-5260904060615.fits,2026-09-04,TRES-5,2026-09-04T06:06:15.451,61287.254,60.0,Clear,59.471,100,401.0,4095,31,61287.254345497684,2.9722333315294236,TrES-5,False,False,True,False
observations/2026-09-04/TRES-5/session_01/TRES-5260904060916.fits,2026-09-04,TRES-5,2026-09-04T06:09:16.814,61287.256,60.0,Clear,59.262,100,401.0,4095,30,61287.25644460648,3.022716664709151,TrES-5,False,False,True,False
observations/2026-09-04/TRES-5/session_01/TRES-5260904061215.fits,2026-09-04,TRES-5,2026-09-04T06:12:15.168,61287.259,60.0,Clear,59.048,100,402.0,4095,34,61287.25850888889,2.9725666693411767,TrES-5,False,False,True,False
observations/2026-09-04/TRES-5/session_01/TRES-5260904061515.fits,2026-09-04,TRES-5,2026-09-04T06:15:15.642,61287.261,60.0,Clear,58.826,100,403.0,4095,26,61287.26059770834,3.0079000059049577,TrES-5,False,False,True,False
observations/2026-09-04/TRES-5/session_01/TRES-5260904061816.fits,2026-09-04,TRES-5,2026-09-04T06:18:16.992,61287.263,60.0,Clear,58.598,100,403.0,4095,32,61287.262696666665,3.0224999925121665,TrES-5,False,False,True,False
observations/2026-09-04/TRES-5/session_01/TRES-5260904062115.fits,2026-09-04,TRES-5,2026-09-04T06:21:15.308,61287.265,60.0,Clear,58.366,100,404.0,4095,28,61287.26476050926,2.9719333327375352,TrES-5,False,False,True,False
observations/2026-09-04/TRES-5/session_01/TRES-5260904062415.fits,2026-09-04,TRES-5,2026-09-04T06:24:15.809,61287.267,60.0,Clear,58.126,100,405.0,4095,26,61287.2668496412,3.0083499988541007,TrES-5,False,False,True,False
observations/2026-09-04/TRES-5/session_01/TRES-5260904062715.fits,2026-09-04,TRES-5,2026-09-04T06:27:15.201,61287.269,60.0,Clear,57.881,100,405.0,4095,23,61287.2689259375,2.9898666660301387,TrES-5,False,False,True,False
observations/2026-09-04/TRES-5/session_01/TRES-5260904063015.fits,2026-09-04,TRES-5,2026-09-04T06:30:15.668,61287.271,60.0,Clear,57.63,100,405.0,4095,29,61287.27101467593,3.007783340290189,TrES-5,False,False,True,False
observations/2026-09-04/TRES-5/session_01/TRES-5260904063315.fits,2026-09-04,TRES-5,2026-09-04T06:33:15.190,61287.273,60.0,Clear,57.374,100,405.0,4095,35,61287.273092476855,2.992033335613087,TrES-5,False,False,True,False
observations/2026-09-04/TRES-5/session_01/TRES-5260904063615.fits,2026-09-04,TRES-5,2026-09-04T06:36:15.663,61287.275,60.0,Clear,57.113,100,406.0,4095,34,61287.27518128472,3.0078833259176463,TrES-5,False,False,True,False
observations/2026-09-04/TRES-5/session_01/TRES-5260904063917.fits,2026-09-04,TRES-5,2026-09-04T06:39:17.022,61287.277,60.0,Clear,56.845,100,406.0,4095,32,61287.277280347225,3.022650007624179,TrES-5,False,False,True,False
observations/2026-09-04/TRES-5/session_01/TRES-5260904064215.fits,2026-09-04,TRES-5,2026-09-04T06:42:15.504,61287.279,60.0,Clear,56.574,100,406.0,4095,32,61287.279346111114,2.97469999990426,TrES-5,False,False,True,False
observations/2026-09-04/TRES-5/session_01/TRES-5260904064515.fits,2026-09-04,TRES-5,2026-09-04T06:45:15.812,61287.281,60.0,Clear,56.298,100,406.0,4095,31,61287.28143300926,3.005133328260854,TrES-5,False,False,True,False
observations/2026-09-04/TRES-5/session_01/TRES-5260904064816.fits,2026-09-04,TRES-5,2026-09-04T06:48:16.272,61287.284,60.0,Clear,56.017,100,407.0,4095,27,61287.283521666664,3.007666664198041,TrES-5,False,False,True,False
observations/2026-09-04/TRES-5/session_01/TRES-5260904065116.fits,2026-09-04,TRES-5,2026-09-04T06:51:16.529,61287.286,60.0,Clear,55.731,100,407.0,4095,34,61287.28560797454,3.004283340414986,TrES-5,False,False,True,False
observations/2026-09-04/TRES-5/session_01/TRES-5260904065416.fits,2026-09-04,TRES-5,2026-09-04T06:54:16.926,61287.288,60.0,Clear,55.439,100,407.0,4095,37,61287.28769590278,3.0066166631877422,TrES-5,False,False,True,False
observations/2026-09-04/TRES-5/session_01/TRES-5260904065715.fits,2026-09-04,TRES-5,2026-09-04T06:57:15.220,61287.29,60.0,Clear,55.148,100,407.0,4095,32,61287.28975949074,2.9715666663832963,TrES-5,False,False,True,False
observations/2026-08-08/WASP-10/session_01/WASP-10260808054017.fits,2026-08-08,WASP-10,2026-08-08T05:40:17.063,61260.236,60.0,Clear,40.939,15,422.0,3192,0,61260.23630859954,,WASP-10,False,True,False,False
observations/2026-08-08/WASP-10/session_01/WASP-10260808054215.fits,2026-08-08,WASP-10,2026-08-08T05:42:15.507,61260.238,60.0,Clear,41.345,15,417.0,3188,0,61260.23767947916,1.9740666600409895,WASP-10,False,True,False,False
observations/2026-08-08/WASP-10/session_01/WASP-10260808054517.fits,2026-08-08,WASP-10,2026-08-08T05:45:17.004,61260.24,60.0,Clear,41.964,15,415.0,3174,0,61260.23978013889,3.0249500018544495,WASP-10,False,True,False,False
observations/2026-08-08/WASP-10/session_01/WASP-10260808054815.fits,2026-08-08,WASP-10,2026-08-08T05:48:15.493,61260.242,60.0,Clear,42.576,15,417.0,3149,0,61260.24184598379,2.974816665519029,WASP-10,False,True,False,False
observations/2026-08-08/WASP-10/session_01/WASP-10260808055116.fits,2026-08-08,WASP-10,2026-08-08T05:51:16.114,61260.244,60.0,Clear,43.197,15,419.0,3208,0,61260.24393650463,3.0103500047698617,WASP-10,False,True,False,False
observations/2026-08-08/WASP-10/session_01/WASP-10260808055415.fits,2026-08-08,WASP-10,2026-08-08T05:54:15.517,61260.246,60.0,Clear,43.811,15,416.0,4095,9,61260.24601292824,2.9900499992072582,WASP-10,False,True,True,False
observations/2026-08-08/WASP-10/session_01/WASP-10260808055715.fits,2026-08-08,WASP-10,2026-08-08T05:57:15.940,61260.248,60.0,Clear,44.429,15,417.0,3176,0,61260.248101157405,3.007049997104332,WASP-10,False,True,False,False
observations/2026-08-08/WASP-10/session_01/WASP-10260808060016.fits,2026-08-08,WASP-10,2026-08-08T06:00:16.790,61260.25,60.0,Clear,45.047,15,423.0,3218,0,61260.250194328706,3.0141666729468852,WASP-10,False,True,False,False
observations/2026-08-08/WASP-10/session_01/WASP-10260808060316.fits,2026-08-08,WASP-10,2026-08-08T06:03:16.216,61260.252,60.0,Clear,45.667,0,426.0,3184,0,61260.25227101852,2.9904333350714296,WASP-10,False,True,False,False
observations/2026-08-08/WASP-10/session_01/WASP-10260808060616.fits,2026-08-08,WASP-10,2026-08-08T06:06:16.851,61260.254,60.0,Clear,46.29,0,427.0,3179,0,61260.25436170139,3.0105833255220205,WASP-10,False,True,False,False
observations/2026-08-08/WASP-10/session_01/WASP-10260808060915.fits,2026-08-08,WASP-10,2026-08-08T06:09:15.347,61260.256,60.0,Clear,46.908,0,430.0,3193,0,61260.25642762731,2.9749333311337978,WASP-10,False,True,False,False
observations/2026-08-08/WASP-10/session_01/WASP-10260808061216.fits,2026-08-08,WASP-10,2026-08-08T06:12:16.808,61260.259,60.0,Clear,47.529,0,424.0,3238,0,61260.25852787037,3.024350004270673,WASP-10,False,True,False,False
observations/2026-08-08/WASP-10/session_01/WASP-10260808061516.fits,2026-08-08,WASP-10,2026-08-08T06:15:16.397,61260.261,60.0,Clear,48.151,0,425.0,3244,0,61260.26060644676,2.993150004185736,WASP-10,False,True,False,False
observations/2026-08-08/WASP-10/session_01/WASP-10260808061816.fits,2026-08-08,WASP-10,2026-08-08T06:18:16.800,61260.263,60.0,Clear,48.773,0,422.0,3211,0,61260.26269444444,3.0067166592925787,WASP-10,False,True,False,False
observations/2026-08-08/WASP-10/session_01/WASP-10260808062115.fits,2026-08-08,WASP-10,2026-08-08T06:21:15.331,61260.265,60.0,Clear,49.396,0,421.0,3225,0,61260.26476077546,2.975516669685021,WASP-10,False,True,False,False
observations/2026-08-08/WASP-10/session_01/WASP-10260808062415.fits,2026-08-08,WASP-10,2026-08-08T06:24:15.851,61260.267,60.0,Clear,50.02,0,423.0,3231,0,61260.266850127315,3.0086666671559215,WASP-10,False,True,False,False
observations/2026-08-08/WASP-10/session_01/WASP-10260808062715.fits,2026-08-08,WASP-10,2026-08-08T06:27:15.341,61260.269,60.0,Clear,50.644,0,421.0,3242,0,61260.26892755787,2.9914999951142818,WASP-10,False,True,False,False
observations/2026-08-08/WASP-10/session_01/WASP-10260808063015.fits,2026-08-08,WASP-10,2026-08-08T06:30:15.833,61260.271,60.0,Clear,51.269,0,422.0,3240,0,61260.27101658565,3.008200004696846,WASP-10,False,True,False,False
observations/2026-08-08/WASP-10/session_01/WASP-10260808063315.fits,2026-08-08,WASP-10,2026-08-08T06:33:15.370,61260.273,60.0,Clear,51.894,0,425.0,3224,0,61260.27309456019,2.992283336352557,WASP-10,False,True,False,False
observations/2026-08-08/WASP-10/session_01/WASP-10260808063615.fits,2026-08-08,WASP-10,2026-08-08T06:36:15.881,61260.275,60.0,Clear,52.52,0,426.0,3261,0,61260.27518380787,3.008516662521288,WASP-10,False,True,False,False
observations/2026-08-08/WASP-10/session_01/WASP-10260808063915.fits,2026-08-08,WASP-10,2026-08-08T06:39:15.360,61260.277,60.0,Clear,53.147,0,428.0,3220,0,61260.277261111114,2.9913166724145412,WASP-10,False,True,False,False
observations/2026-08-08/WASP-10/session_01/WASP-10260808064216.fits,2026-08-08,WASP-10,2026-08-08T06:42:16.052,61260.279,60.0,Clear,53.774,0,428.0,3236,0,61260.279352453705,3.0115333304274827,WASP-10,False,True,False,False
observations/2026-08-08/WASP-10/session_01/WASP-10260808064516.fits,2026-08-08,WASP-10,2026-08-08T06:45:16.580,61260.281,60.0,Clear,54.401,0,430.0,3248,0,61260.28144189815,3.0088000022806227,WASP-10,False,True,False,False
observations/2026-08-08/WASP-10/session_01/WASP-10260808064816.fits,2026-08-08,WASP-10,2026-08-08T06:48:16.217,61260.284,60.0,Clear,55.029,0,429.0,3238,0,61260.28352103009,2.993949993979186,WASP-10,False,True,False,False
observations/2026-08-08/WASP-10/session_01/WASP-10260808065115.fits,2026-08-08,WASP-10,2026-08-08T06:51:15.697,61260.286,60.0,Clear,55.657,0,427.0,3227,0,61260.285598344904,2.9913333314470947,WASP-10,False,True,False,False
observations/2026-08-08/WASP-10/session_01/WASP-10260808065415.fits,2026-08-08,WASP-10,2026-08-08T06:54:15.181,61260.288,60.0,Clear,56.286,0,429.0,3234,0,61260.28767570602,2.9914000094868243,WASP-10,False,True,False,False
observations/2026-08-08/WASP-10/session_01/WASP-10260808065715.fits,2026-08-08,WASP-10,2026-08-08T06:57:15.702,61260.29,60.0,Clear,56.915,0,424.0,3209,0,61260.28976506944,3.008683326188475,WASP-10,False,True,False,False
observations/2026-08-08/WASP-10/session_01/WASP-10260808070016.fits,2026-08-08,WASP-10,2026-08-08T07:00:16.184,61260.292,60.0,Clear,57.545,0,419.0,3241,0,61260.29185398148,3.00803333055228,WASP-10,False,True,False,False
observations/2026-08-08/WASP-10/session_01/WASP-10260808070315.fits,2026-08-08,WASP-10,2026-08-08T07:03:15.689,61260.294,60.0,Clear,58.175,7,417.0,3202,0,61260.29393158565,2.991750006331131,WASP-10,False,True,False,False
observations/2026-08-08/WASP-10/session_01/WASP-10260808070615.fits,2026-08-08,WASP-10,2026-08-08T07:06:15.449,61260.296,60.0,Clear,58.805,7,417.0,3223,0,61260.2960121412,2.995999997947365,WASP-10,False,True,False,False
observations/2026-08-08/WASP-10/session_01/WASP-10260808070915.fits,2026-08-08,WASP-10,2026-08-08T07:09:15.940,61260.298,60.0,Clear,59.436,7,415.0,3201,0,61260.29810115741,3.0081833351869136,WASP-10,False,True,False,False
observations/2026-08-08/WASP-10/session_01/WASP-10260808071216.fits,2026-08-08,WASP-10,2026-08-08T07:12:16.599,61260.3,60.0,Clear,60.067,7,415.0,3206,0,61260.300192118055,3.0109833308961242,WASP-10,False,True,False,False
observations/2026-08-08/WASP-10/session_01/WASP-10260808071516.fits,2026-08-08,WASP-10,2026-08-08T07:15:16.115,61260.302,60.0,Clear,60.699,7,417.0,3216,0,61260.30226984954,2.9919333395082504,WASP-10,False,True,False,False
observations/2026-08-08/WASP-10/session_01/WASP-10260808071815.fits,2026-08-08,WASP-10,2026-08-08T07:18:15.520,61260.304,60.0,Clear,61.331,7,418.0,3215,0,61260.304346296296,2.990083327749744,WASP-10,False,True,False,False
observations/2026-08-08/WASP-10/session_01/WASP-10260808072116.fits,2026-08-08,WASP-10,2026-08-08T07:21:16.023,61260.306,60.0,Clear,61.964,7,421.0,3226,0,61260.30643545139,3.0083833378739655,WASP-10,False,True,False,False
observations/2026-08-08/WASP-10/session_01/WASP-10260808072416.fits,2026-08-08,WASP-10,2026-08-08T07:24:16.446,61260.309,60.0,Clear,62.596,7,423.0,3228,0,61260.30852368056,3.007049997104332,WASP-10,False,True,False,False
observations/2026-08-08/WASP-10/session_01/WASP-10260808072715.fits,2026-08-08,WASP-10,2026-08-08T07:27:15.204,61260.311,60.0,Clear,63.23,7,420.0,3213,0,61260.31059263889,2.9792999988421798,WASP-10,False,True,False,False
observations/2026-08-08/WASP-10/session_01/WASP-10260808073016.fits,2026-08-08,WASP-10,2026-08-08T07:30:16.635,61260.313,60.0,Clear,63.863,7,421.0,3256,0,61260.312692534724,3.0238500027917325,WASP-10,False,True,False,False
observations/2026-08-08/WASP-10/session_01/WASP-10260808073317.fits,2026-08-08,WASP-10,2026-08-08T07:33:17.124,61260.315,60.0,Clear,64.5,4,416.0,3224,0,61260.31478152778,3.008149996167049,WASP-10,False,True,False,False
observations/2026-08-08/WASP-10/session_01/WASP-10260808073615.fits,2026-08-08,WASP-10,2026-08-08T07:36:15.676,61260.317,60.0,Clear,65.131,4,415.0,3217,0,61260.31684810185,2.9758666665293276,WASP-10,False,True,False,False
observations/2026-08-08/WASP-10/session_01/WASP-10260808073915.fits,2026-08-08,WASP-10,2026-08-08T07:39:15.184,61260.319,60.0,Clear,65.766,4,417.0,3255,0,61260.31892574074,2.991800004383549,WASP-10,False,True,False,False
observations/2026-08-08/WASP-10/session_01/WASP-10260808074215.fits,2026-08-08,WASP-10,2026-08-08T07:42:15.772,61260.321,60.0,Clear,66.4,4,415.0,3253,0,61260.32101587963,3.0097999947611243,WASP-10,False,True,False,False
observations/2026-08-08/WASP-10/session_01/WASP-10260808074516.fits,2026-08-08,WASP-10,2026-08-08T07:45:16.411,61260.323,60.0,Clear,67.035,4,415.0,3235,0,61260.3231066088,3.01065000356175,WASP-10,False,True,False,False
observations/2026-08-08/WASP-10/session_01/WASP-10260808074815.fits,2026-08-08,WASP-10,2026-08-08T07:48:15.928,61260.325,60.0,Clear,67.671,4,415.0,3238,0,61260.32518435185,2.991949998540804,WASP-10,False,True,False,False
observations/2026-08-08/WASP-10/session_01/WASP-10260808075115.fits,2026-08-08,WASP-10,2026-08-08T07:51:15.682,61260.327,60.0,Clear,68.306,4,418.0,3247,0,61260.327264837964,2.9959000018425286,WASP-10,False,True,False,False
observations/2026-08-08/WASP-10/session_01/WASP-10260808075416.fits,2026-08-08,WASP-10,2026-08-08T07:54:16.203,61260.329,60.0,Clear,68.942,4,416.0,3218,0,61260.329354201385,3.008683326188475,WASP-10,False,True,False,False
observations/2026-08-08/WASP-10/session_01/WASP-10260808075716.fits,2026-08-08,WASP-10,2026-08-08T07:57:16.935,61260.331,60.0,Clear,69.582,4,419.0,3213,0,61260.331446006945,3.012200006050989,WASP-10,False,True,False,False
observations/2026-08-08/WASP-10/session_01/WASP-10260808080015.fits,2026-08-08,WASP-10,2026-08-08T08:00:15.381,61260.334,60.0,Clear,70.215,4,419.0,3252,0,61260.33351135417,2.9741000023204833,WASP-10,False,True,False,False
observations/2026-08-08/WASP-10/session_01/WASP-10260808080315.fits,2026-08-08,WASP-10,2026-08-08T08:03:15.962,61260.336,60.0,Clear,70.852,9,421.0,3227,0,61260.335601412036,3.0096833291463554,WASP-10,False,True,False,False
observations/2026-08-08/WASP-10/session_01/WASP-10260808080616.fits,2026-08-08,WASP-10,2026-08-08T08:06:16.501,61260.338,60.0,Clear,71.488,9,417.0,3233,0,61260.3376909838,3.008983335457742,WASP-10,False,True,False,False
observations/2026-08-08/WASP-10/session_01/WASP-10260808080916.fits,2026-08-08,WASP-10,2026-08-08T08:09:16.943,61260.34,60.0,Clear,72.126,9,416.0,3231,0,61260.33977943287,3.0073666654061526,WASP-10,False,True,False,False
observations/2026-08-08/WASP-10/session_01/WASP-10260808081215.fits,2026-08-08,WASP-10,2026-08-08T08:12:15.693,61260.342,60.0,Clear,72.763,9,407.0,4095,34,61260.34184829861,2.9791666637174785,WASP-10,False,True,True,False
observations/2026-08-08/WASP-10/session_01/WASP-10260808081516.fits,2026-08-08,WASP-10,2026-08-08T08:15:16.352,61260.344,60.0,Clear,73.4,9,408.0,4095,30,61260.34393925926,3.010983341373503,WASP-10,False,True,True,False
observations/2026-08-08/WASP-10/session_01/WASP-10260808081816.fits,2026-08-08,WASP-10,2026-08-08T08:18:16.084,61260.346,60.0,Clear,74.038,9,414.0,3248,0,61260.34601949074,2.9955333250109106,WASP-10,False,True,False,False
observations/2026-08-08/WASP-10/session_01/WASP-10260808082115.fits,2026-08-08,WASP-10,2026-08-08T08:21:15.625,61260.348,60.0,Clear,74.676,9,413.0,3248,0,61260.348097511574,2.9923500039149076,WASP-10,False,True,False,False
observations/2026-08-08/WASP-10/session_01/WASP-10260808082415.fits,2026-08-08,WASP-10,2026-08-08T08:24:15.257,61260.35,60.0,Clear,75.314,9,419.0,3257,0,61260.35017658565,2.9938666673842818,WASP-10,False,True,False,False
observations/2026-08-08/WASP-10/session_01/WASP-10260808082715.fits,2026-08-08,WASP-10,2026-08-08T08:27:15.719,61260.352,60.0,Clear,75.953,9,414.0,4095,15,61260.35226526621,3.0077000032179058,WASP-10,False,True,True,False
observations/2026-08-08/WASP-10/session_01/WASP-10260808083015.fits,2026-08-08,WASP-10,2026-08-08T08:30:15.355,61260.354,60.0,Clear,76.591,9,411.0,4095,17,61260.35434438657,2.9939333244692534,WASP-10,False,True,True,False
observations/2026-08-08/WASP-10/session_01/WASP-10260808083316.fits,2026-08-08,WASP-10,2026-08-08T08:33:16.974,61260.356,60.0,Clear,77.23,45,409.0,4095,25,61260.35644645833,3.0269833363126963,WASP-10,False,True,True,False
observations/2026-08-08/WASP-10/session_01/WASP-10260808083615.fits,2026-08-08,WASP-10,2026-08-08T08:36:15.459,61260.359,60.0,Clear,77.868,45,406.0,4095,33,61260.35851225694,2.9747499979566783,WASP-10,False,True,True,False
observations/2026-08-08/WASP-10/session_01/WASP-10260808083916.fits,2026-08-08,WASP-10,2026-08-08T08:39:16.791,61260.361,60.0,Clear,78.507,45,406.0,4095,23,61260.360611006945,3.022200004197657,WASP-10,False,True,True,False
observations/2026-08-08/WASP-10/session_01/WASP-10260808084215.fits,2026-08-08,WASP-10,2026-08-08T08:42:15.334,61260.363,60.0,Clear,79.146,45,412.0,4095,17,61260.36267747685,2.975716661894694,WASP-10,False,True,True,False
observations/2026-08-08/WASP-10/session_01/WASP-10260808084516.fits,2026-08-08,WASP-10,2026-08-08T08:45:16.822,61260.365,60.0,Clear,79.786,45,409.0,4095,23,61260.36477803241,3.024800007697195,WASP-10,False,True,True,False
observations/2026-08-08/WASP-10/session_01/WASP-10260808084815.fits,2026-08-08,WASP-10,2026-08-08T08:48:15.324,61260.367,60.0,Clear,80.425,45,411.0,4095,19,61260.366844027776,2.9750333272386342,WASP-10,False,True,True,False
observations/2026-08-08/WASP-10/session_01/WASP-10260808085115.fits,2026-08-08,WASP-10,2026-08-08T08:51:15.743,61260.369,60.0,Clear,81.064,45,420.0,4095,3,61260.36893221065,3.00698334001936,WASP-10,False,True,True,False
observations/2026-08-08/WASP-10/session_01/WASP-10260808085415.fits,2026-08-08,WASP-10,2026-08-08T08:54:15.225,61260.371,60.0,Clear,81.704,45,422.0,4095,12,61260.37100954861,2.9913666599895805,WASP-10,False,True,True,False
observations/2026-08-08/WASP-10/session_01/WASP-10260808085715.fits,2026-08-08,WASP-10,2026-08-08T08:57:15.698,61260.373,60.0,Clear,82.344,45,420.0,4095,2,61260.37309835648,3.0078833363950253,WASP-10,False,True,True,False
observations/2026-08-08/WASP-10/session_01/WASP-10260808090016.fits,2026-08-08,WASP-10,2026-08-08T09:00:16.391,61260.375,60.0,Clear,82.983,45,414.0,4095,20,61260.37518971065,3.011549999937415,WASP-10,False,True,True,False
observations/2026-08-08/WASP-10/session_01/WASP-10260808090316.fits,2026-08-08,WASP-10,2026-08-08T09:03:16.912,61260.377,60.0,Clear,83.627,68,413.0,4095,20,61260.37727907408,3.008683336665854,WASP-10,False,False,True,False
observations/2026-08-08/WASP-10/session_01/WASP-10260808090615.fits,2026-08-08,WASP-10,2026-08-08T09:06:15.484,61260.379,60.0,Clear,84.263,68,415.0,4095,16,61260.37934587963,2.976199993863702,WASP-10,False,False,True,False
observations/2026-08-08/WASP-10/session_01/WASP-10260808090917.fits,2026-08-08,WASP-10,2026-08-08T09:09:17.016,61260.381,60.0,Clear,84.906,68,421.0,4095,5,61260.38144694445,3.025533340405673,WASP-10,False,False,True,False
observations/2026-08-08/WASP-10/session_01/WASP-10260808091215.fits,2026-08-08,WASP-10,2026-08-08T09:12:15.580,61260.384,60.0,Clear,85.543,68,419.0,4095,4,61260.383513657405,2.9760666587390006,WASP-10,False,False,True,False
observations/2026-08-08/WASP-10/session_01/WASP-10260808091516.fits,2026-08-08,WASP-10,2026-08-08T09:15:16.154,61260.386,60.0,Clear,86.183,68,420.0,3975,0,61260.38560363426,3.0095666740089655,WASP-10,False,False,False,False
observations/2026-08-08/WASP-10/session_01/WASP-10260808091816.fits,2026-08-08,WASP-10,2026-08-08T09:18:16.810,61260.388,60.0,Clear,86.826,68,411.0,4095,11,61260.38769456019,3.010933332843706,WASP-10,False,False,True,False
observations/2026-08-08/WASP-10/session_01/WASP-10260808092116.fits,2026-08-08,WASP-10,2026-08-08T09:21:16.302,61260.39,60.0,Clear,87.463,68,407.0,4095,15,61260.38977201389,2.9915333341341466,WASP-10,False,False,True,False
observations/2026-08-08/WASP-10/session_01/WASP-10260808092415.fits,2026-08-08,WASP-10,2026-08-08T09:24:15.830,61260.392,60.0,Clear,88.103,68,404.0,4095,20,61260.39184988426,2.9921333317179233,WASP-10,False,False,True,False
observations/2026-08-08/WASP-10/session_01/WASP-10260808092716.fits,2026-08-08,WASP-10,2026-08-08T09:27:16.572,61260.394,60.0,Clear,88.742,68,421.0,3657,0,61260.39394180555,3.012366659240797,WASP-10,False,False,False,False
observations/2026-08-08/WASP-10/session_01/WASP-10260808093016.fits,2026-08-08,WASP-10,2026-08-08T09:30:16.115,61260.396,60.0,Clear,89.38,68,422.0,3776,0,61260.39601984954,2.9923833429347724,WASP-10,False,False,False,False
observations/2026-08-08/WASP-10/session_01/WASP-10260808093315.fits,2026-08-08,WASP-10,2026-08-08T09:33:15.896,61260.398,60.0,Clear,89.921,34,409.0,4095,9,61260.39810064815,2.9963499947916716,WASP-10,False,True,True,False
observations/2026-08-08/WASP-10/session_01/WASP-10260808093615.fits,2026-08-08,WASP-10,2026-08-08T09:36:15.339,61260.4,60.0,Clear,89.331,34,439.0,3195,0,61260.40017753472,2.9907166643533856,WASP-10,False,True,False,False
observations/2026-08-08/WASP-10/session_01/WASP-10260808093916.fits,2026-08-08,WASP-10,2026-08-08T09:39:16.106,61260.402,60.0,Clear,88.689,34,422.0,3208,0,61260.40226974537,3.0127833341248333,WASP-10,False,True,False,False
observations/2026-08-08/WASP-10/session_01/WASP-10260808094215.fits,2026-08-08,WASP-10,2026-08-08T09:42:15.590,61260.404,60.0,Clear,88.053,34,411.0,4095,6,61260.40434710648,2.9913999990094453,WASP-10,False,True,True,False
observations/2026-08-08/WASP-10/session_01/WASP-10260808094517.fits,2026-08-08,WASP-10,2026-08-08T09:45:17.091,61260.406,60.0,Clear,87.41,34,412.0,4095,4,61260.4064478125,3.0250166694168,WASP-10,False,True,True,False
observations/2026-08-08/WASP-10/session_01/WASP-10260808094816.fits,2026-08-08,WASP-10,2026-08-08T09:48:16.637,61260.409,60.0,Clear,86.773,34,410.0,4095,8,61260.4085258912,2.9924333305098116,WASP-10,False,True,True,False
observations/2026-08-08/WASP-10/session_01/WASP-10260808095117.fits,2026-08-08,WASP-10,2026-08-08T09:51:17.160,61260.411,60.0,Clear,86.13,34,438.0,3228,0,61260.410615277775,3.0087166652083397,WASP-10,False,True,False,False
observations/2026-08-08/WASP-10/session_01/WASP-10260808095415.fits,2026-08-08,WASP-10,2026-08-08T09:54:15.573,61260.413,60.0,Clear,85.493,34,436.0,3248,0,61260.412680243055,2.973550002789125,WASP-10,False,True,False,False
observations/2026-08-11/WASP-2/session_01/WASP-2260811065433.fits,2026-08-11,WASP-2,2026-08-11T06:54:33.864,61263.288,60.0,Clear,64.494,82,401.0,4095,39,61263.28789194444,,WASP-2,False,False,True,False
observations/2026-08-11/WASP-2/session_01/WASP-2260811065834.fits,2026-08-11,WASP-2,2026-08-11T06:58:34.954,61263.291,60.0,Clear,64.329,82,403.0,4095,45,61263.29068233796,4.018166667083278,WASP-2,False,False,True,False
observations/2026-08-11/WASP-2/session_01/WASP-2260811070235.fits,2026-08-11,WASP-2,2026-08-11T07:02:35.872,61263.293,60.0,Clear,64.126,73,404.0,4095,34,61263.29347074074,4.015300003811717,WASP-2,False,False,True,False
observations/2026-08-11/WASP-2/session_01/WASP-2260811070422.fits,2026-08-11,WASP-2,2026-08-11T07:04:22.182,61263.295,60.0,Clear,64.019,73,403.0,4095,31,61263.29470118056,1.7718333390075713,WASP-2,False,False,True,False
observations/2026-08-11/WASP-2/session_01/WASP-2260811070615.fits,2026-08-11,WASP-2,2026-08-11T07:06:15.458,61263.296,60.0,Clear,63.905,73,402.0,4095,35,61263.29601224537,1.8879333324730396,WASP-2,False,False,True,False
observations/2026-08-11/WASP-2/session_01/WASP-2260811070915.fits,2026-08-11,WASP-2,2026-08-11T07:09:15.744,61263.298,60.0,Clear,63.71,73,402.0,4095,38,61263.29809888889,3.004766661906615,WASP-2,False,False,True,False
observations/2026-08-11/WASP-2/session_01/WASP-2260811071216.fits,2026-08-11,WASP-2,2026-08-11T07:12:16.011,61263.3,60.0,Clear,63.498,73,403.0,4095,33,61263.3001853125,3.004450004082173,WASP-2,False,False,True,False
observations/2026-08-11/WASP-2/session_01/WASP-2260811071516.fits,2026-08-11,WASP-2,2026-08-11T07:15:16.395,61263.302,60.0,Clear,63.269,73,402.0,4095,36,61263.30227309028,3.006400001468137,WASP-2,False,False,True,False
observations/2026-08-11/WASP-2/session_01/WASP-2260811071817.fits,2026-08-11,WASP-2,2026-08-11T07:18:17.050,61263.304,60.0,Clear,63.022,73,402.0,4095,36,61263.30436400463,3.0109166633337736,WASP-2,False,False,True,False
observations/2026-08-11/WASP-2/session_01/WASP-2260811072116.fits,2026-08-11,WASP-2,2026-08-11T07:21:16.118,61263.306,60.0,Clear,62.763,73,402.0,4095,41,61263.30643655093,2.9844666668213904,WASP-2,False,False,True,False
observations/2026-08-11/WASP-2/session_01/WASP-2260811072417.fits,2026-08-11,WASP-2,2026-08-11T07:24:17.102,61263.309,60.0,Clear,62.483,73,402.0,4095,38,61263.30853127315,3.016399999614805,WASP-2,False,False,True,False
observations/2026-08-11/WASP-2/session_01/WASP-2260811072716.fits,2026-08-11,WASP-2,2026-08-11T07:27:16.168,61263.311,60.0,Clear,62.195,73,402.0,4095,37,61263.31060379629,2.9844333278015256,WASP-2,False,False,True,False
observations/2026-08-11/WASP-2/session_01/WASP-2260811073015.fits,2026-08-11,WASP-2,2026-08-11T07:30:15.978,61263.313,60.0,Clear,61.889,73,401.0,4095,39,61263.312684930555,2.9968333372380584,WASP-2,False,False,True,False
observations/2026-08-11/WASP-2/session_01/WASP-2260811073315.fits,2026-08-11,WASP-2,2026-08-11T07:33:15.360,61263.315,60.0,Clear,61.569,86,401.0,4095,36,61263.31476111111,2.9897000023629516,WASP-2,False,False,True,False
observations/2026-08-11/WASP-2/session_01/WASP-2260811073615.fits,2026-08-11,WASP-2,2026-08-11T07:36:15.728,61263.317,60.0,Clear,61.235,86,401.0,4095,37,61263.316848703704,3.0061333312187344,WASP-2,False,False,True,False
observations/2026-08-11/WASP-2/session_01/WASP-2260811073917.fits,2026-08-11,WASP-2,2026-08-11T07:39:17.170,61263.319,60.0,Clear,60.886,86,401.0,4095,37,61263.318948726854,3.024033335968852,WASP-2,False,False,True,False
observations/2026-08-11/WASP-2/session_01/WASP-2260811074216.fits,2026-08-11,WASP-2,2026-08-11T07:42:16.285,61263.321,60.0,Clear,60.527,86,400.0,4095,32,61263.32102181713,2.9852499975822866,WASP-2,False,False,True,False
observations/2026-08-11/WASP-2/session_01/WASP-2260811074516.fits,2026-08-11,WASP-2,2026-08-11T07:45:16.926,61263.323,60.0,Clear,60.158,86,401.0,4095,39,61263.323112569444,3.010683332104236,WASP-2,False,False,True,False
observations/2026-08-11/WASP-2/session_01/WASP-2260811074816.fits,2026-08-11,WASP-2,2026-08-11T07:48:16.412,61263.325,60.0,Clear,59.775,86,401.0,4095,37,61263.325189953706,2.99143333802931,WASP-2,False,False,True,False
observations/2026-08-11/WASP-2/session_01/WASP-2260811075115.fits,2026-08-11,WASP-2,2026-08-11T07:51:15.598,61263.327,60.0,Clear,59.38,86,400.0,4095,36,61263.32726386574,2.9864333337172866,WASP-2,False,False,True,False
observations/2026-08-11/WASP-2/session_01/WASP-2260811075416.fits,2026-08-11,WASP-2,2026-08-11T07:54:16.401,61263.329,60.0,Clear,58.975,86,400.0,4095,31,61263.32935649306,3.01338333170861,WASP-2,False,False,True,False
observations/2026-08-11/WASP-2/session_01/WASP-2260811075716.fits,2026-08-11,WASP-2,2026-08-11T07:57:16.918,61263.331,60.0,Clear,58.56,86,400.0,4095,33,61263.33144581019,3.0086166691035032,WASP-2,False,False,True,False
observations/2026-08-11/WASP-2/session_01/WASP-2260811080016.fits,2026-08-11,WASP-2,2026-08-11T08:00:16.657,61263.334,60.0,Clear,58.132,86,401.0,4095,31,61263.33352612268,2.9956499906256795,WASP-2,False,False,True,False
observations/2026-08-11/WASP-2/session_01/WASP-2260811080315.fits,2026-08-11,WASP-2,2026-08-11T08:03:15.535,61263.336,60.0,Clear,57.699,50,403.0,4095,24,61263.33559646991,2.9813000047579408,WASP-2,False,False,True,False
observations/2026-08-11/WASP-2/session_01/WASP-2260811080616.fits,2026-08-11,WASP-2,2026-08-11T08:06:16.543,61263.338,60.0,Clear,57.252,50,410.0,2816,0,61263.337691469904,3.01679999451153,WASP-2,False,False,False,False
observations/2026-08-11/WASP-2/session_01/WASP-2260811080915.fits,2026-08-11,WASP-2,2026-08-11T08:09:15.999,61263.34,60.0,Clear,56.802,50,407.0,2779,0,61263.33976850694,2.99093333655037,WASP-2,False,False,False,False
observations/2026-08-11/WASP-2/session_01/WASP-2260811081216.fits,2026-08-11,WASP-2,2026-08-11T08:12:16.522,61263.342,60.0,Clear,56.34,50,412.0,3244,0,61263.341857893516,3.0087166652083397,WASP-2,False,False,False,False
observations/2026-08-11/WASP-2/session_01/WASP-2260811081516.fits,2026-08-11,WASP-2,2026-08-11T08:15:16.034,61263.344,60.0,Clear,55.871,50,413.0,2905,0,61263.343935578705,2.9918666719458997,WASP-2,False,False,False,False
observations/2026-08-11/WASP-2/session_01/WASP-2260811081816.fits,2026-08-11,WASP-2,2026-08-11T08:18:16.564,61263.346,60.0,Clear,55.393,50,414.0,2803,0,61263.346025046296,3.0088333308231086,WASP-2,False,False,False,False
observations/2026-08-11/WASP-2/session_01/WASP-2260811082117.fits,2026-08-11,WASP-2,2026-08-11T08:21:17.146,61263.348,60.0,Clear,54.906,50,408.0,2901,0,61263.34811511574,3.009699998656288,WASP-2,False,False,False,False
observations/2026-08-11/WASP-2/session_01/WASP-2260811082415.fits,2026-08-11,WASP-2,2026-08-11T08:24:15.869,61263.35,60.0,Clear,54.417,50,404.0,3030,0,61263.35018366898,2.9787166707683355,WASP-2,False,False,False,False
observations/2026-08-11/WASP-2/session_01/WASP-2260811082716.fits,2026-08-11,WASP-2,2026-08-11T08:27:16.659,61263.352,60.0,Clear,53.915,50,398.0,3252,0,61263.35227614583,3.0131666595116258,WASP-2,False,False,False,False
observations/2026-08-11/WASP-2/session_01/WASP-2260811083015.fits,2026-08-11,WASP-2,2026-08-11T08:30:15.925,61263.354,60.0,Clear,53.413,50,410.0,3257,0,61263.3543509838,2.9877666744869202,WASP-2,False,False,False,False
observations/2026-08-11/WASP-2/session_01/WASP-2260811083315.fits,2026-08-11,WASP-2,2026-08-11T08:33:15.492,61263.356,60.0,Clear,52.901,17,408.0,3023,0,61263.35642930555,2.9927833273541182,WASP-2,False,True,False,False
observations/2026-08-11/WASP-2/session_01/WASP-2260811083616.fits,2026-08-11,WASP-2,2026-08-11T08:36:16.851,61263.359,60.0,Clear,52.381,17,440.0,3143,0,61263.35852836806,3.022650007624179,WASP-2,False,True,False,False
observations/2026-08-11/WASP-2/session_01/WASP-2260811083917.fits,2026-08-11,WASP-2,2026-08-11T08:39:17.268,61263.361,60.0,Clear,51.858,17,475.0,3293,0,61263.360616527774,3.0069499905221164,WASP-2,False,True,False,False
observations/2026-08-11/WASP-2/session_01/WASP-2260811084215.fits,2026-08-11,WASP-2,2026-08-11T08:42:15.739,61263.363,60.0,Clear,51.332,17,594.0,3372,0,61263.36268216435,2.9745166667271405,WASP-2,False,True,False,False
observations/2026-08-11/WASP-2/session_01/WASP-2260811084515.fits,2026-08-11,WASP-2,2026-08-11T08:45:15.278,61263.365,60.0,Clear,50.799,17,886.0,3497,0,61263.36476016204,2.9923166753724217,WASP-2,False,True,False,False
observations/2026-08-11/WASP-2/session_01/WASP-2260811084815.fits,2026-08-11,WASP-2,2026-08-11T08:48:15.366,61263.367,60.0,Clear,50.26,17,1021.0,3583,0,61263.36684451389,3.001466664718464,WASP-2,False,True,False,True
observations/2026-08-11/WASP-2/session_01/WASP-2260811085115.fits,2026-08-11,WASP-2,2026-08-11T08:51:15.672,61263.369,60.0,Clear,49.716,17,1512.0,3823,0,61263.36893138889,3.005099999718368,WASP-2,False,True,False,True
observations/2026-08-11/WASP-2/session_01/WASP-2260811085416.fits,2026-08-11,WASP-2,2026-08-11T08:54:16.076,61263.371,60.0,Clear,49.168,17,1973.0,4057,0,61263.371019398146,3.006733328802511,WASP-2,False,True,False,True
observations/2026-08-11/WASP-2/session_01/WASP-2260811085716.fits,2026-08-11,WASP-2,2026-08-11T08:57:16.703,61263.373,60.0,Clear,48.612,17,2343.0,4095,3,61263.373109988424,3.010450000874698,WASP-2,False,True,True,True
observations/2026-08-11/WASP-2/session_01/WASP-2260811090015.fits,2026-08-11,WASP-2,2026-08-11T09:00:15.518,61263.375,60.0,Clear,48.059,17,4012.0,4095,173,61263.37517960648,2.980250003747642,WASP-2,False,True,True,True
observations/2026-08-11/WASP-2/session_01/WASP-2260811090317.fits,2026-08-11,WASP-2,2026-08-11T09:03:17.092,61263.377,60.0,Clear,47.495,17,4095.0,4095,324500,61263.37728115741,3.026233334094286,WASP-2,False,True,True,True
observations/2026-08-11/WASP-2/session_01/WASP-2260811090618.fits,2026-08-11,WASP-2,2026-08-11T09:06:18.609,61263.379,60.0,Clear,46.927,17,4095.0,4095,324500,61263.37938204861,3.0252833291888237,WASP-2,False,True,True,True
observations/2026-08-11/WASP-2/session_01/WASP-2260811090916.fits,2026-08-11,WASP-2,2026-08-11T09:09:16.321,61263.381,60.0,Clear,46.365,17,4095.0,4095,324500,61263.38143890046,2.9618666670285165,WASP-2,False,True,True,True
observations/2026-08-11/WASP-2/session_01/WASP-2260811091215.fits,2026-08-11,WASP-2,2026-08-11T09:12:15.887,61263.384,60.0,Clear,45.793,17,4095.0,4095,324500,61263.38351721065,2.992766668321565,WASP-2,False,True,True,True
observations/2026-08-11/WASP-2/session_01/WASP-2260811091516.fits,2026-08-11,WASP-2,2026-08-11T09:15:16.368,61263.386,60.0,Clear,45.217,17,4095.0,4095,324499,61263.385606111115,3.0080166715197265,WASP-2,False,True,True,True
observations/2026-08-11/WASP-2/session_01/WASP-2260811091816.fits,2026-08-11,WASP-2,2026-08-11T09:18:16.023,61263.388,60.0,Clear,44.639,17,4095.0,4095,324500,61263.38768545139,2.994249992771074,WASP-2,False,True,True,True
observations/2026-08-11/WASP-2/session_01/WASP-2260811092117.fits,2026-08-11,WASP-2,2026-08-11T09:21:17.089,61263.39,60.0,Clear,44.053,17,4095.0,4095,324500,61263.389781122685,3.0177666689269245,WASP-2,False,True,True,True
observations/2026-08-11/WASP-2/session_01/WASP-2260811092416.fits,2026-08-11,WASP-2,2026-08-11T09:24:16.730,61263.392,60.0,Clear,43.472,17,3892.0,4095,42,61263.39186030092,2.9940166615415365,WASP-2,False,True,True,True
observations/2026-08-11/WASP-2/session_01/WASP-2260811092716.fits,2026-08-11,WASP-2,2026-08-11T09:27:16.810,61263.394,60.0,Clear,42.884,17,1988.0,4029,0,61263.393944560186,3.0013333400711417,WASP-2,False,True,False,True
observations/2026-08-11/WASP-2/session_01/WASP-2260811093015.fits,2026-08-11,WASP-2,2026-08-11T09:30:15.755,61263.396,60.0,Clear,42.294,17,2037.0,4016,0,61263.39601568287,2.982416662853211,WASP-2,False,True,False,True
observations/2026-08-11/WASP-2/session_01/WASP-2260811093315.fits,2026-08-11,WASP-2,2026-08-11T09:33:15.801,61263.398,60.0,Clear,41.701,4,1187.0,3226,0,61263.39809954861,3.000766671029851,WASP-2,False,True,False,True
observations/2026-08-11/WASP-2/session_01/WASP-2260811093617.fits,2026-08-11,WASP-2,2026-08-11T09:36:17.555,61263.4,60.0,Clear,41.099,4,1069.0,3515,0,61263.40020318287,3.0292333324905485,WASP-2,False,True,False,True
observations/2026-08-11/WASP-2/session_01/WASP-2260811093916.fits,2026-08-11,WASP-2,2026-08-11T09:39:16.381,61263.402,60.0,Clear,40.508,4,879.0,3281,0,61263.402272928244,2.9804333369247615,WASP-2,False,True,False,False
observations/2026-08-11/WASP-2/session_01/WASP-2260811094217.fits,2026-08-11,WASP-2,2026-08-11T09:42:17.138,61263.404,60.0,Clear,39.904,4,760.0,3198,0,61263.40436502315,3.0126166599802673,WASP-2,False,True,False,False
observations/2026-08-11/WASP-2/session_01/WASP-2260811094515.fits,2026-08-11,WASP-2,2026-08-11T09:45:15.879,61263.406,60.0,Clear,39.305,4,581.0,2636,0,61263.40643378472,2.979016669560224,WASP-2,False,True,False,False
observations/2026-08-11/WASP-2/session_01/WASP-2260811094815.fits,2026-08-11,WASP-2,2026-08-11T09:48:15.329,61263.409,60.0,Clear,38.7,4,535.0,3026,0,61263.40851075231,2.9908333299681544,WASP-2,False,True,False,False
observations/2026-08-11/WASP-2/session_01/WASP-2260811095117.fits,2026-08-11,WASP-2,2026-08-11T09:51:17.176,61263.411,60.0,Clear,38.09,4,554.0,3041,0,61263.41061546296,3.0307833349797875,WASP-2,False,True,False,False
observations/2026-08-11/WASP-2/session_01/WASP-2260811095415.fits,2026-08-11,WASP-2,2026-08-11T09:54:15.343,61263.413,60.0,Clear,37.485,4,601.0,3102,0,61263.41267758102,2.9694500053301454,WASP-2,False,True,False,False
observations/2026-08-11/WASP-2/session_01/WASP-2260811095716.fits,2026-08-11,WASP-2,2026-08-11T09:57:16.363,61263.415,60.0,Clear,36.875,4,498.0,2738,0,61263.41477271991,3.0169999971985817,WASP-2,False,True,False,False
observations/2026-08-11/WASP-2/session_01/WASP-2260811100016.fits,2026-08-11,WASP-2,2026-08-11T10:00:16.056,61263.417,60.0,Clear,36.259,4,460.0,2538,0,61263.4168525,2.9948833293747157,WASP-2,False,True,False,False
observations/2026-08-11/WASP-2/session_01/WASP-2260811100316.fits,2026-08-11,WASP-2,2026-08-11T10:03:16.708,61263.419,60.0,Clear,35.649,2,595.0,2862,0,61263.41894337963,3.0108666652813554,WASP-2,False,True,False,False
observations/2026-08-11/WASP-2/session_01/WASP-2260811100616.fits,2026-08-11,WASP-2,2026-08-11T10:06:16.302,61263.421,60.0,Clear,35.033,2,506.0,2623,0,61263.42102201389,2.993233341258019,WASP-2,False,True,False,False
observations/2026-08-11/WASP-2/session_01/WASP-2260811100916.fits,2026-08-11,WASP-2,2026-08-11T10:09:16.808,61263.423,60.0,Clear,34.416,2,460.0,2880,0,61263.4231112037,3.0084333254490048,WASP-2,False,True,False,False
observations/2026-08-11/WASP-2/session_01/WASP-2260811101216.fits,2026-08-11,WASP-2,2026-08-11T10:12:16.502,61263.425,60.0,Clear,33.798,2,446.0,2661,0,61263.42519099537,2.994899998884648,WASP-2,False,True,False,False
observations/2026-08-11/WASP-2/session_01/WASP-2260811101516.fits,2026-08-11,WASP-2,2026-08-11T10:15:16.112,61263.427,60.0,Clear,33.175,2,471.0,2851,0,61263.42726981481,2.9935000010300428,WASP-2,False,True,False,False
observations/2026-08-11/WASP-2/session_01/WASP-2260811101815.fits,2026-08-11,WASP-2,2026-08-11T10:18:15.688,61263.429,60.0,Clear,32.557,2,435.0,2634,0,61263.42934824074,2.992933331988752,WASP-2,False,True,False,False
observations/2026-08-11/WASP-2/session_01/WASP-2260811102117.fits,2026-08-11,WASP-2,2026-08-11T10:21:17.382,61263.431,60.0,Clear,31.927,2,427.0,3030,0,61263.43145118056,3.028233340010047,WASP-2,False,True,False,False
observations/2026-08-11/WASP-2/session_01/WASP-2260811102416.fits,2026-08-11,WASP-2,2026-08-11T10:24:16.399,61263.434,60.0,Clear,31.31,2,422.0,2815,0,61263.43352313658,2.9836166684981436,WASP-2,False,True,False,False
observations/2026-08-11/WASP-2/session_01/WASP-2260811102716.fits,2026-08-11,WASP-2,2026-08-11T10:27:16.899,61263.436,60.0,Clear,30.682,2,434.0,2836,0,61263.435612256944,3.0083333293441683,WASP-2,False,True,False,False
observations/2026-08-11/WASP-2/session_01/WASP-2260811103015.fits,2026-08-11,WASP-2,2026-08-11T10:30:15.556,61263.438,60.0,Clear,30.059,2,474.0,2851,0,61263.4376800463,2.9776166717056185,WASP-2,False,True,False,False
observations/2026-08-11/WASP-2/session_01/WASP-2260811103315.fits,2026-08-11,WASP-2,2026-08-11T10:33:15.943,61263.44,60.0,Clear,29.432,0,496.0,3117,0,61263.4397678588,3.006449999520555,WASP-2,True,True,False,False
observations/2026-08-11/WASP-2/session_01/WASP-2260811103617.fits,2026-08-11,WASP-2,2026-08-11T10:36:17.149,61263.442,60.0,Clear,28.8,0,529.0,2728,0,61263.44186515046,3.0200999916996807,WASP-2,True,True,False,False
observations/2026-08-11/WASP-2/session_01/WASP-2260811103915.fits,2026-08-11,WASP-2,2026-08-11T10:39:15.819,61263.444,60.0,Clear,28.175,0,441.0,2599,0,61263.443933090275,2.977833333425224,WASP-2,True,True,False,False
observations/2026-08-11/WASP-2/session_01/WASP-2260811104216.fits,2026-08-11,WASP-2,2026-08-11T10:42:16.675,61263.446,60.0,Clear,27.545,0,428.0,2687,0,61263.44602633102,3.0142666690517217,WASP-2,True,True,False,False
observations/2026-08-11/WASP-2/session_01/WASP-2260811104516.fits,2026-08-11,WASP-2,2026-08-11T10:45:16.331,61263.448,60.0,Clear,26.914,0,425.0,2884,0,61263.44810568287,2.9942666727583855,WASP-2,True,True,False,False
observations/2026-08-24/WASP-2/session_01/WASP-2260824045231.fits,2026-08-24,WASP-2,2026-08-24T04:52:31.321,61276.203,60.0,Clear,61.931,0,1115.0,3525,0,61276.203140289355,,WASP-2,False,True,False,True
observations/2026-08-24/WASP-2/session_01/WASP-2260824045415.fits,2026-08-24,WASP-2,2026-08-24T04:54:15.499,61276.204,60.0,Clear,62.109,0,1174.0,3608,0,61276.204346053244,1.7362999997567385,WASP-2,False,True,False,True
observations/2026-08-24/WASP-2/session_01/WASP-2260824045715.fits,2026-08-24,WASP-2,2026-08-24T04:57:15.947,61276.206,60.0,Clear,62.404,0,1164.0,3516,0,61276.20643457176,3.007466661510989,WASP-2,False,True,False,True
observations/2026-08-24/WASP-2/session_01/WASP-2260824050015.fits,2026-08-24,WASP-2,2026-08-24T05:00:15.372,61276.209,60.0,Clear,62.685,0,1169.0,3550,0,61276.20851125,2.990416665561497,WASP-2,False,True,False,True
observations/2026-08-24/WASP-2/session_01/WASP-2260824050316.fits,2026-08-24,WASP-2,2026-08-24T05:03:16.712,61276.211,60.0,Clear,62.951,2,1146.0,3632,0,61276.210610092596,3.0223333393223584,WASP-2,False,True,False,True
observations/2026-08-24/WASP-2/session_01/WASP-2260824050616.fits,2026-08-24,WASP-2,2026-08-24T05:06:16.030,61276.213,60.0,Clear,63.201,2,1177.0,4095,9,61276.21268553241,2.9886333318427205,WASP-2,False,True,True,True
observations/2026-08-24/WASP-2/session_01/WASP-2260824050915.fits,2026-08-24,WASP-2,2026-08-24T05:09:15.374,61276.215,60.0,Clear,63.434,2,1121.0,3493,0,61276.21476127315,2.98906666575931,WASP-2,False,True,False,True
observations/2026-08-24/WASP-2/session_01/WASP-2260824051215.fits,2026-08-24,WASP-2,2026-08-24T05:12:15.762,61276.217,60.0,Clear,63.651,2,1166.0,3590,0,61276.216849097225,3.0064666690304875,WASP-2,False,True,False,True
observations/2026-08-24/WASP-2/session_01/WASP-2260824051516.fits,2026-08-24,WASP-2,2026-08-24T05:15:16.092,61276.219,60.0,Clear,63.851,2,1197.0,3625,0,61276.21893625,3.005499994615093,WASP-2,False,True,False,True
observations/2026-08-24/WASP-2/session_01/WASP-2260824051815.fits,2026-08-24,WASP-2,2026-08-24T05:18:15.475,61276.221,60.0,Clear,64.033,2,1246.0,3610,0,61276.22101244213,2.989716671872884,WASP-2,False,True,False,True
observations/2026-08-24/WASP-2/session_01/WASP-2260824052115.fits,2026-08-24,WASP-2,2026-08-24T05:21:15.856,61276.223,60.0,Clear,64.198,2,1148.0,3832,0,61276.22310018518,3.0063499929383397,WASP-2,False,True,False,True
observations/2026-08-24/WASP-2/session_01/WASP-2260824052415.fits,2026-08-24,WASP-2,2026-08-24T05:24:15.159,61276.225,60.0,Clear,64.343,2,1138.0,3597,0,61276.225175451385,2.9883833311032504,WASP-2,False,True,False,True
observations/2026-08-24/WASP-2/session_01/WASP-2260824052715.fits,2026-08-24,WASP-2,2026-08-24T05:27:15.512,61276.227,60.0,Clear,64.472,2,1081.0,4095,4,61276.22726287037,3.0058833409566432,WASP-2,False,True,True,True
observations/2026-08-24/WASP-2/session_01/WASP-2260824053017.fits,2026-08-24,WASP-2,2026-08-24T05:30:17.002,61276.229,60.0,Clear,64.581,2,1083.0,4095,1,61276.22936344907,3.0248333257623017,WASP-2,False,True,True,True
observations/2026-08-24/WASP-2/session_01/WASP-2260824053316.fits,2026-08-24,WASP-2,2026-08-24T05:33:16.452,61276.231,60.0,Clear,64.671,20,1062.0,4095,1,61276.23144041667,2.9908333404455334,WASP-2,False,True,True,True
observations/2026-08-24/WASP-2/session_01/WASP-2260824053616.fits,2026-08-24,WASP-2,2026-08-24T05:36:16.852,61276.234,60.0,Clear,64.742,20,1044.0,4095,4,61276.23352837963,3.0066666612401605,WASP-2,False,True,True,True
observations/2026-08-24/WASP-2/session_01/WASP-2260824053915.fits,2026-08-24,WASP-2,2026-08-24T05:39:15.244,61276.236,60.0,Clear,64.793,20,1019.0,4095,11,61276.235593101854,2.9732000059448183,WASP-2,False,True,True,True
observations/2026-08-24/WASP-2/session_01/WASP-2260824054216.fits,2026-08-24,WASP-2,2026-08-24T05:42:16.637,61276.238,60.0,Clear,64.825,20,1023.0,4095,8,61276.23769255787,3.023216666188091,WASP-2,False,True,True,True
observations/2026-08-24/WASP-2/session_01/WASP-2260824054516.fits,2026-08-24,WASP-2,2026-08-24T05:45:16.148,61276.24,60.0,Clear,64.837,20,960.0,4095,10,61276.239770231485,2.9918500024359673,WASP-2,False,True,True,False
observations/2026-08-24/WASP-2/session_01/WASP-2260824054815.fits,2026-08-24,WASP-2,2026-08-24T05:48:15.409,61276.242,60.0,Clear,64.83,20,989.0,4095,2,61276.24184501157,2.9876833269372582,WASP-2,False,True,True,False
observations/2026-08-24/WASP-2/session_01/WASP-2260824055115.fits,2026-08-24,WASP-2,2026-08-24T05:51:15.942,61276.244,60.0,Clear,64.803,20,1007.0,4095,8,61276.24393451389,3.0088833393529058,WASP-2,False,True,True,True
observations/2026-08-24/WASP-2/session_01/WASP-2260824055415.fits,2026-08-24,WASP-2,2026-08-24T05:54:15.429,61276.246,60.0,Clear,64.756,20,1002.0,4095,10,61276.24601190972,2.9914499970618635,WASP-2,False,True,True,True
observations/2026-08-24/WASP-2/session_01/WASP-2260824055715.fits,2026-08-24,WASP-2,2026-08-24T05:57:15.770,61276.248,60.0,Clear,64.69,20,981.0,4095,16,61276.24809918981,3.0056833277922124,WASP-2,False,True,True,False
observations/2026-08-24/WASP-2/session_01/WASP-2260824060015.fits,2026-08-24,WASP-2,2026-08-24T06:00:15.198,61276.25,60.0,Clear,64.605,20,1015.0,4095,16,61276.25017590278,2.9904666740912944,WASP-2,False,True,True,True
observations/2026-08-24/WASP-2/session_01/WASP-2260824060315.fits,2026-08-24,WASP-2,2026-08-24T06:03:15.545,61276.252,60.0,Clear,64.501,32,1288.0,3695,0,61276.25226325232,3.005783334374428,WASP-2,False,True,False,True
observations/2026-08-24/WASP-2/session_01/WASP-2260824060615.fits,2026-08-24,WASP-2,2026-08-24T06:06:15.900,61276.254,60.0,Clear,64.377,32,938.0,4095,9,61276.25435069444,3.00591665902175,WASP-2,False,True,True,False
observations/2026-08-24/WASP-2/session_01/WASP-2260824060915.fits,2026-08-24,WASP-2,2026-08-24T06:09:15.314,61276.256,60.0,Clear,64.236,32,873.0,3222,0,61276.25642724537,2.9902333323843777,WASP-2,False,True,False,False
observations/2026-08-24/WASP-2/session_01/WASP-2260824061215.fits,2026-08-24,WASP-2,2026-08-24T06:12:15.788,61276.259,60.0,Clear,64.076,32,1001.0,3374,0,61276.258516064816,3.0079000059049577,WASP-2,False,True,False,True
observations/2026-08-24/WASP-2/session_01/WASP-2260824061516.fits,2026-08-24,WASP-2,2026-08-24T06:15:16.138,61276.261,60.0,Clear,63.898,32,1004.0,3447,0,61276.260603449075,3.005833332426846,WASP-2,False,True,False,True
observations/2026-08-24/WASP-2/session_01/WASP-2260824061815.fits,2026-08-24,WASP-2,2026-08-24T06:18:15.403,61276.263,60.0,Clear,63.702,32,1074.0,3460,0,61276.26267827546,2.987749994499609,WASP-2,False,True,False,True
observations/2026-08-24/WASP-2/session_01/WASP-2260824062115.fits,2026-08-24,WASP-2,2026-08-24T06:21:15.825,61276.265,60.0,Clear,63.489,32,1113.0,3571,0,61276.264766493056,3.0070333380717784,WASP-2,False,True,False,True
observations/2026-08-24/WASP-2/session_01/WASP-2260824062415.fits,2026-08-24,WASP-2,2026-08-24T06:24:15.206,61276.267,60.0,Clear,63.261,32,1072.0,3443,0,61276.26684266204,2.9896833328530192,WASP-2,False,True,False,True
observations/2026-08-24/WASP-2/session_01/WASP-2260824062715.fits,2026-08-24,WASP-2,2026-08-24T06:27:15.578,61276.269,60.0,Clear,63.014,32,841.0,4095,4,61276.268930300925,3.006199998781085,WASP-2,False,True,True,False
observations/2026-08-24/WASP-2/session_01/WASP-2260824063016.fits,2026-08-24,WASP-2,2026-08-24T06:30:16.047,61276.271,60.0,Clear,62.752,32,774.0,4095,4,61276.2710190625,3.0078166688326746,WASP-2,False,True,True,False
observations/2026-08-24/WASP-2/session_01/WASP-2260824063315.fits,2026-08-24,WASP-2,2026-08-24T06:33:15.370,61276.273,60.0,Clear,62.475,41,625.0,4095,40,61276.27309456019,2.9887166689150035,WASP-2,False,True,True,False
observations/2026-08-24/WASP-2/session_01/WASP-2260824063615.fits,2026-08-24,WASP-2,2026-08-24T06:36:15.679,61276.275,60.0,Clear,62.183,41,697.0,4095,30,61276.27518146991,3.0051499977707863,WASP-2,False,True,True,False
observations/2026-08-24/WASP-2/session_01/WASP-2260824063916.fits,2026-08-24,WASP-2,2026-08-24T06:39:16.023,61276.277,60.0,Clear,61.877,41,812.0,4095,17,61276.277268784725,3.0057333363220096,WASP-2,False,True,True,False
observations/2026-08-24/WASP-2/session_01/WASP-2260824064215.fits,2026-08-24,WASP-2,2026-08-24T06:42:15.428,61276.279,60.0,Clear,61.556,41,816.0,4095,17,61276.27934523148,2.990083327749744,WASP-2,False,True,True,False
observations/2026-08-24/WASP-2/session_01/WASP-2260824064516.fits,2026-08-24,WASP-2,2026-08-24T06:45:16.891,61276.281,60.0,Clear,61.222,41,1009.0,3795,0,61276.28144549768,3.0243833328131586,WASP-2,False,True,False,True
observations/2026-08-24/WASP-2/session_01/WASP-2260824064815.fits,2026-08-24,WASP-2,2026-08-24T06:48:15.312,61276.284,60.0,Clear,60.877,41,907.0,3303,0,61276.28351055556,2.973683337913826,WASP-2,False,True,False,False
observations/2026-08-24/WASP-2/session_01/WASP-2260824065115.fits,2026-08-24,WASP-2,2026-08-24T06:51:15.705,61276.286,60.0,Clear,60.515,41,971.0,3501,0,61276.2855984375,3.0065499956253916,WASP-2,False,True,False,False
observations/2026-08-24/WASP-2/session_01/WASP-2260824065416.fits,2026-08-24,WASP-2,2026-08-24T06:54:16.053,61276.288,60.0,Clear,60.143,41,990.0,3389,0,61276.28768579861,3.00580000388436,WASP-2,False,True,False,False
observations/2026-08-24/WASP-2/session_01/WASP-2260824065715.fits,2026-08-24,WASP-2,2026-08-24T06:57:15.424,61276.29,60.0,Clear,59.76,41,961.0,3534,0,61276.289761851855,2.989516669185832,WASP-2,False,True,False,False
observations/2026-08-24/WASP-2/session_01/WASP-2260824070015.fits,2026-08-24,WASP-2,2026-08-24T07:00:15.856,61276.292,60.0,Clear,59.365,41,1015.0,3416,0,61276.29185018518,3.0071999912615865,WASP-2,False,True,False,True
observations/2026-08-24/WASP-2/session_01/WASP-2260824070315.fits,2026-08-24,WASP-2,2026-08-24T07:03:15.326,61276.294,60.0,Clear,58.959,42,1094.0,3502,0,61276.29392738426,2.9911666677799076,WASP-2,False,True,False,True
observations/2026-08-24/WASP-2/session_01/WASP-2260824070615.fits,2026-08-24,WASP-2,2026-08-24T07:06:15.690,61276.296,60.0,Clear,58.544,42,1027.0,3557,0,61276.29601493056,3.0060666741337627,WASP-2,False,True,False,True
observations/2026-08-24/WASP-2/session_01/WASP-2260824070916.fits,2026-08-24,WASP-2,2026-08-24T07:09:16.135,61276.298,60.0,Clear,58.115,42,940.0,3851,0,61276.29810341435,3.007416663458571,WASP-2,False,True,False,False
observations/2026-08-24/WASP-2/session_01/WASP-2260824071215.fits,2026-08-24,WASP-2,2026-08-24T07:12:15.530,61276.3,60.0,Clear,57.682,42,1005.0,4095,2,61276.30017974537,2.989916664082557,WASP-2,False,True,True,True
observations/2026-08-24/WASP-2/session_01/WASP-2260824071515.fits,2026-08-24,WASP-2,2026-08-24T07:15:15.898,61276.302,60.0,Clear,57.238,42,842.0,4095,11,61276.30226733796,3.0061333312187344,WASP-2,False,True,True,False
observations/2026-08-24/WASP-2/session_01/WASP-2260824071815.fits,2026-08-24,WASP-2,2026-08-24T07:18:15.311,61276.304,60.0,Clear,56.784,42,770.0,4095,21,61276.30434387732,2.9902166733518243,WASP-2,False,True,True,False
observations/2026-08-24/WASP-2/session_01/WASP-2260824072115.fits,2026-08-24,WASP-2,2026-08-24T07:21:15.686,61276.306,60.0,Clear,56.322,42,743.0,4095,23,61276.306431550925,3.0062499968335032,WASP-2,False,True,True,False
observations/2026-08-24/WASP-2/session_01/WASP-2260824072416.fits,2026-08-24,WASP-2,2026-08-24T07:24:16.019,61276.309,60.0,Clear,55.853,42,582.0,4095,29,61276.30851873843,3.00555000314489,WASP-2,False,True,True,False
observations/2026-08-24/WASP-2/session_01/WASP-2260824072716.fits,2026-08-24,WASP-2,2026-08-24T07:27:16.402,61276.311,60.0,Clear,55.375,42,827.0,4095,17,61276.31060650463,3.0063833319582045,WASP-2,False,True,True,False
observations/2026-08-24/WASP-2/session_01/WASP-2260824073015.fits,2026-08-24,WASP-2,2026-08-24T07:30:15.816,61276.313,60.0,Clear,54.89,42,617.0,3109,0,61276.312683055556,2.9902333323843777,WASP-2,False,True,False,False
observations/2026-08-24/WASP-2/session_01/WASP-2260824073315.fits,2026-08-24,WASP-2,2026-08-24T07:33:15.185,61276.315,60.0,Clear,54.401,61,824.0,3397,0,61276.314759085646,2.9894833301659673,WASP-2,False,False,False,False
observations/2026-08-24/WASP-2/session_01/WASP-2260824073615.fits,2026-08-24,WASP-2,2026-08-24T07:36:15.533,61276.317,60.0,Clear,53.899,61,879.0,4095,4,61276.31684644676,3.00580000388436,WASP-2,False,False,True,False
observations/2026-08-24/WASP-2/session_01/WASP-2260824073915.fits,2026-08-24,WASP-2,2026-08-24T07:39:15.978,61276.319,60.0,Clear,53.394,61,629.0,4095,29,61276.318934930554,3.007416663458571,WASP-2,False,False,True,False
observations/2026-08-24/WASP-2/session_01/WASP-2260824074215.fits,2026-08-24,WASP-2,2026-08-24T07:42:15.350,61276.321,60.0,Clear,52.882,61,604.0,4095,3,61276.32101099537,2.9895333386957645,WASP-2,False,False,True,False
observations/2026-08-24/WASP-2/session_01/WASP-2260824074515.fits,2026-08-24,WASP-2,2026-08-24T07:45:15.661,61276.323,60.0,Clear,52.364,61,582.0,4095,33,61276.32309792824,3.005183326313272,WASP-2,False,False,True,False
observations/2026-08-24/WASP-2/session_01/WASP-2260824074815.fits,2026-08-24,WASP-2,2026-08-24T07:48:15.975,61276.325,60.0,Clear,51.841,61,726.0,3214,0,61276.32518489583,3.0052333348430693,WASP-2,False,False,False,False
observations/2026-08-24/WASP-2/session_01/WASP-2260824075115.fits,2026-08-24,WASP-2,2026-08-24T07:51:15.384,61276.327,60.0,Clear,51.312,61,704.0,4095,29,61276.32726138889,2.9901500057894737,WASP-2,False,False,True,False
observations/2026-08-24/WASP-2/session_01/WASP-2260824075416.fits,2026-08-24,WASP-2,2026-08-24T07:54:16.831,61276.329,60.0,Clear,50.778,61,658.0,4095,32,61276.32936146991,3.024116662563756,WASP-2,False,False,True,False
observations/2026-08-24/WASP-2/session_01/WASP-2260824075715.fits,2026-08-24,WASP-2,2026-08-24T07:57:15.233,61276.331,60.0,Clear,50.242,61,959.0,3553,0,61276.33142630787,2.9733666696120054,WASP-2,False,False,False,False
observations/2026-08-24/WASP-2/session_01/WASP-2260824080015.fits,2026-08-24,WASP-2,2026-08-24T08:00:15.668,61276.334,60.0,Clear,49.696,61,608.0,4095,37,61276.33351467593,3.0072499997913837,WASP-2,False,False,True,False
observations/2026-08-24/WASP-2/session_01/WASP-2260824080316.fits,2026-08-24,WASP-2,2026-08-24T08:03:16.078,61276.336,60.0,Clear,49.147,83,925.0,3537,0,61276.33560275463,3.0068333353847265,WASP-2,False,False,False,False
observations/2026-08-24/WASP-2/session_01/WASP-2260824080615.fits,2026-08-24,WASP-2,2026-08-24T08:06:15.465,61276.338,60.0,Clear,48.594,83,712.0,3198,0,61276.337678993055,2.9897833289578557,WASP-2,False,False,False,False
observations/2026-08-24/WASP-2/session_01/WASP-2260824080915.fits,2026-08-24,WASP-2,2026-08-24T08:09:15.785,61276.34,60.0,Clear,48.037,83,568.0,4095,15,61276.33976603009,3.005333330947906,WASP-2,False,False,True,False
observations/2026-08-24/WASP-2/session_01/WASP-2260824081215.fits,2026-08-24,WASP-2,2026-08-24T08:12:15.341,61276.342,60.0,Clear,47.48,83,556.0,4095,31,61276.34184422454,2.9926000046543777,WASP-2,False,False,True,False
observations/2026-08-24/WASP-2/session_01/WASP-2260824081515.fits,2026-08-24,WASP-2,2026-08-24T08:15:15.751,61276.344,60.0,Clear,46.912,83,657.0,4095,19,61276.34393230324,3.0068333353847265,WASP-2,False,False,True,False
observations/2026-08-24/WASP-2/session_01/WASP-2260824081816.fits,2026-08-24,WASP-2,2026-08-24T08:18:16.150,61276.346,60.0,Clear,46.343,83,496.0,4095,2,61276.34602025463,3.006649991730228,WASP-2,False,False,True,False
observations/2026-08-24/WASP-2/session_01/WASP-2260824082115.fits,2026-08-24,WASP-2,2026-08-24T08:21:15.538,61276.348,60.0,Clear,45.771,83,454.0,2983,0,61276.34809650463,2.989800008945167,WASP-2,False,False,False,False
observations/2026-08-24/WASP-2/session_01/WASP-2260824082415.fits,2026-08-24,WASP-2,2026-08-24T08:24:15.968,61276.35,60.0,Clear,45.195,83,447.0,3057,0,61276.350184814815,3.0071666627191007,WASP-2,False,False,False,False
observations/2026-08-24/WASP-2/session_01/WASP-2260824082715.fits,2026-08-24,WASP-2,2026-08-24T08:27:15.273,61276.352,60.0,Clear,44.617,83,492.0,2955,0,61276.35226010417,2.988416670123115,WASP-2,False,False,False,False
observations/2026-08-24/WASP-2/session_01/WASP-2260824083015.fits,2026-08-24,WASP-2,2026-08-24T08:30:15.718,61276.354,60.0,Clear,44.035,83,466.0,2918,0,61276.35434858796,3.007416663458571,WASP-2,False,False,False,False
observations/2026-08-24/WASP-2/session_01/WASP-2260824083316.fits,2026-08-24,WASP-2,2026-08-24T08:33:16.153,61276.356,60.0,Clear,43.446,88,473.0,2929,0,61276.35643695602,3.0072499997913837,WASP-2,False,False,False,False
observations/2026-08-24/WASP-2/session_01/WASP-2260824083615.fits,2026-08-24,WASP-2,2026-08-24T08:36:15.447,61276.359,60.0,Clear,42.862,88,487.0,4095,4,61276.35851211806,2.9882333369459957,WASP-2,False,False,True,False
observations/2026-08-24/WASP-2/session_01/WASP-2260824083916.fits,2026-08-24,WASP-2,2026-08-24T08:39:16.874,61276.361,60.0,Clear,42.268,88,491.0,4095,19,61276.36061196759,3.023783324752003,WASP-2,False,False,True,False
